country,subcategory_title_fixed,article_title,date,views,year played
Australia,Culture of Australia,Bluey_(TV_series),2026-06-01,2927,2026.0
Australia,Culture of Australia,Bluey_(TV_series),2026-06-02,2876,2026.0
Australia,Culture of Australia,Bluey_(TV_series),2026-06-03,2768,2026.0
Australia,Culture of Australia,Bluey_(TV_series),2026-06-04,2953,2026.0
Australia,Culture of Australia,Bluey_(TV_series),2026-06-05,2878,2026.0
Australia,Culture of Australia,Bluey_(TV_series),2026-06-06,3067,2026.0
Australia,Culture of Australia,Bluey_(TV_series),2026-06-07,3386,2026.0
Australia,Culture of Australia,Bluey_(TV_series),2026-06-08,3061,2026.0
Australia,Culture of Australia,Bluey_(TV_series),2026-06-09,2800,2026.0
Australia,Culture of Australia,Bluey_(TV_series),2026-06-10,2674,2026.0
Australia,Culture of Australia,Bluey_(TV_series),2026-06-11,2851,2026.0
Australia,Culture of Australia,Bluey_(TV_series),2026-06-12,2787,2026.0
Australia,Culture of Australia,Bluey_(TV_series),2026-06-13,2927,2026.0
Australia,Culture of Australia,Bluey_(TV_series),2026-06-14,3035,2026.0
Australia,Culture of Australia,Bluey_(TV_series),2026-06-15,2800,2026.0
Australia,Culture of Australia,Bluey_(TV_series),2026-06-16,2751,2026.0
Australia,Culture of Australia,Bluey_(TV_series),2026-06-17,2913,2026.0
Australia,Culture of Australia,Bluey_(TV_series),2026-06-18,2789,2026.0
Australia,Culture of Australia,Bluey_(TV_series),2026-06-19,2990,2026.0
Australia,Culture of Australia,Bluey_(TV_series),2026-06-20,3161,2026.0
Australia,Culture of Australia,Bluey_(TV_series),2026-06-21,3104,2026.0
Australia,Culture of Australia,Bluey_(TV_series),2026-06-22,2974,2026.0
Australia,Culture of Australia,Bluey_(TV_series),2026-06-23,2789,2026.0
Australia,Culture of Australia,Bluey_(TV_series),2026-06-24,2645,2026.0
Australia,Culture of Australia,Bluey_(TV_series),2026-06-25,2801,2026.0
Australia,Culture of Australia,Bluey_(TV_series),2026-06-26,2821,2026.0
Australia,Culture of Australia,Bluey_(TV_series),2026-06-27,3073,2026.0
Australia,Culture of Australia,Bluey_(TV_series),2026-06-28,3317,2026.0
Australia,Culture of Australia,Bluey_(TV_series),2026-06-29,2904,2026.0
Australia,Culture of Australia,Bluey_(TV_series),2026-06-30,2666,2026.0
Australia,Culture of Australia,Bluey_(TV_series),2026-07-01,2622,2026.0
Australia,Culture of Australia,Bluey_(TV_series),2026-07-02,2674,2026.0
Australia,Culture of Australia,Bluey_(TV_series),2026-07-03,2797,2026.0
Australia,Culture of Australia,Bluey_(TV_series),2026-07-04,2919,2026.0
Australia,Culture of Australia,Bluey_(TV_series),2026-07-05,3165,2026.0
Australia,Culture of Australia,Bluey_(TV_series),2026-07-06,2838,2026.0
Australia,Culture of Australia,Bluey_(TV_series),2026-07-07,2616,2026.0
Australia,Culture of Australia,Bluey_(TV_series),2026-07-08,3023,2026.0
Australia,Culture of Australia,Bluey_(TV_series),2026-07-09,3005,2026.0
Australia,Culture of Australia,Bluey_(TV_series),2026-07-10,2870,2026.0
Australia,Culture of Australia,Bluey_(TV_series),2026-07-11,3084,2026.0
Australia,Culture of Australia,Bluey_(TV_series),2026-07-12,3181,2026.0
Australia,Culture of Australia,Bluey_(TV_series),2026-07-13,2956,2026.0
Australia,Culture of Australia,Bluey_(TV_series),2026-07-14,2878,2026.0
Australia,Culture of Australia,Bluey_(TV_series),2026-07-15,3016,2026.0
Australia,Culture of Australia,Bluey_(TV_series),2026-07-16,2934,2026.0
Australia,Culture of Australia,Bluey_(TV_series),2026-07-17,2973,2026.0
Australia,Culture of Australia,Bluey_(TV_series),2026-07-18,3570,2026.0
Australia,Culture of Australia,Bluey_(TV_series),2026-07-19,3619,2026.0
Australia,Culture of Australia,Bluey_(TV_series),2026-07-20,2933,2026.0
Australia,Culture of Australia,Bluey_(TV_series),2026-07-21,3052,2026.0
Australia,Culture of Australia,Bluey_(TV_series),2026-07-22,2767,2026.0
Australia,Culture of Australia,Bluey_(TV_series),2026-07-23,2858,2026.0
Australia,Culture of Australia,Bluey_(TV_series),2026-07-24,2827,2026.0
Australia,Culture of Australia,Bluey_(TV_series),2026-07-25,3190,2026.0
Australia,Culture of Australia,Bluey_(TV_series),2026-07-26,3540,2026.0
Australia,Culture of Australia,Bluey_(TV_series),2026-07-27,2969,2026.0
Australia,Culture of Australia,Bluey_(TV_series),2026-07-28,2997,2026.0
Australia,Culture of Australia,Bluey_(TV_series),2026-07-29,2955,2026.0
Australia,Culture of Australia,Bluey_(TV_series),2026-07-30,2753,2026.0
Australia,Politics of Australia,Australian_Government,2026-06-01,465,2026.0
Australia,Politics of Australia,Australian_Government,2026-06-02,479,2026.0
Australia,Politics of Australia,Australian_Government,2026-06-03,405,2026.0
Australia,Politics of Australia,Australian_Government,2026-06-04,394,2026.0
Australia,Politics of Australia,Australian_Government,2026-06-05,426,2026.0
Australia,Politics of Australia,Australian_Government,2026-06-06,341,2026.0
Australia,Politics of Australia,Australian_Government,2026-06-07,347,2026.0
Australia,Politics of Australia,Australian_Government,2026-06-08,413,2026.0
Australia,Politics of Australia,Australian_Government,2026-06-09,379,2026.0
Australia,Politics of Australia,Australian_Government,2026-06-10,424,2026.0
Australia,Politics of Australia,Australian_Government,2026-06-11,386,2026.0
Australia,Politics of Australia,Australian_Government,2026-06-12,334,2026.0
Australia,Politics of Australia,Australian_Government,2026-06-13,351,2026.0
Australia,Politics of Australia,Australian_Government,2026-06-14,342,2026.0
Australia,Politics of Australia,Australian_Government,2026-06-15,433,2026.0
Australia,Politics of Australia,Australian_Government,2026-06-16,370,2026.0
Australia,Politics of Australia,Australian_Government,2026-06-17,426,2026.0
Australia,Politics of Australia,Australian_Government,2026-06-18,415,2026.0
Australia,Politics of Australia,Australian_Government,2026-06-19,417,2026.0
Australia,Politics of Australia,Australian_Government,2026-06-20,424,2026.0
Australia,Politics of Australia,Australian_Government,2026-06-21,370,2026.0
Australia,Politics of Australia,Australian_Government,2026-06-22,447,2026.0
Australia,Politics of Australia,Australian_Government,2026-06-23,425,2026.0
Australia,Politics of Australia,Australian_Government,2026-06-24,410,2026.0
Australia,Politics of Australia,Australian_Government,2026-06-25,409,2026.0
Australia,Politics of Australia,Australian_Government,2026-06-26,341,2026.0
Australia,Politics of Australia,Australian_Government,2026-06-27,301,2026.0
Australia,Politics of Australia,Australian_Government,2026-06-28,296,2026.0
Australia,Politics of Australia,Australian_Government,2026-06-29,499,2026.0
Australia,Politics of Australia,Australian_Government,2026-06-30,312,2026.0
Australia,Politics of Australia,Australian_Government,2026-07-01,377,2026.0
Australia,Politics of Australia,Australian_Government,2026-07-02,367,2026.0
Australia,Politics of Australia,Australian_Government,2026-07-03,339,2026.0
Australia,Politics of Australia,Australian_Government,2026-07-04,289,2026.0
Australia,Politics of Australia,Australian_Government,2026-07-05,337,2026.0
Australia,Politics of Australia,Australian_Government,2026-07-06,355,2026.0
Australia,Politics of Australia,Australian_Government,2026-07-07,327,2026.0
Australia,Politics of Australia,Australian_Government,2026-07-08,399,2026.0
Australia,Politics of Australia,Australian_Government,2026-07-09,464,2026.0
Australia,Politics of Australia,Australian_Government,2026-07-10,376,2026.0
Australia,Politics of Australia,Australian_Government,2026-07-11,289,2026.0
Australia,Politics of Australia,Australian_Government,2026-07-12,295,2026.0
Australia,Politics of Australia,Australian_Government,2026-07-13,323,2026.0
Australia,Politics of Australia,Australian_Government,2026-07-14,355,2026.0
Australia,Politics of Australia,Australian_Government,2026-07-15,325,2026.0
Australia,Politics of Australia,Australian_Government,2026-07-16,303,2026.0
Australia,Politics of Australia,Australian_Government,2026-07-17,331,2026.0
Australia,Politics of Australia,Australian_Government,2026-07-18,271,2026.0
Australia,Politics of Australia,Australian_Government,2026-07-19,321,2026.0
Australia,Politics of Australia,Australian_Government,2026-07-20,337,2026.0
Australia,Politics of Australia,Australian_Government,2026-07-21,348,2026.0
Australia,Politics of Australia,Australian_Government,2026-07-22,372,2026.0
Australia,Politics of Australia,Australian_Government,2026-07-23,293,2026.0
Australia,Politics of Australia,Australian_Government,2026-07-24,321,2026.0
Australia,Politics of Australia,Australian_Government,2026-07-25,255,2026.0
Australia,Politics of Australia,Australian_Government,2026-07-26,304,2026.0
Australia,Politics of Australia,Australian_Government,2026-07-27,366,2026.0
Australia,Politics of Australia,Australian_Government,2026-07-28,402,2026.0
Australia,Politics of Australia,Australian_Government,2026-07-29,343,2026.0
Australia,Politics of Australia,Australian_Government,2026-07-30,308,2026.0
Australia,Politics of Australia,Australian_House_of_Representatives,2026-06-01,1128,2026.0
Australia,Politics of Australia,Australian_House_of_Representatives,2026-06-02,1100,2026.0
Australia,Politics of Australia,Australian_House_of_Representatives,2026-06-03,787,2026.0
Australia,Politics of Australia,Australian_House_of_Representatives,2026-06-04,901,2026.0
Australia,Politics of Australia,Australian_House_of_Representatives,2026-06-05,756,2026.0
Australia,Politics of Australia,Australian_House_of_Representatives,2026-06-06,587,2026.0
Australia,Politics of Australia,Australian_House_of_Representatives,2026-06-07,658,2026.0
Australia,Politics of Australia,Australian_House_of_Representatives,2026-06-08,841,2026.0
Australia,Politics of Australia,Australian_House_of_Representatives,2026-06-09,761,2026.0
Australia,Politics of Australia,Australian_House_of_Representatives,2026-06-10,740,2026.0
Australia,Politics of Australia,Australian_House_of_Representatives,2026-06-11,808,2026.0
Australia,Politics of Australia,Australian_House_of_Representatives,2026-06-12,798,2026.0
Australia,Politics of Australia,Australian_House_of_Representatives,2026-06-13,640,2026.0
Australia,Politics of Australia,Australian_House_of_Representatives,2026-06-14,777,2026.0
Australia,Politics of Australia,Australian_House_of_Representatives,2026-06-15,791,2026.0
Australia,Politics of Australia,Australian_House_of_Representatives,2026-06-16,767,2026.0
Australia,Politics of Australia,Australian_House_of_Representatives,2026-06-17,834,2026.0
Australia,Politics of Australia,Australian_House_of_Representatives,2026-06-18,777,2026.0
Australia,Politics of Australia,Australian_House_of_Representatives,2026-06-19,713,2026.0
Australia,Politics of Australia,Australian_House_of_Representatives,2026-06-20,514,2026.0
Australia,Politics of Australia,Australian_House_of_Representatives,2026-06-21,594,2026.0
Australia,Politics of Australia,Australian_House_of_Representatives,2026-06-22,858,2026.0
Australia,Politics of Australia,Australian_House_of_Representatives,2026-06-23,741,2026.0
Australia,Politics of Australia,Australian_House_of_Representatives,2026-06-24,710,2026.0
Australia,Politics of Australia,Australian_House_of_Representatives,2026-06-25,1460,2026.0
Australia,Politics of Australia,Australian_House_of_Representatives,2026-06-26,823,2026.0
Australia,Politics of Australia,Australian_House_of_Representatives,2026-06-27,673,2026.0
Australia,Politics of Australia,Australian_House_of_Representatives,2026-06-28,866,2026.0
Australia,Politics of Australia,Australian_House_of_Representatives,2026-06-29,893,2026.0
Australia,Politics of Australia,Australian_House_of_Representatives,2026-06-30,681,2026.0
Australia,Politics of Australia,Australian_House_of_Representatives,2026-07-01,607,2026.0
Australia,Politics of Australia,Australian_House_of_Representatives,2026-07-02,674,2026.0
Australia,Politics of Australia,Australian_House_of_Representatives,2026-07-03,658,2026.0
Australia,Politics of Australia,Australian_House_of_Representatives,2026-07-04,573,2026.0
Australia,Politics of Australia,Australian_House_of_Representatives,2026-07-05,553,2026.0
Australia,Politics of Australia,Australian_House_of_Representatives,2026-07-06,689,2026.0
Australia,Politics of Australia,Australian_House_of_Representatives,2026-07-07,585,2026.0
Australia,Politics of Australia,Australian_House_of_Representatives,2026-07-08,587,2026.0
Australia,Politics of Australia,Australian_House_of_Representatives,2026-07-09,606,2026.0
Australia,Politics of Australia,Australian_House_of_Representatives,2026-07-10,629,2026.0
Australia,Politics of Australia,Australian_House_of_Representatives,2026-07-11,573,2026.0
Australia,Politics of Australia,Australian_House_of_Representatives,2026-07-12,604,2026.0
Australia,Politics of Australia,Australian_House_of_Representatives,2026-07-13,612,2026.0
Australia,Politics of Australia,Australian_House_of_Representatives,2026-07-14,627,2026.0
Australia,Politics of Australia,Australian_House_of_Representatives,2026-07-15,655,2026.0
Australia,Politics of Australia,Australian_House_of_Representatives,2026-07-16,586,2026.0
Australia,Politics of Australia,Australian_House_of_Representatives,2026-07-17,590,2026.0
Australia,Politics of Australia,Australian_House_of_Representatives,2026-07-18,469,2026.0
Australia,Politics of Australia,Australian_House_of_Representatives,2026-07-19,536,2026.0
Australia,Politics of Australia,Australian_House_of_Representatives,2026-07-20,559,2026.0
Australia,Politics of Australia,Australian_House_of_Representatives,2026-07-21,691,2026.0
Australia,Politics of Australia,Australian_House_of_Representatives,2026-07-22,664,2026.0
Australia,Politics of Australia,Australian_House_of_Representatives,2026-07-23,590,2026.0
Australia,Politics of Australia,Australian_House_of_Representatives,2026-07-24,556,2026.0
Australia,Politics of Australia,Australian_House_of_Representatives,2026-07-25,474,2026.0
Australia,Politics of Australia,Australian_House_of_Representatives,2026-07-26,511,2026.0
Australia,Politics of Australia,Australian_House_of_Representatives,2026-07-27,765,2026.0
Australia,Politics of Australia,Australian_House_of_Representatives,2026-07-28,888,2026.0
Australia,Politics of Australia,Australian_House_of_Representatives,2026-07-29,656,2026.0
Australia,Politics of Australia,Australian_House_of_Representatives,2026-07-30,563,2026.0
Australia,Education in Australia,Graduate_diploma,2026-06-01,529,2026.0
Australia,Education in Australia,Graduate_diploma,2026-06-02,426,2026.0
Australia,Education in Australia,Graduate_diploma,2026-06-03,427,2026.0
Australia,Education in Australia,Graduate_diploma,2026-06-04,434,2026.0
Australia,Education in Australia,Graduate_diploma,2026-06-05,451,2026.0
Australia,Education in Australia,Graduate_diploma,2026-06-06,451,2026.0
Australia,Education in Australia,Graduate_diploma,2026-06-07,474,2026.0
Australia,Education in Australia,Graduate_diploma,2026-06-08,734,2026.0
Australia,Education in Australia,Graduate_diploma,2026-06-09,580,2026.0
Australia,Education in Australia,Graduate_diploma,2026-06-10,551,2026.0
Australia,Education in Australia,Graduate_diploma,2026-06-11,440,2026.0
Australia,Education in Australia,Graduate_diploma,2026-06-12,442,2026.0
Australia,Education in Australia,Graduate_diploma,2026-06-13,555,2026.0
Australia,Education in Australia,Graduate_diploma,2026-06-14,475,2026.0
Australia,Education in Australia,Graduate_diploma,2026-06-15,441,2026.0
Australia,Education in Australia,Graduate_diploma,2026-06-16,395,2026.0
Australia,Education in Australia,Graduate_diploma,2026-06-17,430,2026.0
Australia,Education in Australia,Graduate_diploma,2026-06-18,429,2026.0
Australia,Education in Australia,Graduate_diploma,2026-06-19,592,2026.0
Australia,Education in Australia,Graduate_diploma,2026-06-20,544,2026.0
Australia,Education in Australia,Graduate_diploma,2026-06-21,469,2026.0
Australia,Education in Australia,Graduate_diploma,2026-06-22,423,2026.0
Australia,Education in Australia,Graduate_diploma,2026-06-23,396,2026.0
Australia,Education in Australia,Graduate_diploma,2026-06-24,369,2026.0
Australia,Education in Australia,Graduate_diploma,2026-06-25,328,2026.0
Australia,Education in Australia,Graduate_diploma,2026-06-26,415,2026.0
Australia,Education in Australia,Graduate_diploma,2026-06-27,496,2026.0
Australia,Education in Australia,Graduate_diploma,2026-06-28,543,2026.0
Australia,Education in Australia,Graduate_diploma,2026-06-29,480,2026.0
Australia,Education in Australia,Graduate_diploma,2026-06-30,412,2026.0
Australia,Education in Australia,Graduate_diploma,2026-07-01,419,2026.0
Australia,Education in Australia,Graduate_diploma,2026-07-02,427,2026.0
Australia,Education in Australia,Graduate_diploma,2026-07-03,511,2026.0
Australia,Education in Australia,Graduate_diploma,2026-07-04,422,2026.0
Australia,Education in Australia,Graduate_diploma,2026-07-05,569,2026.0
Australia,Education in Australia,Graduate_diploma,2026-07-06,434,2026.0
Australia,Education in Australia,Graduate_diploma,2026-07-07,399,2026.0
Australia,Education in Australia,Graduate_diploma,2026-07-08,704,2026.0
Australia,Education in Australia,Graduate_diploma,2026-07-09,561,2026.0
Australia,Education in Australia,Graduate_diploma,2026-07-10,657,2026.0
Australia,Education in Australia,Graduate_diploma,2026-07-11,531,2026.0
Australia,Education in Australia,Graduate_diploma,2026-07-12,542,2026.0
Australia,Education in Australia,Graduate_diploma,2026-07-13,543,2026.0
Australia,Education in Australia,Graduate_diploma,2026-07-14,634,2026.0
Australia,Education in Australia,Graduate_diploma,2026-07-15,826,2026.0
Australia,Education in Australia,Graduate_diploma,2026-07-16,865,2026.0
Australia,Education in Australia,Graduate_diploma,2026-07-17,1519,2026.0
Australia,Education in Australia,Graduate_diploma,2026-07-18,1177,2026.0
Australia,Education in Australia,Graduate_diploma,2026-07-19,1284,2026.0
Australia,Education in Australia,Graduate_diploma,2026-07-20,921,2026.0
Australia,Education in Australia,Graduate_diploma,2026-07-21,939,2026.0
Australia,Education in Australia,Graduate_diploma,2026-07-22,860,2026.0
Australia,Education in Australia,Graduate_diploma,2026-07-23,1531,2026.0
Australia,Education in Australia,Graduate_diploma,2026-07-24,2102,2026.0
Australia,Education in Australia,Graduate_diploma,2026-07-25,1765,2026.0
Australia,Education in Australia,Graduate_diploma,2026-07-26,1610,2026.0
Australia,Education in Australia,Graduate_diploma,2026-07-27,1323,2026.0
Australia,Education in Australia,Graduate_diploma,2026-07-28,1331,2026.0
Australia,Education in Australia,Graduate_diploma,2026-07-29,1359,2026.0
Australia,Education in Australia,Graduate_diploma,2026-07-30,1588,2026.0
Australia,Government of Australia,Australian_Government,2026-06-01,465,2026.0
Australia,Government of Australia,Australian_Government,2026-06-02,479,2026.0
Australia,Government of Australia,Australian_Government,2026-06-03,405,2026.0
Australia,Government of Australia,Australian_Government,2026-06-04,394,2026.0
Australia,Government of Australia,Australian_Government,2026-06-05,426,2026.0
Australia,Government of Australia,Australian_Government,2026-06-06,341,2026.0
Australia,Government of Australia,Australian_Government,2026-06-07,347,2026.0
Australia,Government of Australia,Australian_Government,2026-06-08,413,2026.0
Australia,Government of Australia,Australian_Government,2026-06-09,379,2026.0
Australia,Government of Australia,Australian_Government,2026-06-10,424,2026.0
Australia,Government of Australia,Australian_Government,2026-06-11,386,2026.0
Australia,Government of Australia,Australian_Government,2026-06-12,334,2026.0
Australia,Government of Australia,Australian_Government,2026-06-13,351,2026.0
Australia,Government of Australia,Australian_Government,2026-06-14,342,2026.0
Australia,Government of Australia,Australian_Government,2026-06-15,433,2026.0
Australia,Government of Australia,Australian_Government,2026-06-16,370,2026.0
Australia,Government of Australia,Australian_Government,2026-06-17,426,2026.0
Australia,Government of Australia,Australian_Government,2026-06-18,415,2026.0
Australia,Government of Australia,Australian_Government,2026-06-19,417,2026.0
Australia,Government of Australia,Australian_Government,2026-06-20,424,2026.0
Australia,Government of Australia,Australian_Government,2026-06-21,370,2026.0
Australia,Government of Australia,Australian_Government,2026-06-22,447,2026.0
Australia,Government of Australia,Australian_Government,2026-06-23,425,2026.0
Australia,Government of Australia,Australian_Government,2026-06-24,410,2026.0
Australia,Government of Australia,Australian_Government,2026-06-25,409,2026.0
Australia,Government of Australia,Australian_Government,2026-06-26,341,2026.0
Australia,Government of Australia,Australian_Government,2026-06-27,301,2026.0
Australia,Government of Australia,Australian_Government,2026-06-28,296,2026.0
Australia,Government of Australia,Australian_Government,2026-06-29,499,2026.0
Australia,Government of Australia,Australian_Government,2026-06-30,312,2026.0
Australia,Government of Australia,Australian_Government,2026-07-01,377,2026.0
Australia,Government of Australia,Australian_Government,2026-07-02,367,2026.0
Australia,Government of Australia,Australian_Government,2026-07-03,339,2026.0
Australia,Government of Australia,Australian_Government,2026-07-04,289,2026.0
Australia,Government of Australia,Australian_Government,2026-07-05,337,2026.0
Australia,Government of Australia,Australian_Government,2026-07-06,355,2026.0
Australia,Government of Australia,Australian_Government,2026-07-07,327,2026.0
Australia,Government of Australia,Australian_Government,2026-07-08,399,2026.0
Australia,Government of Australia,Australian_Government,2026-07-09,464,2026.0
Australia,Government of Australia,Australian_Government,2026-07-10,376,2026.0
Australia,Government of Australia,Australian_Government,2026-07-11,289,2026.0
Australia,Government of Australia,Australian_Government,2026-07-12,295,2026.0
Australia,Government of Australia,Australian_Government,2026-07-13,323,2026.0
Australia,Government of Australia,Australian_Government,2026-07-14,355,2026.0
Australia,Government of Australia,Australian_Government,2026-07-15,325,2026.0
Australia,Government of Australia,Australian_Government,2026-07-16,303,2026.0
Australia,Government of Australia,Australian_Government,2026-07-17,331,2026.0
Australia,Government of Australia,Australian_Government,2026-07-18,271,2026.0
Australia,Government of Australia,Australian_Government,2026-07-19,321,2026.0
Australia,Government of Australia,Australian_Government,2026-07-20,337,2026.0
Australia,Government of Australia,Australian_Government,2026-07-21,348,2026.0
Australia,Government of Australia,Australian_Government,2026-07-22,372,2026.0
Australia,Government of Australia,Australian_Government,2026-07-23,293,2026.0
Australia,Government of Australia,Australian_Government,2026-07-24,321,2026.0
Australia,Government of Australia,Australian_Government,2026-07-25,255,2026.0
Australia,Government of Australia,Australian_Government,2026-07-26,304,2026.0
Australia,Government of Australia,Australian_Government,2026-07-27,366,2026.0
Australia,Government of Australia,Australian_Government,2026-07-28,402,2026.0
Australia,Government of Australia,Australian_Government,2026-07-29,343,2026.0
Australia,Government of Australia,Australian_Government,2026-07-30,308,2026.0
Belgium,Culture of Belgium,The_Adventures_of_Tintin,2026-06-01,1688,2026.0
Belgium,Culture of Belgium,The_Adventures_of_Tintin,2026-06-02,1709,2026.0
Belgium,Culture of Belgium,The_Adventures_of_Tintin,2026-06-03,1824,2026.0
Belgium,Culture of Belgium,The_Adventures_of_Tintin,2026-06-04,1732,2026.0
Belgium,Culture of Belgium,The_Adventures_of_Tintin,2026-06-05,1634,2026.0
Belgium,Culture of Belgium,The_Adventures_of_Tintin,2026-06-06,1999,2026.0
Belgium,Culture of Belgium,The_Adventures_of_Tintin,2026-06-07,1999,2026.0
Belgium,Culture of Belgium,The_Adventures_of_Tintin,2026-06-08,1943,2026.0
Belgium,Culture of Belgium,The_Adventures_of_Tintin,2026-06-09,1975,2026.0
Belgium,Culture of Belgium,The_Adventures_of_Tintin,2026-06-10,1533,2026.0
Belgium,Culture of Belgium,The_Adventures_of_Tintin,2026-06-11,1547,2026.0
Belgium,Culture of Belgium,The_Adventures_of_Tintin,2026-06-12,1496,2026.0
Belgium,Culture of Belgium,The_Adventures_of_Tintin,2026-06-13,1483,2026.0
Belgium,Culture of Belgium,The_Adventures_of_Tintin,2026-06-14,1589,2026.0
Belgium,Culture of Belgium,The_Adventures_of_Tintin,2026-06-15,1654,2026.0
Belgium,Culture of Belgium,The_Adventures_of_Tintin,2026-06-16,1548,2026.0
Belgium,Culture of Belgium,The_Adventures_of_Tintin,2026-06-17,1486,2026.0
Belgium,Culture of Belgium,The_Adventures_of_Tintin,2026-06-18,1393,2026.0
Belgium,Culture of Belgium,The_Adventures_of_Tintin,2026-06-19,1391,2026.0
Belgium,Culture of Belgium,The_Adventures_of_Tintin,2026-06-20,1440,2026.0
Belgium,Culture of Belgium,The_Adventures_of_Tintin,2026-06-21,1738,2026.0
Belgium,Culture of Belgium,The_Adventures_of_Tintin,2026-06-22,1602,2026.0
Belgium,Culture of Belgium,The_Adventures_of_Tintin,2026-06-23,1406,2026.0
Belgium,Culture of Belgium,The_Adventures_of_Tintin,2026-06-24,1441,2026.0
Belgium,Culture of Belgium,The_Adventures_of_Tintin,2026-06-25,1482,2026.0
Belgium,Culture of Belgium,The_Adventures_of_Tintin,2026-06-26,1733,2026.0
Belgium,Culture of Belgium,The_Adventures_of_Tintin,2026-06-27,1689,2026.0
Belgium,Culture of Belgium,The_Adventures_of_Tintin,2026-06-28,1697,2026.0
Belgium,Culture of Belgium,The_Adventures_of_Tintin,2026-06-29,1594,2026.0
Belgium,Culture of Belgium,The_Adventures_of_Tintin,2026-06-30,1607,2026.0
Belgium,Culture of Belgium,The_Adventures_of_Tintin,2026-07-01,1894,2026.0
Belgium,Culture of Belgium,The_Adventures_of_Tintin,2026-07-02,1732,2026.0
Belgium,Culture of Belgium,The_Adventures_of_Tintin,2026-07-03,1589,2026.0
Belgium,Culture of Belgium,The_Adventures_of_Tintin,2026-07-04,1567,2026.0
Belgium,Culture of Belgium,The_Adventures_of_Tintin,2026-07-05,1712,2026.0
Belgium,Culture of Belgium,The_Adventures_of_Tintin,2026-07-06,1717,2026.0
Belgium,Culture of Belgium,The_Adventures_of_Tintin,2026-07-07,2584,2026.0
Belgium,Culture of Belgium,The_Adventures_of_Tintin,2026-07-08,1684,2026.0
Belgium,Culture of Belgium,The_Adventures_of_Tintin,2026-07-09,1656,2026.0
Belgium,Culture of Belgium,The_Adventures_of_Tintin,2026-07-10,2457,2026.0
Belgium,Culture of Belgium,The_Adventures_of_Tintin,2026-07-11,1762,2026.0
Belgium,Culture of Belgium,The_Adventures_of_Tintin,2026-07-12,1660,2026.0
Belgium,Culture of Belgium,The_Adventures_of_Tintin,2026-07-13,1524,2026.0
Belgium,Culture of Belgium,The_Adventures_of_Tintin,2026-07-14,1499,2026.0
Belgium,Culture of Belgium,The_Adventures_of_Tintin,2026-07-15,1501,2026.0
Belgium,Culture of Belgium,The_Adventures_of_Tintin,2026-07-16,1881,2026.0
Belgium,Culture of Belgium,The_Adventures_of_Tintin,2026-07-17,1817,2026.0
Belgium,Culture of Belgium,The_Adventures_of_Tintin,2026-07-18,1937,2026.0
Belgium,Culture of Belgium,The_Adventures_of_Tintin,2026-07-19,1685,2026.0
Belgium,Culture of Belgium,The_Adventures_of_Tintin,2026-07-20,1496,2026.0
Belgium,Culture of Belgium,The_Adventures_of_Tintin,2026-07-21,1571,2026.0
Belgium,Culture of Belgium,The_Adventures_of_Tintin,2026-07-22,1542,2026.0
Belgium,Culture of Belgium,The_Adventures_of_Tintin,2026-07-23,1452,2026.0
Belgium,Culture of Belgium,The_Adventures_of_Tintin,2026-07-24,1449,2026.0
Belgium,Culture of Belgium,The_Adventures_of_Tintin,2026-07-25,1416,2026.0
Belgium,Culture of Belgium,The_Adventures_of_Tintin,2026-07-26,1526,2026.0
Belgium,Culture of Belgium,The_Adventures_of_Tintin,2026-07-27,1529,2026.0
Belgium,Culture of Belgium,The_Adventures_of_Tintin,2026-07-28,1446,2026.0
Belgium,Culture of Belgium,The_Adventures_of_Tintin,2026-07-29,1366,2026.0
Belgium,Culture of Belgium,The_Adventures_of_Tintin,2026-07-30,1437,2026.0
Belgium,Culture of Belgium,Sinterklaas,2026-06-01,299,2026.0
Belgium,Culture of Belgium,Sinterklaas,2026-06-02,362,2026.0
Belgium,Culture of Belgium,Sinterklaas,2026-06-03,267,2026.0
Belgium,Culture of Belgium,Sinterklaas,2026-06-04,300,2026.0
Belgium,Culture of Belgium,Sinterklaas,2026-06-05,328,2026.0
Belgium,Culture of Belgium,Sinterklaas,2026-06-06,281,2026.0
Belgium,Culture of Belgium,Sinterklaas,2026-06-07,308,2026.0
Belgium,Culture of Belgium,Sinterklaas,2026-06-08,326,2026.0
Belgium,Culture of Belgium,Sinterklaas,2026-06-09,383,2026.0
Belgium,Culture of Belgium,Sinterklaas,2026-06-10,362,2026.0
Belgium,Culture of Belgium,Sinterklaas,2026-06-11,319,2026.0
Belgium,Culture of Belgium,Sinterklaas,2026-06-12,338,2026.0
Belgium,Culture of Belgium,Sinterklaas,2026-06-13,314,2026.0
Belgium,Culture of Belgium,Sinterklaas,2026-06-14,340,2026.0
Belgium,Culture of Belgium,Sinterklaas,2026-06-15,312,2026.0
Belgium,Culture of Belgium,Sinterklaas,2026-06-16,291,2026.0
Belgium,Culture of Belgium,Sinterklaas,2026-06-17,327,2026.0
Belgium,Culture of Belgium,Sinterklaas,2026-06-18,385,2026.0
Belgium,Culture of Belgium,Sinterklaas,2026-06-19,421,2026.0
Belgium,Culture of Belgium,Sinterklaas,2026-06-20,345,2026.0
Belgium,Culture of Belgium,Sinterklaas,2026-06-21,342,2026.0
Belgium,Culture of Belgium,Sinterklaas,2026-06-22,369,2026.0
Belgium,Culture of Belgium,Sinterklaas,2026-06-23,379,2026.0
Belgium,Culture of Belgium,Sinterklaas,2026-06-24,339,2026.0
Belgium,Culture of Belgium,Sinterklaas,2026-06-25,379,2026.0
Belgium,Culture of Belgium,Sinterklaas,2026-06-26,348,2026.0
Belgium,Culture of Belgium,Sinterklaas,2026-06-27,347,2026.0
Belgium,Culture of Belgium,Sinterklaas,2026-06-28,283,2026.0
Belgium,Culture of Belgium,Sinterklaas,2026-06-29,336,2026.0
Belgium,Culture of Belgium,Sinterklaas,2026-06-30,370,2026.0
Belgium,Culture of Belgium,Sinterklaas,2026-07-01,327,2026.0
Belgium,Culture of Belgium,Sinterklaas,2026-07-02,315,2026.0
Belgium,Culture of Belgium,Sinterklaas,2026-07-03,320,2026.0
Belgium,Culture of Belgium,Sinterklaas,2026-07-04,338,2026.0
Belgium,Culture of Belgium,Sinterklaas,2026-07-05,304,2026.0
Belgium,Culture of Belgium,Sinterklaas,2026-07-06,298,2026.0
Belgium,Culture of Belgium,Sinterklaas,2026-07-07,366,2026.0
Belgium,Culture of Belgium,Sinterklaas,2026-07-08,352,2026.0
Belgium,Culture of Belgium,Sinterklaas,2026-07-09,307,2026.0
Belgium,Culture of Belgium,Sinterklaas,2026-07-10,287,2026.0
Belgium,Culture of Belgium,Sinterklaas,2026-07-11,278,2026.0
Belgium,Culture of Belgium,Sinterklaas,2026-07-12,253,2026.0
Belgium,Culture of Belgium,Sinterklaas,2026-07-13,365,2026.0
Belgium,Culture of Belgium,Sinterklaas,2026-07-14,328,2026.0
Belgium,Culture of Belgium,Sinterklaas,2026-07-15,305,2026.0
Belgium,Culture of Belgium,Sinterklaas,2026-07-16,278,2026.0
Belgium,Culture of Belgium,Sinterklaas,2026-07-17,336,2026.0
Belgium,Culture of Belgium,Sinterklaas,2026-07-18,346,2026.0
Belgium,Culture of Belgium,Sinterklaas,2026-07-19,348,2026.0
Belgium,Culture of Belgium,Sinterklaas,2026-07-20,326,2026.0
Belgium,Culture of Belgium,Sinterklaas,2026-07-21,439,2026.0
Belgium,Culture of Belgium,Sinterklaas,2026-07-22,442,2026.0
Belgium,Culture of Belgium,Sinterklaas,2026-07-23,305,2026.0
Belgium,Culture of Belgium,Sinterklaas,2026-07-24,350,2026.0
Belgium,Culture of Belgium,Sinterklaas,2026-07-25,334,2026.0
Belgium,Culture of Belgium,Sinterklaas,2026-07-26,312,2026.0
Belgium,Culture of Belgium,Sinterklaas,2026-07-27,360,2026.0
Belgium,Culture of Belgium,Sinterklaas,2026-07-28,333,2026.0
Belgium,Culture of Belgium,Sinterklaas,2026-07-29,386,2026.0
Belgium,Culture of Belgium,Sinterklaas,2026-07-30,340,2026.0
Belgium,Politics of Belgium,Hypothetical_partition_of_Belgium,2026-06-01,145,2026.0
Belgium,Politics of Belgium,Hypothetical_partition_of_Belgium,2026-06-02,125,2026.0
Belgium,Politics of Belgium,Hypothetical_partition_of_Belgium,2026-06-03,142,2026.0
Belgium,Politics of Belgium,Hypothetical_partition_of_Belgium,2026-06-04,125,2026.0
Belgium,Politics of Belgium,Hypothetical_partition_of_Belgium,2026-06-05,163,2026.0
Belgium,Politics of Belgium,Hypothetical_partition_of_Belgium,2026-06-06,111,2026.0
Belgium,Politics of Belgium,Hypothetical_partition_of_Belgium,2026-06-07,91,2026.0
Belgium,Politics of Belgium,Hypothetical_partition_of_Belgium,2026-06-08,169,2026.0
Belgium,Politics of Belgium,Hypothetical_partition_of_Belgium,2026-06-09,125,2026.0
Belgium,Politics of Belgium,Hypothetical_partition_of_Belgium,2026-06-10,120,2026.0
Belgium,Politics of Belgium,Hypothetical_partition_of_Belgium,2026-06-11,127,2026.0
Belgium,Politics of Belgium,Hypothetical_partition_of_Belgium,2026-06-12,103,2026.0
Belgium,Politics of Belgium,Hypothetical_partition_of_Belgium,2026-06-13,119,2026.0
Belgium,Politics of Belgium,Hypothetical_partition_of_Belgium,2026-06-14,141,2026.0
Belgium,Politics of Belgium,Hypothetical_partition_of_Belgium,2026-06-15,221,2026.0
Belgium,Politics of Belgium,Hypothetical_partition_of_Belgium,2026-06-16,130,2026.0
Belgium,Politics of Belgium,Hypothetical_partition_of_Belgium,2026-06-17,124,2026.0
Belgium,Politics of Belgium,Hypothetical_partition_of_Belgium,2026-06-18,109,2026.0
Belgium,Politics of Belgium,Hypothetical_partition_of_Belgium,2026-06-19,112,2026.0
Belgium,Politics of Belgium,Hypothetical_partition_of_Belgium,2026-06-20,128,2026.0
Belgium,Politics of Belgium,Hypothetical_partition_of_Belgium,2026-06-21,384,2026.0
Belgium,Politics of Belgium,Hypothetical_partition_of_Belgium,2026-06-22,357,2026.0
Belgium,Politics of Belgium,Hypothetical_partition_of_Belgium,2026-06-23,175,2026.0
Belgium,Politics of Belgium,Hypothetical_partition_of_Belgium,2026-06-24,149,2026.0
Belgium,Politics of Belgium,Hypothetical_partition_of_Belgium,2026-06-25,132,2026.0
Belgium,Politics of Belgium,Hypothetical_partition_of_Belgium,2026-06-26,130,2026.0
Belgium,Politics of Belgium,Hypothetical_partition_of_Belgium,2026-06-27,183,2026.0
Belgium,Politics of Belgium,Hypothetical_partition_of_Belgium,2026-06-28,161,2026.0
Belgium,Politics of Belgium,Hypothetical_partition_of_Belgium,2026-06-29,162,2026.0
Belgium,Politics of Belgium,Hypothetical_partition_of_Belgium,2026-06-30,186,2026.0
Belgium,Politics of Belgium,Hypothetical_partition_of_Belgium,2026-07-01,363,2026.0
Belgium,Politics of Belgium,Hypothetical_partition_of_Belgium,2026-07-02,283,2026.0
Belgium,Politics of Belgium,Hypothetical_partition_of_Belgium,2026-07-03,186,2026.0
Belgium,Politics of Belgium,Hypothetical_partition_of_Belgium,2026-07-04,189,2026.0
Belgium,Politics of Belgium,Hypothetical_partition_of_Belgium,2026-07-05,174,2026.0
Belgium,Politics of Belgium,Hypothetical_partition_of_Belgium,2026-07-06,315,2026.0
Belgium,Politics of Belgium,Hypothetical_partition_of_Belgium,2026-07-07,747,2026.0
Belgium,Politics of Belgium,Hypothetical_partition_of_Belgium,2026-07-08,309,2026.0
Belgium,Politics of Belgium,Hypothetical_partition_of_Belgium,2026-07-09,243,2026.0
Belgium,Politics of Belgium,Hypothetical_partition_of_Belgium,2026-07-10,487,2026.0
Belgium,Politics of Belgium,Hypothetical_partition_of_Belgium,2026-07-11,245,2026.0
Belgium,Politics of Belgium,Hypothetical_partition_of_Belgium,2026-07-12,155,2026.0
Belgium,Politics of Belgium,Hypothetical_partition_of_Belgium,2026-07-13,165,2026.0
Belgium,Politics of Belgium,Hypothetical_partition_of_Belgium,2026-07-14,135,2026.0
Belgium,Politics of Belgium,Hypothetical_partition_of_Belgium,2026-07-15,125,2026.0
Belgium,Politics of Belgium,Hypothetical_partition_of_Belgium,2026-07-16,134,2026.0
Belgium,Politics of Belgium,Hypothetical_partition_of_Belgium,2026-07-17,143,2026.0
Belgium,Politics of Belgium,Hypothetical_partition_of_Belgium,2026-07-18,121,2026.0
Belgium,Politics of Belgium,Hypothetical_partition_of_Belgium,2026-07-19,155,2026.0
Belgium,Politics of Belgium,Hypothetical_partition_of_Belgium,2026-07-20,154,2026.0
Belgium,Politics of Belgium,Hypothetical_partition_of_Belgium,2026-07-21,167,2026.0
Belgium,Politics of Belgium,Hypothetical_partition_of_Belgium,2026-07-22,159,2026.0
Belgium,Politics of Belgium,Hypothetical_partition_of_Belgium,2026-07-23,149,2026.0
Belgium,Politics of Belgium,Hypothetical_partition_of_Belgium,2026-07-24,124,2026.0
Belgium,Politics of Belgium,Hypothetical_partition_of_Belgium,2026-07-25,129,2026.0
Belgium,Politics of Belgium,Hypothetical_partition_of_Belgium,2026-07-26,141,2026.0
Belgium,Politics of Belgium,Hypothetical_partition_of_Belgium,2026-07-27,139,2026.0
Belgium,Politics of Belgium,Hypothetical_partition_of_Belgium,2026-07-28,107,2026.0
Belgium,Politics of Belgium,Hypothetical_partition_of_Belgium,2026-07-29,117,2026.0
Belgium,Politics of Belgium,Hypothetical_partition_of_Belgium,2026-07-30,124,2026.0
Belgium,Government of Belgium,Flemish_Region,2026-06-01,374,2026.0
Belgium,Government of Belgium,Flemish_Region,2026-06-02,380,2026.0
Belgium,Government of Belgium,Flemish_Region,2026-06-03,344,2026.0
Belgium,Government of Belgium,Flemish_Region,2026-06-04,392,2026.0
Belgium,Government of Belgium,Flemish_Region,2026-06-05,369,2026.0
Belgium,Government of Belgium,Flemish_Region,2026-06-06,392,2026.0
Belgium,Government of Belgium,Flemish_Region,2026-06-07,348,2026.0
Belgium,Government of Belgium,Flemish_Region,2026-06-08,444,2026.0
Belgium,Government of Belgium,Flemish_Region,2026-06-09,349,2026.0
Belgium,Government of Belgium,Flemish_Region,2026-06-10,366,2026.0
Belgium,Government of Belgium,Flemish_Region,2026-06-11,393,2026.0
Belgium,Government of Belgium,Flemish_Region,2026-06-12,384,2026.0
Belgium,Government of Belgium,Flemish_Region,2026-06-13,374,2026.0
Belgium,Government of Belgium,Flemish_Region,2026-06-14,395,2026.0
Belgium,Government of Belgium,Flemish_Region,2026-06-15,706,2026.0
Belgium,Government of Belgium,Flemish_Region,2026-06-16,440,2026.0
Belgium,Government of Belgium,Flemish_Region,2026-06-17,384,2026.0
Belgium,Government of Belgium,Flemish_Region,2026-06-18,405,2026.0
Belgium,Government of Belgium,Flemish_Region,2026-06-19,373,2026.0
Belgium,Government of Belgium,Flemish_Region,2026-06-20,411,2026.0
Belgium,Government of Belgium,Flemish_Region,2026-06-21,780,2026.0
Belgium,Government of Belgium,Flemish_Region,2026-06-22,497,2026.0
Belgium,Government of Belgium,Flemish_Region,2026-06-23,428,2026.0
Belgium,Government of Belgium,Flemish_Region,2026-06-24,405,2026.0
Belgium,Government of Belgium,Flemish_Region,2026-06-25,406,2026.0
Belgium,Government of Belgium,Flemish_Region,2026-06-26,347,2026.0
Belgium,Government of Belgium,Flemish_Region,2026-06-27,681,2026.0
Belgium,Government of Belgium,Flemish_Region,2026-06-28,456,2026.0
Belgium,Government of Belgium,Flemish_Region,2026-06-29,371,2026.0
Belgium,Government of Belgium,Flemish_Region,2026-06-30,468,2026.0
Belgium,Government of Belgium,Flemish_Region,2026-07-01,1107,2026.0
Belgium,Government of Belgium,Flemish_Region,2026-07-02,619,2026.0
Belgium,Government of Belgium,Flemish_Region,2026-07-03,489,2026.0
Belgium,Government of Belgium,Flemish_Region,2026-07-04,432,2026.0
Belgium,Government of Belgium,Flemish_Region,2026-07-05,435,2026.0
Belgium,Government of Belgium,Flemish_Region,2026-07-06,682,2026.0
Belgium,Government of Belgium,Flemish_Region,2026-07-07,2029,2026.0
Belgium,Government of Belgium,Flemish_Region,2026-07-08,623,2026.0
Belgium,Government of Belgium,Flemish_Region,2026-07-09,558,2026.0
Belgium,Government of Belgium,Flemish_Region,2026-07-10,1594,2026.0
Belgium,Government of Belgium,Flemish_Region,2026-07-11,866,2026.0
Belgium,Government of Belgium,Flemish_Region,2026-07-12,491,2026.0
Belgium,Government of Belgium,Flemish_Region,2026-07-13,495,2026.0
Belgium,Government of Belgium,Flemish_Region,2026-07-14,510,2026.0
Belgium,Government of Belgium,Flemish_Region,2026-07-15,435,2026.0
Belgium,Government of Belgium,Flemish_Region,2026-07-16,430,2026.0
Belgium,Government of Belgium,Flemish_Region,2026-07-17,390,2026.0
Belgium,Government of Belgium,Flemish_Region,2026-07-18,431,2026.0
Belgium,Government of Belgium,Flemish_Region,2026-07-19,459,2026.0
Belgium,Government of Belgium,Flemish_Region,2026-07-20,376,2026.0
Belgium,Government of Belgium,Flemish_Region,2026-07-21,403,2026.0
Belgium,Government of Belgium,Flemish_Region,2026-07-22,388,2026.0
Belgium,Government of Belgium,Flemish_Region,2026-07-23,350,2026.0
Belgium,Government of Belgium,Flemish_Region,2026-07-24,330,2026.0
Belgium,Government of Belgium,Flemish_Region,2026-07-25,371,2026.0
Belgium,Government of Belgium,Flemish_Region,2026-07-26,355,2026.0
Belgium,Government of Belgium,Flemish_Region,2026-07-27,352,2026.0
Belgium,Government of Belgium,Flemish_Region,2026-07-28,372,2026.0
Belgium,Government of Belgium,Flemish_Region,2026-07-29,352,2026.0
Belgium,Government of Belgium,Flemish_Region,2026-07-30,309,2026.0
Belgium,Economy of Belgium,Economy_of_Belgium,2026-06-01,217,2026.0
Belgium,Economy of Belgium,Economy_of_Belgium,2026-06-02,250,2026.0
Belgium,Economy of Belgium,Economy_of_Belgium,2026-06-03,209,2026.0
Belgium,Economy of Belgium,Economy_of_Belgium,2026-06-04,195,2026.0
Belgium,Economy of Belgium,Economy_of_Belgium,2026-06-05,247,2026.0
Belgium,Economy of Belgium,Economy_of_Belgium,2026-06-06,181,2026.0
Belgium,Economy of Belgium,Economy_of_Belgium,2026-06-07,211,2026.0
Belgium,Economy of Belgium,Economy_of_Belgium,2026-06-08,241,2026.0
Belgium,Economy of Belgium,Economy_of_Belgium,2026-06-09,202,2026.0
Belgium,Economy of Belgium,Economy_of_Belgium,2026-06-10,205,2026.0
Belgium,Economy of Belgium,Economy_of_Belgium,2026-06-11,230,2026.0
Belgium,Economy of Belgium,Economy_of_Belgium,2026-06-12,232,2026.0
Belgium,Economy of Belgium,Economy_of_Belgium,2026-06-13,206,2026.0
Belgium,Economy of Belgium,Economy_of_Belgium,2026-06-14,255,2026.0
Belgium,Economy of Belgium,Economy_of_Belgium,2026-06-15,304,2026.0
Belgium,Economy of Belgium,Economy_of_Belgium,2026-06-16,244,2026.0
Belgium,Economy of Belgium,Economy_of_Belgium,2026-06-17,231,2026.0
Belgium,Economy of Belgium,Economy_of_Belgium,2026-06-18,289,2026.0
Belgium,Economy of Belgium,Economy_of_Belgium,2026-06-19,272,2026.0
Belgium,Economy of Belgium,Economy_of_Belgium,2026-06-20,263,2026.0
Belgium,Economy of Belgium,Economy_of_Belgium,2026-06-21,458,2026.0
Belgium,Economy of Belgium,Economy_of_Belgium,2026-06-22,600,2026.0
Belgium,Economy of Belgium,Economy_of_Belgium,2026-06-23,190,2026.0
Belgium,Economy of Belgium,Economy_of_Belgium,2026-06-24,255,2026.0
Belgium,Economy of Belgium,Economy_of_Belgium,2026-06-25,279,2026.0
Belgium,Economy of Belgium,Economy_of_Belgium,2026-06-26,314,2026.0
Belgium,Economy of Belgium,Economy_of_Belgium,2026-06-27,253,2026.0
Belgium,Economy of Belgium,Economy_of_Belgium,2026-06-28,232,2026.0
Belgium,Economy of Belgium,Economy_of_Belgium,2026-06-29,205,2026.0
Belgium,Economy of Belgium,Economy_of_Belgium,2026-06-30,206,2026.0
Belgium,Economy of Belgium,Economy_of_Belgium,2026-07-01,429,2026.0
Belgium,Economy of Belgium,Economy_of_Belgium,2026-07-02,311,2026.0
Belgium,Economy of Belgium,Economy_of_Belgium,2026-07-03,215,2026.0
Belgium,Economy of Belgium,Economy_of_Belgium,2026-07-04,222,2026.0
Belgium,Economy of Belgium,Economy_of_Belgium,2026-07-05,209,2026.0
Belgium,Economy of Belgium,Economy_of_Belgium,2026-07-06,390,2026.0
Belgium,Economy of Belgium,Economy_of_Belgium,2026-07-07,1140,2026.0
Belgium,Economy of Belgium,Economy_of_Belgium,2026-07-08,355,2026.0
Belgium,Economy of Belgium,Economy_of_Belgium,2026-07-09,280,2026.0
Belgium,Economy of Belgium,Economy_of_Belgium,2026-07-10,527,2026.0
Belgium,Economy of Belgium,Economy_of_Belgium,2026-07-11,286,2026.0
Belgium,Economy of Belgium,Economy_of_Belgium,2026-07-12,229,2026.0
Belgium,Economy of Belgium,Economy_of_Belgium,2026-07-13,220,2026.0
Belgium,Economy of Belgium,Economy_of_Belgium,2026-07-14,198,2026.0
Belgium,Economy of Belgium,Economy_of_Belgium,2026-07-15,197,2026.0
Belgium,Economy of Belgium,Economy_of_Belgium,2026-07-16,186,2026.0
Belgium,Economy of Belgium,Economy_of_Belgium,2026-07-17,130,2026.0
Belgium,Economy of Belgium,Economy_of_Belgium,2026-07-18,181,2026.0
Belgium,Economy of Belgium,Economy_of_Belgium,2026-07-19,159,2026.0
Belgium,Economy of Belgium,Economy_of_Belgium,2026-07-20,209,2026.0
Belgium,Economy of Belgium,Economy_of_Belgium,2026-07-21,215,2026.0
Belgium,Economy of Belgium,Economy_of_Belgium,2026-07-22,180,2026.0
Belgium,Economy of Belgium,Economy_of_Belgium,2026-07-23,218,2026.0
Belgium,Economy of Belgium,Economy_of_Belgium,2026-07-24,160,2026.0
Belgium,Economy of Belgium,Economy_of_Belgium,2026-07-25,155,2026.0
Belgium,Economy of Belgium,Economy_of_Belgium,2026-07-26,185,2026.0
Belgium,Economy of Belgium,Economy_of_Belgium,2026-07-27,185,2026.0
Belgium,Economy of Belgium,Economy_of_Belgium,2026-07-28,147,2026.0
Belgium,Economy of Belgium,Economy_of_Belgium,2026-07-29,147,2026.0
Belgium,Economy of Belgium,Economy_of_Belgium,2026-07-30,158,2026.0
Bosnia_and_Herzegovina,Culture of Bosnia and Herzegovina,The_Bridge_on_the_Drina,2026-06-01,214,2026.0
Bosnia_and_Herzegovina,Culture of Bosnia and Herzegovina,The_Bridge_on_the_Drina,2026-06-02,185,2026.0
Bosnia_and_Herzegovina,Culture of Bosnia and Herzegovina,The_Bridge_on_the_Drina,2026-06-03,184,2026.0
Bosnia_and_Herzegovina,Culture of Bosnia and Herzegovina,The_Bridge_on_the_Drina,2026-06-04,218,2026.0
Bosnia_and_Herzegovina,Culture of Bosnia and Herzegovina,The_Bridge_on_the_Drina,2026-06-05,145,2026.0
Bosnia_and_Herzegovina,Culture of Bosnia and Herzegovina,The_Bridge_on_the_Drina,2026-06-06,156,2026.0
Bosnia_and_Herzegovina,Culture of Bosnia and Herzegovina,The_Bridge_on_the_Drina,2026-06-07,183,2026.0
Bosnia_and_Herzegovina,Culture of Bosnia and Herzegovina,The_Bridge_on_the_Drina,2026-06-08,257,2026.0
Bosnia_and_Herzegovina,Culture of Bosnia and Herzegovina,The_Bridge_on_the_Drina,2026-06-09,187,2026.0
Bosnia_and_Herzegovina,Culture of Bosnia and Herzegovina,The_Bridge_on_the_Drina,2026-06-10,166,2026.0
Bosnia_and_Herzegovina,Culture of Bosnia and Herzegovina,The_Bridge_on_the_Drina,2026-06-11,165,2026.0
Bosnia_and_Herzegovina,Culture of Bosnia and Herzegovina,The_Bridge_on_the_Drina,2026-06-12,206,2026.0
Bosnia_and_Herzegovina,Culture of Bosnia and Herzegovina,The_Bridge_on_the_Drina,2026-06-13,145,2026.0
Bosnia_and_Herzegovina,Culture of Bosnia and Herzegovina,The_Bridge_on_the_Drina,2026-06-14,166,2026.0
Bosnia_and_Herzegovina,Culture of Bosnia and Herzegovina,The_Bridge_on_the_Drina,2026-06-15,195,2026.0
Bosnia_and_Herzegovina,Culture of Bosnia and Herzegovina,The_Bridge_on_the_Drina,2026-06-16,159,2026.0
Bosnia_and_Herzegovina,Culture of Bosnia and Herzegovina,The_Bridge_on_the_Drina,2026-06-17,168,2026.0
Bosnia_and_Herzegovina,Culture of Bosnia and Herzegovina,The_Bridge_on_the_Drina,2026-06-18,206,2026.0
Bosnia_and_Herzegovina,Culture of Bosnia and Herzegovina,The_Bridge_on_the_Drina,2026-06-19,148,2026.0
Bosnia_and_Herzegovina,Culture of Bosnia and Herzegovina,The_Bridge_on_the_Drina,2026-06-20,120,2026.0
Bosnia_and_Herzegovina,Culture of Bosnia and Herzegovina,The_Bridge_on_the_Drina,2026-06-21,176,2026.0
Bosnia_and_Herzegovina,Culture of Bosnia and Herzegovina,The_Bridge_on_the_Drina,2026-06-22,210,2026.0
Bosnia_and_Herzegovina,Culture of Bosnia and Herzegovina,The_Bridge_on_the_Drina,2026-06-23,147,2026.0
Bosnia_and_Herzegovina,Culture of Bosnia and Herzegovina,The_Bridge_on_the_Drina,2026-06-24,138,2026.0
Bosnia_and_Herzegovina,Culture of Bosnia and Herzegovina,The_Bridge_on_the_Drina,2026-06-25,155,2026.0
Bosnia_and_Herzegovina,Culture of Bosnia and Herzegovina,The_Bridge_on_the_Drina,2026-06-26,160,2026.0
Bosnia_and_Herzegovina,Culture of Bosnia and Herzegovina,The_Bridge_on_the_Drina,2026-06-27,197,2026.0
Bosnia_and_Herzegovina,Culture of Bosnia and Herzegovina,The_Bridge_on_the_Drina,2026-06-28,227,2026.0
Bosnia_and_Herzegovina,Culture of Bosnia and Herzegovina,The_Bridge_on_the_Drina,2026-06-29,193,2026.0
Bosnia_and_Herzegovina,Culture of Bosnia and Herzegovina,The_Bridge_on_the_Drina,2026-06-30,181,2026.0
Bosnia_and_Herzegovina,Culture of Bosnia and Herzegovina,The_Bridge_on_the_Drina,2026-07-01,237,2026.0
Bosnia_and_Herzegovina,Culture of Bosnia and Herzegovina,The_Bridge_on_the_Drina,2026-07-02,279,2026.0
Bosnia_and_Herzegovina,Culture of Bosnia and Herzegovina,The_Bridge_on_the_Drina,2026-07-03,188,2026.0
Bosnia_and_Herzegovina,Culture of Bosnia and Herzegovina,The_Bridge_on_the_Drina,2026-07-04,166,2026.0
Bosnia_and_Herzegovina,Culture of Bosnia and Herzegovina,The_Bridge_on_the_Drina,2026-07-05,149,2026.0
Bosnia_and_Herzegovina,Culture of Bosnia and Herzegovina,The_Bridge_on_the_Drina,2026-07-06,157,2026.0
Bosnia_and_Herzegovina,Culture of Bosnia and Herzegovina,The_Bridge_on_the_Drina,2026-07-07,142,2026.0
Bosnia_and_Herzegovina,Culture of Bosnia and Herzegovina,The_Bridge_on_the_Drina,2026-07-08,156,2026.0
Bosnia_and_Herzegovina,Culture of Bosnia and Herzegovina,The_Bridge_on_the_Drina,2026-07-09,178,2026.0
Bosnia_and_Herzegovina,Culture of Bosnia and Herzegovina,The_Bridge_on_the_Drina,2026-07-10,202,2026.0
Bosnia_and_Herzegovina,Culture of Bosnia and Herzegovina,The_Bridge_on_the_Drina,2026-07-11,196,2026.0
Bosnia_and_Herzegovina,Culture of Bosnia and Herzegovina,The_Bridge_on_the_Drina,2026-07-12,180,2026.0
Bosnia_and_Herzegovina,Culture of Bosnia and Herzegovina,The_Bridge_on_the_Drina,2026-07-13,195,2026.0
Bosnia_and_Herzegovina,Culture of Bosnia and Herzegovina,The_Bridge_on_the_Drina,2026-07-14,187,2026.0
Bosnia_and_Herzegovina,Culture of Bosnia and Herzegovina,The_Bridge_on_the_Drina,2026-07-15,186,2026.0
Bosnia_and_Herzegovina,Culture of Bosnia and Herzegovina,The_Bridge_on_the_Drina,2026-07-16,172,2026.0
Bosnia_and_Herzegovina,Culture of Bosnia and Herzegovina,The_Bridge_on_the_Drina,2026-07-17,165,2026.0
Bosnia_and_Herzegovina,Culture of Bosnia and Herzegovina,The_Bridge_on_the_Drina,2026-07-18,147,2026.0
Bosnia_and_Herzegovina,Culture of Bosnia and Herzegovina,The_Bridge_on_the_Drina,2026-07-19,140,2026.0
Bosnia_and_Herzegovina,Culture of Bosnia and Herzegovina,The_Bridge_on_the_Drina,2026-07-20,182,2026.0
Bosnia_and_Herzegovina,Culture of Bosnia and Herzegovina,The_Bridge_on_the_Drina,2026-07-21,334,2026.0
Bosnia_and_Herzegovina,Culture of Bosnia and Herzegovina,The_Bridge_on_the_Drina,2026-07-22,342,2026.0
Bosnia_and_Herzegovina,Culture of Bosnia and Herzegovina,The_Bridge_on_the_Drina,2026-07-23,253,2026.0
Bosnia_and_Herzegovina,Culture of Bosnia and Herzegovina,The_Bridge_on_the_Drina,2026-07-24,204,2026.0
Bosnia_and_Herzegovina,Culture of Bosnia and Herzegovina,The_Bridge_on_the_Drina,2026-07-25,188,2026.0
Bosnia_and_Herzegovina,Culture of Bosnia and Herzegovina,The_Bridge_on_the_Drina,2026-07-26,169,2026.0
Bosnia_and_Herzegovina,Culture of Bosnia and Herzegovina,The_Bridge_on_the_Drina,2026-07-27,189,2026.0
Bosnia_and_Herzegovina,Culture of Bosnia and Herzegovina,The_Bridge_on_the_Drina,2026-07-28,214,2026.0
Bosnia_and_Herzegovina,Culture of Bosnia and Herzegovina,The_Bridge_on_the_Drina,2026-07-29,212,2026.0
Bosnia_and_Herzegovina,Culture of Bosnia and Herzegovina,The_Bridge_on_the_Drina,2026-07-30,210,2026.0
Bosnia_and_Herzegovina,Bosnia and Herzegovina templates,Template:Campaignbox_Bosnian_War,2026-06-01,5,2026.0
Bosnia_and_Herzegovina,Bosnia and Herzegovina templates,Template:Campaignbox_Bosnian_War,2026-06-02,1,2026.0
Bosnia_and_Herzegovina,Bosnia and Herzegovina templates,Template:Campaignbox_Bosnian_War,2026-06-03,17,2026.0
Bosnia_and_Herzegovina,Bosnia and Herzegovina templates,Template:Campaignbox_Bosnian_War,2026-06-04,6,2026.0
Bosnia_and_Herzegovina,Bosnia and Herzegovina templates,Template:Campaignbox_Bosnian_War,2026-06-05,2,2026.0
Bosnia_and_Herzegovina,Bosnia and Herzegovina templates,Template:Campaignbox_Bosnian_War,2026-06-06,2,2026.0
Bosnia_and_Herzegovina,Bosnia and Herzegovina templates,Template:Campaignbox_Bosnian_War,2026-06-07,3,2026.0
Bosnia_and_Herzegovina,Bosnia and Herzegovina templates,Template:Campaignbox_Bosnian_War,2026-06-08,4,2026.0
Bosnia_and_Herzegovina,Bosnia and Herzegovina templates,Template:Campaignbox_Bosnian_War,2026-06-09,6,2026.0
Bosnia_and_Herzegovina,Bosnia and Herzegovina templates,Template:Campaignbox_Bosnian_War,2026-06-10,5,2026.0
Bosnia_and_Herzegovina,Bosnia and Herzegovina templates,Template:Campaignbox_Bosnian_War,2026-06-11,2,2026.0
Bosnia_and_Herzegovina,Bosnia and Herzegovina templates,Template:Campaignbox_Bosnian_War,2026-06-12,5,2026.0
Bosnia_and_Herzegovina,Bosnia and Herzegovina templates,Template:Campaignbox_Bosnian_War,2026-06-13,3,2026.0
Bosnia_and_Herzegovina,Bosnia and Herzegovina templates,Template:Campaignbox_Bosnian_War,2026-06-14,1,2026.0
Bosnia_and_Herzegovina,Bosnia and Herzegovina templates,Template:Campaignbox_Bosnian_War,2026-06-15,6,2026.0
Bosnia_and_Herzegovina,Bosnia and Herzegovina templates,Template:Campaignbox_Bosnian_War,2026-06-16,1,2026.0
Bosnia_and_Herzegovina,Bosnia and Herzegovina templates,Template:Campaignbox_Bosnian_War,2026-06-17,3,2026.0
Bosnia_and_Herzegovina,Bosnia and Herzegovina templates,Template:Campaignbox_Bosnian_War,2026-06-18,6,2026.0
Bosnia_and_Herzegovina,Bosnia and Herzegovina templates,Template:Campaignbox_Bosnian_War,2026-06-19,5,2026.0
Bosnia_and_Herzegovina,Bosnia and Herzegovina templates,Template:Campaignbox_Bosnian_War,2026-06-20,1,2026.0
Bosnia_and_Herzegovina,Bosnia and Herzegovina templates,Template:Campaignbox_Bosnian_War,2026-06-21,1,2026.0
Bosnia_and_Herzegovina,Bosnia and Herzegovina templates,Template:Campaignbox_Bosnian_War,2026-06-22,2,2026.0
Bosnia_and_Herzegovina,Bosnia and Herzegovina templates,Template:Campaignbox_Bosnian_War,2026-06-23,3,2026.0
Bosnia_and_Herzegovina,Bosnia and Herzegovina templates,Template:Campaignbox_Bosnian_War,2026-06-24,2,2026.0
Bosnia_and_Herzegovina,Bosnia and Herzegovina templates,Template:Campaignbox_Bosnian_War,2026-06-25,3,2026.0
Bosnia_and_Herzegovina,Bosnia and Herzegovina templates,Template:Campaignbox_Bosnian_War,2026-06-26,5,2026.0
Bosnia_and_Herzegovina,Bosnia and Herzegovina templates,Template:Campaignbox_Bosnian_War,2026-06-27,3,2026.0
Bosnia_and_Herzegovina,Bosnia and Herzegovina templates,Template:Campaignbox_Bosnian_War,2026-06-28,13,2026.0
Bosnia_and_Herzegovina,Bosnia and Herzegovina templates,Template:Campaignbox_Bosnian_War,2026-06-29,10,2026.0
Bosnia_and_Herzegovina,Bosnia and Herzegovina templates,Template:Campaignbox_Bosnian_War,2026-06-30,2,2026.0
Bosnia_and_Herzegovina,Bosnia and Herzegovina templates,Template:Campaignbox_Bosnian_War,2026-07-01,5,2026.0
Bosnia_and_Herzegovina,Bosnia and Herzegovina templates,Template:Campaignbox_Bosnian_War,2026-07-02,4,2026.0
Bosnia_and_Herzegovina,Bosnia and Herzegovina templates,Template:Campaignbox_Bosnian_War,2026-07-03,1,2026.0
Bosnia_and_Herzegovina,Bosnia and Herzegovina templates,Template:Campaignbox_Bosnian_War,2026-07-04,2,2026.0
Bosnia_and_Herzegovina,Bosnia and Herzegovina templates,Template:Campaignbox_Bosnian_War,2026-07-05,9,2026.0
Bosnia_and_Herzegovina,Bosnia and Herzegovina templates,Template:Campaignbox_Bosnian_War,2026-07-06,1,2026.0
Bosnia_and_Herzegovina,Bosnia and Herzegovina templates,Template:Campaignbox_Bosnian_War,2026-07-07,3,2026.0
Bosnia_and_Herzegovina,Bosnia and Herzegovina templates,Template:Campaignbox_Bosnian_War,2026-07-08,1,2026.0
Bosnia_and_Herzegovina,Bosnia and Herzegovina templates,Template:Campaignbox_Bosnian_War,2026-07-09,2,2026.0
Bosnia_and_Herzegovina,Bosnia and Herzegovina templates,Template:Campaignbox_Bosnian_War,2026-07-10,3,2026.0
Bosnia_and_Herzegovina,Bosnia and Herzegovina templates,Template:Campaignbox_Bosnian_War,2026-07-11,3,2026.0
Bosnia_and_Herzegovina,Bosnia and Herzegovina templates,Template:Campaignbox_Bosnian_War,2026-07-12,21,2026.0
Bosnia_and_Herzegovina,Bosnia and Herzegovina templates,Template:Campaignbox_Bosnian_War,2026-07-13,25,2026.0
Bosnia_and_Herzegovina,Bosnia and Herzegovina templates,Template:Campaignbox_Bosnian_War,2026-07-14,4,2026.0
Bosnia_and_Herzegovina,Bosnia and Herzegovina templates,Template:Campaignbox_Bosnian_War,2026-07-15,9,2026.0
Bosnia_and_Herzegovina,Bosnia and Herzegovina templates,Template:Campaignbox_Bosnian_War,2026-07-16,5,2026.0
Bosnia_and_Herzegovina,Bosnia and Herzegovina templates,Template:Campaignbox_Bosnian_War,2026-07-17,7,2026.0
Bosnia_and_Herzegovina,Bosnia and Herzegovina templates,Template:Campaignbox_Bosnian_War,2026-07-18,13,2026.0
Bosnia_and_Herzegovina,Bosnia and Herzegovina templates,Template:Campaignbox_Bosnian_War,2026-07-19,16,2026.0
Bosnia_and_Herzegovina,Bosnia and Herzegovina templates,Template:Campaignbox_Bosnian_War,2026-07-20,19,2026.0
Bosnia_and_Herzegovina,Bosnia and Herzegovina templates,Template:Campaignbox_Bosnian_War,2026-07-21,1,2026.0
Bosnia_and_Herzegovina,Bosnia and Herzegovina templates,Template:Campaignbox_Bosnian_War,2026-07-22,34,2026.0
Bosnia_and_Herzegovina,Bosnia and Herzegovina templates,Template:Campaignbox_Bosnian_War,2026-07-23,27,2026.0
Bosnia_and_Herzegovina,Bosnia and Herzegovina templates,Template:Campaignbox_Bosnian_War,2026-07-24,9,2026.0
Bosnia_and_Herzegovina,Bosnia and Herzegovina templates,Template:Campaignbox_Bosnian_War,2026-07-25,7,2026.0
Bosnia_and_Herzegovina,Bosnia and Herzegovina templates,Template:Campaignbox_Bosnian_War,2026-07-26,13,2026.0
Bosnia_and_Herzegovina,Bosnia and Herzegovina templates,Template:Campaignbox_Bosnian_War,2026-07-27,9,2026.0
Bosnia_and_Herzegovina,Bosnia and Herzegovina templates,Template:Campaignbox_Bosnian_War,2026-07-28,17,2026.0
Bosnia_and_Herzegovina,Bosnia and Herzegovina templates,Template:Campaignbox_Bosnian_War,2026-07-29,15,2026.0
Bosnia_and_Herzegovina,Bosnia and Herzegovina templates,Template:Campaignbox_Bosnian_War,2026-07-30,24,2026.0
Bosnia_and_Herzegovina,Economy of Bosnia and Herzegovina,Economy_of_Bosnia_and_Herzegovina,2026-06-01,143,2026.0
Bosnia_and_Herzegovina,Economy of Bosnia and Herzegovina,Economy_of_Bosnia_and_Herzegovina,2026-06-02,185,2026.0
Bosnia_and_Herzegovina,Economy of Bosnia and Herzegovina,Economy_of_Bosnia_and_Herzegovina,2026-06-03,134,2026.0
Bosnia_and_Herzegovina,Economy of Bosnia and Herzegovina,Economy_of_Bosnia_and_Herzegovina,2026-06-04,134,2026.0
Bosnia_and_Herzegovina,Economy of Bosnia and Herzegovina,Economy_of_Bosnia_and_Herzegovina,2026-06-05,165,2026.0
Bosnia_and_Herzegovina,Economy of Bosnia and Herzegovina,Economy_of_Bosnia_and_Herzegovina,2026-06-06,170,2026.0
Bosnia_and_Herzegovina,Economy of Bosnia and Herzegovina,Economy_of_Bosnia_and_Herzegovina,2026-06-07,190,2026.0
Bosnia_and_Herzegovina,Economy of Bosnia and Herzegovina,Economy_of_Bosnia_and_Herzegovina,2026-06-08,212,2026.0
Bosnia_and_Herzegovina,Economy of Bosnia and Herzegovina,Economy_of_Bosnia_and_Herzegovina,2026-06-09,200,2026.0
Bosnia_and_Herzegovina,Economy of Bosnia and Herzegovina,Economy_of_Bosnia_and_Herzegovina,2026-06-10,183,2026.0
Bosnia_and_Herzegovina,Economy of Bosnia and Herzegovina,Economy_of_Bosnia_and_Herzegovina,2026-06-11,184,2026.0
Bosnia_and_Herzegovina,Economy of Bosnia and Herzegovina,Economy_of_Bosnia_and_Herzegovina,2026-06-12,860,2026.0
Bosnia_and_Herzegovina,Economy of Bosnia and Herzegovina,Economy_of_Bosnia_and_Herzegovina,2026-06-13,325,2026.0
Bosnia_and_Herzegovina,Economy of Bosnia and Herzegovina,Economy_of_Bosnia_and_Herzegovina,2026-06-14,203,2026.0
Bosnia_and_Herzegovina,Economy of Bosnia and Herzegovina,Economy_of_Bosnia_and_Herzegovina,2026-06-15,185,2026.0
Bosnia_and_Herzegovina,Economy of Bosnia and Herzegovina,Economy_of_Bosnia_and_Herzegovina,2026-06-16,194,2026.0
Bosnia_and_Herzegovina,Economy of Bosnia and Herzegovina,Economy_of_Bosnia_and_Herzegovina,2026-06-17,204,2026.0
Bosnia_and_Herzegovina,Economy of Bosnia and Herzegovina,Economy_of_Bosnia_and_Herzegovina,2026-06-18,589,2026.0
Bosnia_and_Herzegovina,Economy of Bosnia and Herzegovina,Economy_of_Bosnia_and_Herzegovina,2026-06-19,285,2026.0
Bosnia_and_Herzegovina,Economy of Bosnia and Herzegovina,Economy_of_Bosnia_and_Herzegovina,2026-06-20,216,2026.0
Bosnia_and_Herzegovina,Economy of Bosnia and Herzegovina,Economy_of_Bosnia_and_Herzegovina,2026-06-21,166,2026.0
Bosnia_and_Herzegovina,Economy of Bosnia and Herzegovina,Economy_of_Bosnia_and_Herzegovina,2026-06-22,579,2026.0
Bosnia_and_Herzegovina,Economy of Bosnia and Herzegovina,Economy_of_Bosnia_and_Herzegovina,2026-06-23,177,2026.0
Bosnia_and_Herzegovina,Economy of Bosnia and Herzegovina,Economy_of_Bosnia_and_Herzegovina,2026-06-24,326,2026.0
Bosnia_and_Herzegovina,Economy of Bosnia and Herzegovina,Economy_of_Bosnia_and_Herzegovina,2026-06-25,250,2026.0
Bosnia_and_Herzegovina,Economy of Bosnia and Herzegovina,Economy_of_Bosnia_and_Herzegovina,2026-06-26,232,2026.0
Bosnia_and_Herzegovina,Economy of Bosnia and Herzegovina,Economy_of_Bosnia_and_Herzegovina,2026-06-27,204,2026.0
Bosnia_and_Herzegovina,Economy of Bosnia and Herzegovina,Economy_of_Bosnia_and_Herzegovina,2026-06-28,213,2026.0
Bosnia_and_Herzegovina,Economy of Bosnia and Herzegovina,Economy_of_Bosnia_and_Herzegovina,2026-06-29,177,2026.0
Bosnia_and_Herzegovina,Economy of Bosnia and Herzegovina,Economy_of_Bosnia_and_Herzegovina,2026-06-30,215,2026.0
Bosnia_and_Herzegovina,Economy of Bosnia and Herzegovina,Economy_of_Bosnia_and_Herzegovina,2026-07-01,469,2026.0
Bosnia_and_Herzegovina,Economy of Bosnia and Herzegovina,Economy_of_Bosnia_and_Herzegovina,2026-07-02,1122,2026.0
Bosnia_and_Herzegovina,Economy of Bosnia and Herzegovina,Economy_of_Bosnia_and_Herzegovina,2026-07-03,226,2026.0
Bosnia_and_Herzegovina,Economy of Bosnia and Herzegovina,Economy_of_Bosnia_and_Herzegovina,2026-07-04,182,2026.0
Bosnia_and_Herzegovina,Economy of Bosnia and Herzegovina,Economy_of_Bosnia_and_Herzegovina,2026-07-05,144,2026.0
Bosnia_and_Herzegovina,Economy of Bosnia and Herzegovina,Economy_of_Bosnia_and_Herzegovina,2026-07-06,173,2026.0
Bosnia_and_Herzegovina,Economy of Bosnia and Herzegovina,Economy_of_Bosnia_and_Herzegovina,2026-07-07,153,2026.0
Bosnia_and_Herzegovina,Economy of Bosnia and Herzegovina,Economy_of_Bosnia_and_Herzegovina,2026-07-08,148,2026.0
Bosnia_and_Herzegovina,Economy of Bosnia and Herzegovina,Economy_of_Bosnia_and_Herzegovina,2026-07-09,118,2026.0
Bosnia_and_Herzegovina,Economy of Bosnia and Herzegovina,Economy_of_Bosnia_and_Herzegovina,2026-07-10,129,2026.0
Bosnia_and_Herzegovina,Economy of Bosnia and Herzegovina,Economy_of_Bosnia_and_Herzegovina,2026-07-11,146,2026.0
Bosnia_and_Herzegovina,Economy of Bosnia and Herzegovina,Economy_of_Bosnia_and_Herzegovina,2026-07-12,153,2026.0
Bosnia_and_Herzegovina,Economy of Bosnia and Herzegovina,Economy_of_Bosnia_and_Herzegovina,2026-07-13,139,2026.0
Bosnia_and_Herzegovina,Economy of Bosnia and Herzegovina,Economy_of_Bosnia_and_Herzegovina,2026-07-14,117,2026.0
Bosnia_and_Herzegovina,Economy of Bosnia and Herzegovina,Economy_of_Bosnia_and_Herzegovina,2026-07-15,116,2026.0
Bosnia_and_Herzegovina,Economy of Bosnia and Herzegovina,Economy_of_Bosnia_and_Herzegovina,2026-07-16,120,2026.0
Bosnia_and_Herzegovina,Economy of Bosnia and Herzegovina,Economy_of_Bosnia_and_Herzegovina,2026-07-17,150,2026.0
Bosnia_and_Herzegovina,Economy of Bosnia and Herzegovina,Economy_of_Bosnia_and_Herzegovina,2026-07-18,140,2026.0
Bosnia_and_Herzegovina,Economy of Bosnia and Herzegovina,Economy_of_Bosnia_and_Herzegovina,2026-07-19,115,2026.0
Bosnia_and_Herzegovina,Economy of Bosnia and Herzegovina,Economy_of_Bosnia_and_Herzegovina,2026-07-20,164,2026.0
Bosnia_and_Herzegovina,Economy of Bosnia and Herzegovina,Economy_of_Bosnia_and_Herzegovina,2026-07-21,183,2026.0
Bosnia_and_Herzegovina,Economy of Bosnia and Herzegovina,Economy_of_Bosnia_and_Herzegovina,2026-07-22,159,2026.0
Bosnia_and_Herzegovina,Economy of Bosnia and Herzegovina,Economy_of_Bosnia_and_Herzegovina,2026-07-23,146,2026.0
Bosnia_and_Herzegovina,Economy of Bosnia and Herzegovina,Economy_of_Bosnia_and_Herzegovina,2026-07-24,229,2026.0
Bosnia_and_Herzegovina,Economy of Bosnia and Herzegovina,Economy_of_Bosnia_and_Herzegovina,2026-07-25,175,2026.0
Bosnia_and_Herzegovina,Economy of Bosnia and Herzegovina,Economy_of_Bosnia_and_Herzegovina,2026-07-26,148,2026.0
Bosnia_and_Herzegovina,Economy of Bosnia and Herzegovina,Economy_of_Bosnia_and_Herzegovina,2026-07-27,114,2026.0
Bosnia_and_Herzegovina,Economy of Bosnia and Herzegovina,Economy_of_Bosnia_and_Herzegovina,2026-07-28,157,2026.0
Bosnia_and_Herzegovina,Economy of Bosnia and Herzegovina,Economy_of_Bosnia_and_Herzegovina,2026-07-29,145,2026.0
Bosnia_and_Herzegovina,Economy of Bosnia and Herzegovina,Economy_of_Bosnia_and_Herzegovina,2026-07-30,123,2026.0
Bosnia_and_Herzegovina,Politics of Bosnia and Herzegovina,High_Representative_for_Bosnia_and_Herzegovina,2026-06-01,292,2026.0
Bosnia_and_Herzegovina,Politics of Bosnia and Herzegovina,High_Representative_for_Bosnia_and_Herzegovina,2026-06-02,302,2026.0
Bosnia_and_Herzegovina,Politics of Bosnia and Herzegovina,High_Representative_for_Bosnia_and_Herzegovina,2026-06-03,327,2026.0
Bosnia_and_Herzegovina,Politics of Bosnia and Herzegovina,High_Representative_for_Bosnia_and_Herzegovina,2026-06-04,375,2026.0
Bosnia_and_Herzegovina,Politics of Bosnia and Herzegovina,High_Representative_for_Bosnia_and_Herzegovina,2026-06-05,437,2026.0
Bosnia_and_Herzegovina,Politics of Bosnia and Herzegovina,High_Representative_for_Bosnia_and_Herzegovina,2026-06-06,435,2026.0
Bosnia_and_Herzegovina,Politics of Bosnia and Herzegovina,High_Representative_for_Bosnia_and_Herzegovina,2026-06-07,288,2026.0
Bosnia_and_Herzegovina,Politics of Bosnia and Herzegovina,High_Representative_for_Bosnia_and_Herzegovina,2026-06-08,281,2026.0
Bosnia_and_Herzegovina,Politics of Bosnia and Herzegovina,High_Representative_for_Bosnia_and_Herzegovina,2026-06-09,354,2026.0
Bosnia_and_Herzegovina,Politics of Bosnia and Herzegovina,High_Representative_for_Bosnia_and_Herzegovina,2026-06-10,803,2026.0
Bosnia_and_Herzegovina,Politics of Bosnia and Herzegovina,High_Representative_for_Bosnia_and_Herzegovina,2026-06-11,487,2026.0
Bosnia_and_Herzegovina,Politics of Bosnia and Herzegovina,High_Representative_for_Bosnia_and_Herzegovina,2026-06-12,1334,2026.0
Bosnia_and_Herzegovina,Politics of Bosnia and Herzegovina,High_Representative_for_Bosnia_and_Herzegovina,2026-06-13,598,2026.0
Bosnia_and_Herzegovina,Politics of Bosnia and Herzegovina,High_Representative_for_Bosnia_and_Herzegovina,2026-06-14,317,2026.0
Bosnia_and_Herzegovina,Politics of Bosnia and Herzegovina,High_Representative_for_Bosnia_and_Herzegovina,2026-06-15,275,2026.0
Bosnia_and_Herzegovina,Politics of Bosnia and Herzegovina,High_Representative_for_Bosnia_and_Herzegovina,2026-06-16,264,2026.0
Bosnia_and_Herzegovina,Politics of Bosnia and Herzegovina,High_Representative_for_Bosnia_and_Herzegovina,2026-06-17,268,2026.0
Bosnia_and_Herzegovina,Politics of Bosnia and Herzegovina,High_Representative_for_Bosnia_and_Herzegovina,2026-06-18,728,2026.0
Bosnia_and_Herzegovina,Politics of Bosnia and Herzegovina,High_Representative_for_Bosnia_and_Herzegovina,2026-06-19,302,2026.0
Bosnia_and_Herzegovina,Politics of Bosnia and Herzegovina,High_Representative_for_Bosnia_and_Herzegovina,2026-06-20,197,2026.0
Bosnia_and_Herzegovina,Politics of Bosnia and Herzegovina,High_Representative_for_Bosnia_and_Herzegovina,2026-06-21,254,2026.0
Bosnia_and_Herzegovina,Politics of Bosnia and Herzegovina,High_Representative_for_Bosnia_and_Herzegovina,2026-06-22,276,2026.0
Bosnia_and_Herzegovina,Politics of Bosnia and Herzegovina,High_Representative_for_Bosnia_and_Herzegovina,2026-06-23,319,2026.0
Bosnia_and_Herzegovina,Politics of Bosnia and Herzegovina,High_Representative_for_Bosnia_and_Herzegovina,2026-06-24,537,2026.0
Bosnia_and_Herzegovina,Politics of Bosnia and Herzegovina,High_Representative_for_Bosnia_and_Herzegovina,2026-06-25,376,2026.0
Bosnia_and_Herzegovina,Politics of Bosnia and Herzegovina,High_Representative_for_Bosnia_and_Herzegovina,2026-06-26,507,2026.0
Bosnia_and_Herzegovina,Politics of Bosnia and Herzegovina,High_Representative_for_Bosnia_and_Herzegovina,2026-06-27,409,2026.0
Bosnia_and_Herzegovina,Politics of Bosnia and Herzegovina,High_Representative_for_Bosnia_and_Herzegovina,2026-06-28,392,2026.0
Bosnia_and_Herzegovina,Politics of Bosnia and Herzegovina,High_Representative_for_Bosnia_and_Herzegovina,2026-06-29,382,2026.0
Bosnia_and_Herzegovina,Politics of Bosnia and Herzegovina,High_Representative_for_Bosnia_and_Herzegovina,2026-06-30,657,2026.0
Bosnia_and_Herzegovina,Politics of Bosnia and Herzegovina,High_Representative_for_Bosnia_and_Herzegovina,2026-07-01,1023,2026.0
Bosnia_and_Herzegovina,Politics of Bosnia and Herzegovina,High_Representative_for_Bosnia_and_Herzegovina,2026-07-02,1457,2026.0
Bosnia_and_Herzegovina,Politics of Bosnia and Herzegovina,High_Representative_for_Bosnia_and_Herzegovina,2026-07-03,1340,2026.0
Bosnia_and_Herzegovina,Politics of Bosnia and Herzegovina,High_Representative_for_Bosnia_and_Herzegovina,2026-07-04,791,2026.0
Bosnia_and_Herzegovina,Politics of Bosnia and Herzegovina,High_Representative_for_Bosnia_and_Herzegovina,2026-07-05,542,2026.0
Bosnia_and_Herzegovina,Politics of Bosnia and Herzegovina,High_Representative_for_Bosnia_and_Herzegovina,2026-07-06,517,2026.0
Bosnia_and_Herzegovina,Politics of Bosnia and Herzegovina,High_Representative_for_Bosnia_and_Herzegovina,2026-07-07,501,2026.0
Bosnia_and_Herzegovina,Politics of Bosnia and Herzegovina,High_Representative_for_Bosnia_and_Herzegovina,2026-07-08,481,2026.0
Bosnia_and_Herzegovina,Politics of Bosnia and Herzegovina,High_Representative_for_Bosnia_and_Herzegovina,2026-07-09,329,2026.0
Bosnia_and_Herzegovina,Politics of Bosnia and Herzegovina,High_Representative_for_Bosnia_and_Herzegovina,2026-07-10,370,2026.0
Bosnia_and_Herzegovina,Politics of Bosnia and Herzegovina,High_Representative_for_Bosnia_and_Herzegovina,2026-07-11,437,2026.0
Bosnia_and_Herzegovina,Politics of Bosnia and Herzegovina,High_Representative_for_Bosnia_and_Herzegovina,2026-07-12,414,2026.0
Bosnia_and_Herzegovina,Politics of Bosnia and Herzegovina,High_Representative_for_Bosnia_and_Herzegovina,2026-07-13,335,2026.0
Bosnia_and_Herzegovina,Politics of Bosnia and Herzegovina,High_Representative_for_Bosnia_and_Herzegovina,2026-07-14,353,2026.0
Bosnia_and_Herzegovina,Politics of Bosnia and Herzegovina,High_Representative_for_Bosnia_and_Herzegovina,2026-07-15,286,2026.0
Bosnia_and_Herzegovina,Politics of Bosnia and Herzegovina,High_Representative_for_Bosnia_and_Herzegovina,2026-07-16,305,2026.0
Bosnia_and_Herzegovina,Politics of Bosnia and Herzegovina,High_Representative_for_Bosnia_and_Herzegovina,2026-07-17,233,2026.0
Bosnia_and_Herzegovina,Politics of Bosnia and Herzegovina,High_Representative_for_Bosnia_and_Herzegovina,2026-07-18,246,2026.0
Bosnia_and_Herzegovina,Politics of Bosnia and Herzegovina,High_Representative_for_Bosnia_and_Herzegovina,2026-07-19,248,2026.0
Bosnia_and_Herzegovina,Politics of Bosnia and Herzegovina,High_Representative_for_Bosnia_and_Herzegovina,2026-07-20,277,2026.0
Bosnia_and_Herzegovina,Politics of Bosnia and Herzegovina,High_Representative_for_Bosnia_and_Herzegovina,2026-07-21,219,2026.0
Bosnia_and_Herzegovina,Politics of Bosnia and Herzegovina,High_Representative_for_Bosnia_and_Herzegovina,2026-07-22,248,2026.0
Bosnia_and_Herzegovina,Politics of Bosnia and Herzegovina,High_Representative_for_Bosnia_and_Herzegovina,2026-07-23,241,2026.0
Bosnia_and_Herzegovina,Politics of Bosnia and Herzegovina,High_Representative_for_Bosnia_and_Herzegovina,2026-07-24,210,2026.0
Bosnia_and_Herzegovina,Politics of Bosnia and Herzegovina,High_Representative_for_Bosnia_and_Herzegovina,2026-07-25,212,2026.0
Bosnia_and_Herzegovina,Politics of Bosnia and Herzegovina,High_Representative_for_Bosnia_and_Herzegovina,2026-07-26,890,2026.0
Bosnia_and_Herzegovina,Politics of Bosnia and Herzegovina,High_Representative_for_Bosnia_and_Herzegovina,2026-07-27,424,2026.0
Bosnia_and_Herzegovina,Politics of Bosnia and Herzegovina,High_Representative_for_Bosnia_and_Herzegovina,2026-07-28,320,2026.0
Bosnia_and_Herzegovina,Politics of Bosnia and Herzegovina,High_Representative_for_Bosnia_and_Herzegovina,2026-07-29,248,2026.0
Bosnia_and_Herzegovina,Politics of Bosnia and Herzegovina,High_Representative_for_Bosnia_and_Herzegovina,2026-07-30,205,2026.0
England,Culture of England,The_Beatles,2022-11-01,17574,2022.0
England,Culture of England,The_Beatles,2022-11-02,17653,2022.0
England,Culture of England,The_Beatles,2022-11-03,18525,2022.0
England,Culture of England,The_Beatles,2022-11-04,18642,2022.0
England,Culture of England,The_Beatles,2022-11-05,18750,2022.0
England,Culture of England,The_Beatles,2022-11-06,19487,2022.0
England,Culture of England,The_Beatles,2022-11-07,17471,2022.0
England,Culture of England,The_Beatles,2022-11-08,18375,2022.0
England,Culture of England,The_Beatles,2022-11-09,19868,2022.0
England,Culture of England,The_Beatles,2022-11-10,16795,2022.0
England,Culture of England,The_Beatles,2022-11-11,17864,2022.0
England,Culture of England,The_Beatles,2022-11-12,20441,2022.0
England,Culture of England,The_Beatles,2022-11-13,18361,2022.0
England,Culture of England,The_Beatles,2022-11-14,17301,2022.0
England,Culture of England,The_Beatles,2022-11-15,16636,2022.0
England,Culture of England,The_Beatles,2022-11-16,19123,2022.0
England,Culture of England,The_Beatles,2022-11-17,18320,2022.0
England,Culture of England,The_Beatles,2022-11-18,17272,2022.0
England,Culture of England,The_Beatles,2022-11-19,17151,2022.0
England,Culture of England,The_Beatles,2022-11-20,19259,2022.0
England,Culture of England,The_Beatles,2022-11-21,16182,2022.0
England,Culture of England,The_Beatles,2022-11-22,17557,2022.0
England,Culture of England,The_Beatles,2022-11-23,17054,2022.0
England,Culture of England,The_Beatles,2022-11-24,16948,2022.0
England,Culture of England,The_Beatles,2022-11-25,14926,2022.0
England,Culture of England,The_Beatles,2022-11-26,14870,2022.0
England,Culture of England,The_Beatles,2022-11-27,17167,2022.0
England,Culture of England,The_Beatles,2022-11-28,17976,2022.0
England,Culture of England,The_Beatles,2022-11-29,17514,2022.0
England,Culture of England,The_Beatles,2022-11-30,18151,2022.0
England,Culture of England,The_Beatles,2022-12-01,15333,2022.0
England,Culture of England,The_Beatles,2022-12-02,15276,2022.0
England,Culture of England,The_Beatles,2022-12-03,14657,2022.0
England,Culture of England,The_Beatles,2022-12-04,16454,2022.0
England,Culture of England,The_Beatles,2022-12-05,16272,2022.0
England,Culture of England,The_Beatles,2022-12-06,13048,2022.0
England,Culture of England,The_Beatles,2022-12-07,17364,2022.0
England,Culture of England,The_Beatles,2022-12-08,17649,2022.0
England,Culture of England,The_Beatles,2022-12-09,15187,2022.0
England,Culture of England,The_Beatles,2022-12-10,17078,2022.0
England,Culture of England,The_Beatles,2022-12-11,17081,2022.0
England,Culture of England,The_Beatles,2022-12-12,16002,2022.0
England,Culture of England,The_Beatles,2022-12-13,13231,2022.0
England,Culture of England,The_Beatles,2022-12-14,16094,2022.0
England,Culture of England,The_Beatles,2022-12-15,15964,2022.0
England,Culture of England,The_Beatles,2022-12-16,14702,2022.0
England,Culture of England,The_Beatles,2022-12-17,15263,2022.0
England,Culture of England,The_Beatles,2022-12-18,13602,2022.0
England,Culture of England,The_Beatles,2022-12-19,15326,2022.0
England,Culture of England,The_Beatles,2022-12-20,13002,2022.0
England,Culture of England,The_Beatles,2022-12-21,16385,2022.0
England,Culture of England,The_Beatles,2022-12-22,15746,2022.0
England,Culture of England,The_Beatles,2022-12-23,17088,2022.0
England,Culture of England,The_Beatles,2022-12-24,15717,2022.0
England,Culture of England,The_Beatles,2022-12-25,15633,2022.0
England,Culture of England,The_Beatles,2022-12-26,16130,2022.0
England,Culture of England,The_Beatles,2022-12-27,16991,2022.0
England,Culture of England,The_Beatles,2022-12-28,15868,2022.0
England,Culture of England,The_Beatles,2022-12-29,15813,2022.0
England,Culture of England,The_Beatles,2022-12-30,16635,2022.0
England,Culture of England,The_Beatles,2022-12-31,18928,2022.0
England,Housing in England,BedZED,2022-11-01,58,2022.0
England,Housing in England,BedZED,2022-11-02,61,2022.0
England,Housing in England,BedZED,2022-11-03,66,2022.0
England,Housing in England,BedZED,2022-11-04,55,2022.0
England,Housing in England,BedZED,2022-11-05,69,2022.0
England,Housing in England,BedZED,2022-11-06,87,2022.0
England,Housing in England,BedZED,2022-11-07,140,2022.0
England,Housing in England,BedZED,2022-11-08,141,2022.0
England,Housing in England,BedZED,2022-11-09,161,2022.0
England,Housing in England,BedZED,2022-11-10,125,2022.0
England,Housing in England,BedZED,2022-11-11,133,2022.0
England,Housing in England,BedZED,2022-11-12,99,2022.0
England,Housing in England,BedZED,2022-11-13,151,2022.0
England,Housing in England,BedZED,2022-11-14,141,2022.0
England,Housing in England,BedZED,2022-11-15,111,2022.0
England,Housing in England,BedZED,2022-11-16,111,2022.0
England,Housing in England,BedZED,2022-11-17,72,2022.0
England,Housing in England,BedZED,2022-11-18,85,2022.0
England,Housing in England,BedZED,2022-11-19,46,2022.0
England,Housing in England,BedZED,2022-11-20,39,2022.0
England,Housing in England,BedZED,2022-11-21,82,2022.0
England,Housing in England,BedZED,2022-11-22,65,2022.0
England,Housing in England,BedZED,2022-11-23,70,2022.0
England,Housing in England,BedZED,2022-11-24,97,2022.0
England,Housing in England,BedZED,2022-11-25,50,2022.0
England,Housing in England,BedZED,2022-11-26,55,2022.0
England,Housing in England,BedZED,2022-11-27,40,2022.0
England,Housing in England,BedZED,2022-11-28,75,2022.0
England,Housing in England,BedZED,2022-11-29,91,2022.0
England,Housing in England,BedZED,2022-11-30,67,2022.0
England,Housing in England,BedZED,2022-12-01,79,2022.0
England,Housing in England,BedZED,2022-12-02,116,2022.0
England,Housing in England,BedZED,2022-12-03,42,2022.0
England,Housing in England,BedZED,2022-12-04,33,2022.0
England,Housing in England,BedZED,2022-12-05,113,2022.0
England,Housing in England,BedZED,2022-12-06,75,2022.0
England,Housing in England,BedZED,2022-12-07,81,2022.0
England,Housing in England,BedZED,2022-12-08,66,2022.0
England,Housing in England,BedZED,2022-12-09,55,2022.0
England,Housing in England,BedZED,2022-12-10,48,2022.0
England,Housing in England,BedZED,2022-12-11,35,2022.0
England,Housing in England,BedZED,2022-12-12,54,2022.0
England,Housing in England,BedZED,2022-12-13,68,2022.0
England,Housing in England,BedZED,2022-12-14,57,2022.0
England,Housing in England,BedZED,2022-12-15,73,2022.0
England,Housing in England,BedZED,2022-12-16,38,2022.0
England,Housing in England,BedZED,2022-12-17,47,2022.0
England,Housing in England,BedZED,2022-12-18,45,2022.0
England,Housing in England,BedZED,2022-12-19,41,2022.0
England,Housing in England,BedZED,2022-12-20,43,2022.0
England,Housing in England,BedZED,2022-12-21,40,2022.0
England,Housing in England,BedZED,2022-12-22,24,2022.0
England,Housing in England,BedZED,2022-12-23,22,2022.0
England,Housing in England,BedZED,2022-12-24,36,2022.0
England,Housing in England,BedZED,2022-12-25,18,2022.0
England,Housing in England,BedZED,2022-12-26,36,2022.0
England,Housing in England,BedZED,2022-12-27,43,2022.0
England,Housing in England,BedZED,2022-12-28,33,2022.0
England,Housing in England,BedZED,2022-12-29,55,2022.0
England,Housing in England,BedZED,2022-12-30,88,2022.0
England,Housing in England,BedZED,2022-12-31,91,2022.0
England,Politics of England,Counties_of_England,2022-11-01,2067,2022.0
England,Politics of England,Counties_of_England,2022-11-02,2087,2022.0
England,Politics of England,Counties_of_England,2022-11-03,2177,2022.0
England,Politics of England,Counties_of_England,2022-11-04,1920,2022.0
England,Politics of England,Counties_of_England,2022-11-05,1910,2022.0
England,Politics of England,Counties_of_England,2022-11-06,2507,2022.0
England,Politics of England,Counties_of_England,2022-11-07,2215,2022.0
England,Politics of England,Counties_of_England,2022-11-08,2167,2022.0
England,Politics of England,Counties_of_England,2022-11-09,2166,2022.0
England,Politics of England,Counties_of_England,2022-11-10,2045,2022.0
England,Politics of England,Counties_of_England,2022-11-11,1953,2022.0
England,Politics of England,Counties_of_England,2022-11-12,1799,2022.0
England,Politics of England,Counties_of_England,2022-11-13,2181,2022.0
England,Politics of England,Counties_of_England,2022-11-14,2218,2022.0
England,Politics of England,Counties_of_England,2022-11-15,2017,2022.0
England,Politics of England,Counties_of_England,2022-11-16,1870,2022.0
England,Politics of England,Counties_of_England,2022-11-17,2164,2022.0
England,Politics of England,Counties_of_England,2022-11-18,2030,2022.0
England,Politics of England,Counties_of_England,2022-11-19,1722,2022.0
England,Politics of England,Counties_of_England,2022-11-20,1870,2022.0
England,Politics of England,Counties_of_England,2022-11-21,2040,2022.0
England,Politics of England,Counties_of_England,2022-11-22,1870,2022.0
England,Politics of England,Counties_of_England,2022-11-23,1943,2022.0
England,Politics of England,Counties_of_England,2022-11-24,1732,2022.0
England,Politics of England,Counties_of_England,2022-11-25,1745,2022.0
England,Politics of England,Counties_of_England,2022-11-26,1776,2022.0
England,Politics of England,Counties_of_England,2022-11-27,1933,2022.0
England,Politics of England,Counties_of_England,2022-11-28,1968,2022.0
England,Politics of England,Counties_of_England,2022-11-29,1939,2022.0
England,Politics of England,Counties_of_England,2022-11-30,1699,2022.0
England,Politics of England,Counties_of_England,2022-12-01,1649,2022.0
England,Politics of England,Counties_of_England,2022-12-02,1457,2022.0
England,Politics of England,Counties_of_England,2022-12-03,1441,2022.0
England,Politics of England,Counties_of_England,2022-12-04,1653,2022.0
England,Politics of England,Counties_of_England,2022-12-05,1742,2022.0
England,Politics of England,Counties_of_England,2022-12-06,1456,2022.0
England,Politics of England,Counties_of_England,2022-12-07,1632,2022.0
England,Politics of England,Counties_of_England,2022-12-08,1652,2022.0
England,Politics of England,Counties_of_England,2022-12-09,1499,2022.0
England,Politics of England,Counties_of_England,2022-12-10,1528,2022.0
England,Politics of England,Counties_of_England,2022-12-11,1708,2022.0
England,Politics of England,Counties_of_England,2022-12-12,1763,2022.0
England,Politics of England,Counties_of_England,2022-12-13,1702,2022.0
England,Politics of England,Counties_of_England,2022-12-14,1675,2022.0
England,Politics of England,Counties_of_England,2022-12-15,1579,2022.0
England,Politics of England,Counties_of_England,2022-12-16,1490,2022.0
England,Politics of England,Counties_of_England,2022-12-17,1393,2022.0
England,Politics of England,Counties_of_England,2022-12-18,1349,2022.0
England,Politics of England,Counties_of_England,2022-12-19,1856,2022.0
England,Politics of England,Counties_of_England,2022-12-20,1738,2022.0
England,Politics of England,Counties_of_England,2022-12-21,1655,2022.0
England,Politics of England,Counties_of_England,2022-12-22,1574,2022.0
England,Politics of England,Counties_of_England,2022-12-23,1570,2022.0
England,Politics of England,Counties_of_England,2022-12-24,1530,2022.0
England,Politics of England,Counties_of_England,2022-12-25,1612,2022.0
England,Politics of England,Counties_of_England,2022-12-26,1906,2022.0
England,Politics of England,Counties_of_England,2022-12-27,1918,2022.0
England,Politics of England,Counties_of_England,2022-12-28,1812,2022.0
England,Politics of England,Counties_of_England,2022-12-29,1695,2022.0
England,Politics of England,Counties_of_England,2022-12-30,1757,2022.0
England,Politics of England,Counties_of_England,2022-12-31,1575,2022.0
England,Geography of England,Northern_England,2022-11-01,758,2022.0
England,Geography of England,Northern_England,2022-11-02,770,2022.0
England,Geography of England,Northern_England,2022-11-03,733,2022.0
England,Geography of England,Northern_England,2022-11-04,682,2022.0
England,Geography of England,Northern_England,2022-11-05,774,2022.0
England,Geography of England,Northern_England,2022-11-06,665,2022.0
England,Geography of England,Northern_England,2022-11-07,732,2022.0
England,Geography of England,Northern_England,2022-11-08,816,2022.0
England,Geography of England,Northern_England,2022-11-09,689,2022.0
England,Geography of England,Northern_England,2022-11-10,641,2022.0
England,Geography of England,Northern_England,2022-11-11,600,2022.0
England,Geography of England,Northern_England,2022-11-12,649,2022.0
England,Geography of England,Northern_England,2022-11-13,710,2022.0
England,Geography of England,Northern_England,2022-11-14,790,2022.0
England,Geography of England,Northern_England,2022-11-15,753,2022.0
England,Geography of England,Northern_England,2022-11-16,709,2022.0
England,Geography of England,Northern_England,2022-11-17,636,2022.0
England,Geography of England,Northern_England,2022-11-18,709,2022.0
England,Geography of England,Northern_England,2022-11-19,643,2022.0
England,Geography of England,Northern_England,2022-11-20,708,2022.0
England,Geography of England,Northern_England,2022-11-21,648,2022.0
England,Geography of England,Northern_England,2022-11-22,664,2022.0
England,Geography of England,Northern_England,2022-11-23,684,2022.0
England,Geography of England,Northern_England,2022-11-24,686,2022.0
England,Geography of England,Northern_England,2022-11-25,629,2022.0
England,Geography of England,Northern_England,2022-11-26,627,2022.0
England,Geography of England,Northern_England,2022-11-27,661,2022.0
England,Geography of England,Northern_England,2022-11-28,682,2022.0
England,Geography of England,Northern_England,2022-11-29,680,2022.0
England,Geography of England,Northern_England,2022-11-30,682,2022.0
England,Geography of England,Northern_England,2022-12-01,675,2022.0
England,Geography of England,Northern_England,2022-12-02,569,2022.0
England,Geography of England,Northern_England,2022-12-03,588,2022.0
England,Geography of England,Northern_England,2022-12-04,622,2022.0
England,Geography of England,Northern_England,2022-12-05,653,2022.0
England,Geography of England,Northern_England,2022-12-06,665,2022.0
England,Geography of England,Northern_England,2022-12-07,645,2022.0
England,Geography of England,Northern_England,2022-12-08,631,2022.0
England,Geography of England,Northern_England,2022-12-09,705,2022.0
England,Geography of England,Northern_England,2022-12-10,601,2022.0
England,Geography of England,Northern_England,2022-12-11,622,2022.0
England,Geography of England,Northern_England,2022-12-12,709,2022.0
England,Geography of England,Northern_England,2022-12-13,678,2022.0
England,Geography of England,Northern_England,2022-12-14,686,2022.0
England,Geography of England,Northern_England,2022-12-15,621,2022.0
England,Geography of England,Northern_England,2022-12-16,614,2022.0
England,Geography of England,Northern_England,2022-12-17,532,2022.0
England,Geography of England,Northern_England,2022-12-18,604,2022.0
England,Geography of England,Northern_England,2022-12-19,596,2022.0
England,Geography of England,Northern_England,2022-12-20,621,2022.0
England,Geography of England,Northern_England,2022-12-21,603,2022.0
England,Geography of England,Northern_England,2022-12-22,578,2022.0
England,Geography of England,Northern_England,2022-12-23,600,2022.0
England,Geography of England,Northern_England,2022-12-24,556,2022.0
England,Geography of England,Northern_England,2022-12-25,507,2022.0
England,Geography of England,Northern_England,2022-12-26,614,2022.0
England,Geography of England,Northern_England,2022-12-27,572,2022.0
England,Geography of England,Northern_England,2022-12-28,661,2022.0
England,Geography of England,Northern_England,2022-12-29,714,2022.0
England,Geography of England,Northern_England,2022-12-30,618,2022.0
England,Geography of England,Northern_England,2022-12-31,593,2022.0
Germany,Culture of Germany,Eurogame,,0,
Germany,Education in Germany,Fachwirt,,0,
Germany,Politics of Germany,District_council_(Germany),,0,
Germany,Economy of Germany,Federal_Ministry_for_Economic_Affairs_and_Energy,,0,
Ghana,Politics of Ghana,Human_rights_in_Ghana,,0,
Ghana,Politics of Ghana,National_Liberation_Council,,0,
Ghana,Government of Ghana,National_Liberation_Council,,0,
Ghana,Culture of Ghana,Gambei,,0,
Ghana,Education in Ghana,Zabzugu_Senior_High_School,,0,
Iran,Economy of Iran,Economy_of_Iran,2022-11-01,1222,2022.0
Iran,Economy of Iran,Economy_of_Iran,2022-11-02,1208,2022.0
Iran,Economy of Iran,Economy_of_Iran,2022-11-03,1187,2022.0
Iran,Economy of Iran,Economy_of_Iran,2022-11-04,1198,2022.0
Iran,Economy of Iran,Economy_of_Iran,2022-11-05,1221,2022.0
Iran,Economy of Iran,Economy_of_Iran,2022-11-06,1323,2022.0
Iran,Economy of Iran,Economy_of_Iran,2022-11-07,1228,2022.0
Iran,Economy of Iran,Economy_of_Iran,2022-11-08,1254,2022.0
Iran,Economy of Iran,Economy_of_Iran,2022-11-09,1030,2022.0
Iran,Economy of Iran,Economy_of_Iran,2022-11-10,1061,2022.0
Iran,Economy of Iran,Economy_of_Iran,2022-11-11,949,2022.0
Iran,Economy of Iran,Economy_of_Iran,2022-11-12,1103,2022.0
Iran,Economy of Iran,Economy_of_Iran,2022-11-13,1181,2022.0
Iran,Economy of Iran,Economy_of_Iran,2022-11-14,1297,2022.0
Iran,Economy of Iran,Economy_of_Iran,2022-11-15,1367,2022.0
Iran,Economy of Iran,Economy_of_Iran,2022-11-16,1308,2022.0
Iran,Economy of Iran,Economy_of_Iran,2022-11-17,1281,2022.0
Iran,Economy of Iran,Economy_of_Iran,2022-11-18,1059,2022.0
Iran,Economy of Iran,Economy_of_Iran,2022-11-19,1121,2022.0
Iran,Economy of Iran,Economy_of_Iran,2022-11-20,1314,2022.0
Iran,Economy of Iran,Economy_of_Iran,2022-11-21,1628,2022.0
Iran,Economy of Iran,Economy_of_Iran,2022-11-22,1347,2022.0
Iran,Economy of Iran,Economy_of_Iran,2022-11-23,1093,2022.0
Iran,Economy of Iran,Economy_of_Iran,2022-11-24,1059,2022.0
Iran,Economy of Iran,Economy_of_Iran,2022-11-25,1353,2022.0
Iran,Economy of Iran,Economy_of_Iran,2022-11-26,1098,2022.0
Iran,Economy of Iran,Economy_of_Iran,2022-11-27,1151,2022.0
Iran,Economy of Iran,Economy_of_Iran,2022-11-28,1209,2022.0
Iran,Economy of Iran,Economy_of_Iran,2022-11-29,1465,2022.0
Iran,Economy of Iran,Economy_of_Iran,2022-11-30,1155,2022.0
Iran,Economy of Iran,Economy_of_Iran,2022-12-01,1056,2022.0
Iran,Economy of Iran,Economy_of_Iran,2022-12-02,981,2022.0
Iran,Economy of Iran,Economy_of_Iran,2022-12-03,1019,2022.0
Iran,Economy of Iran,Economy_of_Iran,2022-12-04,1125,2022.0
Iran,Economy of Iran,Economy_of_Iran,2022-12-05,1247,2022.0
Iran,Economy of Iran,Economy_of_Iran,2022-12-06,1110,2022.0
Iran,Economy of Iran,Economy_of_Iran,2022-12-07,1025,2022.0
Iran,Economy of Iran,Economy_of_Iran,2022-12-08,1195,2022.0
Iran,Economy of Iran,Economy_of_Iran,2022-12-09,1134,2022.0
Iran,Economy of Iran,Economy_of_Iran,2022-12-10,1180,2022.0
Iran,Economy of Iran,Economy_of_Iran,2022-12-11,1133,2022.0
Iran,Economy of Iran,Economy_of_Iran,2022-12-12,1117,2022.0
Iran,Economy of Iran,Economy_of_Iran,2022-12-13,1132,2022.0
Iran,Economy of Iran,Economy_of_Iran,2022-12-14,1005,2022.0
Iran,Economy of Iran,Economy_of_Iran,2022-12-15,1199,2022.0
Iran,Economy of Iran,Economy_of_Iran,2022-12-16,910,2022.0
Iran,Economy of Iran,Economy_of_Iran,2022-12-17,932,2022.0
Iran,Economy of Iran,Economy_of_Iran,2022-12-18,987,2022.0
Iran,Economy of Iran,Economy_of_Iran,2022-12-19,953,2022.0
Iran,Economy of Iran,Economy_of_Iran,2022-12-20,907,2022.0
Iran,Economy of Iran,Economy_of_Iran,2022-12-21,974,2022.0
Iran,Economy of Iran,Economy_of_Iran,2022-12-22,907,2022.0
Iran,Economy of Iran,Economy_of_Iran,2022-12-23,944,2022.0
Iran,Economy of Iran,Economy_of_Iran,2022-12-24,954,2022.0
Iran,Economy of Iran,Economy_of_Iran,2022-12-25,848,2022.0
Iran,Economy of Iran,Economy_of_Iran,2022-12-26,956,2022.0
Iran,Economy of Iran,Economy_of_Iran,2022-12-27,1108,2022.0
Iran,Economy of Iran,Economy_of_Iran,2022-12-28,948,2022.0
Iran,Economy of Iran,Economy_of_Iran,2022-12-29,1160,2022.0
Iran,Economy of Iran,Economy_of_Iran,2022-12-30,1529,2022.0
Iran,Economy of Iran,Economy_of_Iran,2022-12-31,1466,2022.0
Iran,Economy of Iran,Politics_of_Iran,2022-11-01,466,2022.0
Iran,Economy of Iran,Politics_of_Iran,2022-11-02,475,2022.0
Iran,Economy of Iran,Politics_of_Iran,2022-11-03,549,2022.0
Iran,Economy of Iran,Politics_of_Iran,2022-11-04,578,2022.0
Iran,Economy of Iran,Politics_of_Iran,2022-11-05,423,2022.0
Iran,Economy of Iran,Politics_of_Iran,2022-11-06,458,2022.0
Iran,Economy of Iran,Politics_of_Iran,2022-11-07,488,2022.0
Iran,Economy of Iran,Politics_of_Iran,2022-11-08,496,2022.0
Iran,Economy of Iran,Politics_of_Iran,2022-11-09,479,2022.0
Iran,Economy of Iran,Politics_of_Iran,2022-11-10,454,2022.0
Iran,Economy of Iran,Politics_of_Iran,2022-11-11,390,2022.0
Iran,Economy of Iran,Politics_of_Iran,2022-11-12,332,2022.0
Iran,Economy of Iran,Politics_of_Iran,2022-11-13,397,2022.0
Iran,Economy of Iran,Politics_of_Iran,2022-11-14,856,2022.0
Iran,Economy of Iran,Politics_of_Iran,2022-11-15,976,2022.0
Iran,Economy of Iran,Politics_of_Iran,2022-11-16,628,2022.0
Iran,Economy of Iran,Politics_of_Iran,2022-11-17,579,2022.0
Iran,Economy of Iran,Politics_of_Iran,2022-11-18,453,2022.0
Iran,Economy of Iran,Politics_of_Iran,2022-11-19,456,2022.0
Iran,Economy of Iran,Politics_of_Iran,2022-11-20,557,2022.0
Iran,Economy of Iran,Politics_of_Iran,2022-11-21,1229,2022.0
Iran,Economy of Iran,Politics_of_Iran,2022-11-22,883,2022.0
Iran,Economy of Iran,Politics_of_Iran,2022-11-23,497,2022.0
Iran,Economy of Iran,Politics_of_Iran,2022-11-24,440,2022.0
Iran,Economy of Iran,Politics_of_Iran,2022-11-25,785,2022.0
Iran,Economy of Iran,Politics_of_Iran,2022-11-26,478,2022.0
Iran,Economy of Iran,Politics_of_Iran,2022-11-27,486,2022.0
Iran,Economy of Iran,Politics_of_Iran,2022-11-28,603,2022.0
Iran,Economy of Iran,Politics_of_Iran,2022-11-29,1322,2022.0
Iran,Economy of Iran,Politics_of_Iran,2022-11-30,847,2022.0
Iran,Economy of Iran,Politics_of_Iran,2022-12-01,585,2022.0
Iran,Economy of Iran,Politics_of_Iran,2022-12-02,413,2022.0
Iran,Economy of Iran,Politics_of_Iran,2022-12-03,279,2022.0
Iran,Economy of Iran,Politics_of_Iran,2022-12-04,622,2022.0
Iran,Economy of Iran,Politics_of_Iran,2022-12-05,575,2022.0
Iran,Economy of Iran,Politics_of_Iran,2022-12-06,466,2022.0
Iran,Economy of Iran,Politics_of_Iran,2022-12-07,369,2022.0
Iran,Economy of Iran,Politics_of_Iran,2022-12-08,449,2022.0
Iran,Economy of Iran,Politics_of_Iran,2022-12-09,576,2022.0
Iran,Economy of Iran,Politics_of_Iran,2022-12-10,340,2022.0
Iran,Economy of Iran,Politics_of_Iran,2022-12-11,331,2022.0
Iran,Economy of Iran,Politics_of_Iran,2022-12-12,466,2022.0
Iran,Economy of Iran,Politics_of_Iran,2022-12-13,473,2022.0
Iran,Economy of Iran,Politics_of_Iran,2022-12-14,408,2022.0
Iran,Economy of Iran,Politics_of_Iran,2022-12-15,291,2022.0
Iran,Economy of Iran,Politics_of_Iran,2022-12-16,291,2022.0
Iran,Economy of Iran,Politics_of_Iran,2022-12-17,305,2022.0
Iran,Economy of Iran,Politics_of_Iran,2022-12-18,357,2022.0
Iran,Economy of Iran,Politics_of_Iran,2022-12-19,289,2022.0
Iran,Economy of Iran,Politics_of_Iran,2022-12-20,278,2022.0
Iran,Economy of Iran,Politics_of_Iran,2022-12-21,226,2022.0
Iran,Economy of Iran,Politics_of_Iran,2022-12-22,261,2022.0
Iran,Economy of Iran,Politics_of_Iran,2022-12-23,191,2022.0
Iran,Economy of Iran,Politics_of_Iran,2022-12-24,189,2022.0
Iran,Economy of Iran,Politics_of_Iran,2022-12-25,174,2022.0
Iran,Economy of Iran,Politics_of_Iran,2022-12-26,236,2022.0
Iran,Economy of Iran,Politics_of_Iran,2022-12-27,234,2022.0
Iran,Economy of Iran,Politics_of_Iran,2022-12-28,287,2022.0
Iran,Economy of Iran,Politics_of_Iran,2022-12-29,260,2022.0
Iran,Economy of Iran,Politics_of_Iran,2022-12-30,198,2022.0
Iran,Economy of Iran,Politics_of_Iran,2022-12-31,197,2022.0
Iran,Culture of Iran,Persian_language,2022-11-01,4687,2022.0
Iran,Culture of Iran,Persian_language,2022-11-02,4645,2022.0
Iran,Culture of Iran,Persian_language,2022-11-03,4764,2022.0
Iran,Culture of Iran,Persian_language,2022-11-04,4794,2022.0
Iran,Culture of Iran,Persian_language,2022-11-05,4405,2022.0
Iran,Culture of Iran,Persian_language,2022-11-06,4585,2022.0
Iran,Culture of Iran,Persian_language,2022-11-07,4942,2022.0
Iran,Culture of Iran,Persian_language,2022-11-08,5244,2022.0
Iran,Culture of Iran,Persian_language,2022-11-09,5072,2022.0
Iran,Culture of Iran,Persian_language,2022-11-10,4919,2022.0
Iran,Culture of Iran,Persian_language,2022-11-11,4761,2022.0
Iran,Culture of Iran,Persian_language,2022-11-12,4572,2022.0
Iran,Culture of Iran,Persian_language,2022-11-13,4715,2022.0
Iran,Culture of Iran,Persian_language,2022-11-14,4822,2022.0
Iran,Culture of Iran,Persian_language,2022-11-15,4920,2022.0
Iran,Culture of Iran,Persian_language,2022-11-16,4957,2022.0
Iran,Culture of Iran,Persian_language,2022-11-17,4897,2022.0
Iran,Culture of Iran,Persian_language,2022-11-18,4604,2022.0
Iran,Culture of Iran,Persian_language,2022-11-19,5242,2022.0
Iran,Culture of Iran,Persian_language,2022-11-20,5180,2022.0
Iran,Culture of Iran,Persian_language,2022-11-21,7597,2022.0
Iran,Culture of Iran,Persian_language,2022-11-22,5615,2022.0
Iran,Culture of Iran,Persian_language,2022-11-23,5007,2022.0
Iran,Culture of Iran,Persian_language,2022-11-24,4910,2022.0
Iran,Culture of Iran,Persian_language,2022-11-25,6518,2022.0
Iran,Culture of Iran,Persian_language,2022-11-26,5119,2022.0
Iran,Culture of Iran,Persian_language,2022-11-27,5040,2022.0
Iran,Culture of Iran,Persian_language,2022-11-28,5328,2022.0
Iran,Culture of Iran,Persian_language,2022-11-29,7627,2022.0
Iran,Culture of Iran,Persian_language,2022-11-30,5583,2022.0
Iran,Culture of Iran,Persian_language,2022-12-01,4783,2022.0
Iran,Culture of Iran,Persian_language,2022-12-02,3963,2022.0
Iran,Culture of Iran,Persian_language,2022-12-03,3976,2022.0
Iran,Culture of Iran,Persian_language,2022-12-04,4433,2022.0
Iran,Culture of Iran,Persian_language,2022-12-05,4145,2022.0
Iran,Culture of Iran,Persian_language,2022-12-06,4130,2022.0
Iran,Culture of Iran,Persian_language,2022-12-07,4185,2022.0
Iran,Culture of Iran,Persian_language,2022-12-08,4475,2022.0
Iran,Culture of Iran,Persian_language,2022-12-09,4662,2022.0
Iran,Culture of Iran,Persian_language,2022-12-10,4640,2022.0
Iran,Culture of Iran,Persian_language,2022-12-11,4337,2022.0
Iran,Culture of Iran,Persian_language,2022-12-12,4392,2022.0
Iran,Culture of Iran,Persian_language,2022-12-13,4529,2022.0
Iran,Culture of Iran,Persian_language,2022-12-14,4297,2022.0
Iran,Culture of Iran,Persian_language,2022-12-15,4166,2022.0
Iran,Culture of Iran,Persian_language,2022-12-16,4069,2022.0
Iran,Culture of Iran,Persian_language,2022-12-17,3672,2022.0
Iran,Culture of Iran,Persian_language,2022-12-18,4014,2022.0
Iran,Culture of Iran,Persian_language,2022-12-19,4062,2022.0
Iran,Culture of Iran,Persian_language,2022-12-20,4171,2022.0
Iran,Culture of Iran,Persian_language,2022-12-21,3764,2022.0
Iran,Culture of Iran,Persian_language,2022-12-22,3902,2022.0
Iran,Culture of Iran,Persian_language,2022-12-23,4258,2022.0
Iran,Culture of Iran,Persian_language,2022-12-24,3959,2022.0
Iran,Culture of Iran,Persian_language,2022-12-25,3779,2022.0
Iran,Culture of Iran,Persian_language,2022-12-26,4387,2022.0
Iran,Culture of Iran,Persian_language,2022-12-27,4515,2022.0
Iran,Culture of Iran,Persian_language,2022-12-28,3784,2022.0
Iran,Culture of Iran,Persian_language,2022-12-29,3849,2022.0
Iran,Culture of Iran,Persian_language,2022-12-30,4069,2022.0
Iran,Culture of Iran,Persian_language,2022-12-31,3593,2022.0
Iran,Politics of Iran,Politics_of_Iran,2022-11-01,466,2022.0
Iran,Politics of Iran,Politics_of_Iran,2022-11-02,475,2022.0
Iran,Politics of Iran,Politics_of_Iran,2022-11-03,549,2022.0
Iran,Politics of Iran,Politics_of_Iran,2022-11-04,578,2022.0
Iran,Politics of Iran,Politics_of_Iran,2022-11-05,423,2022.0
Iran,Politics of Iran,Politics_of_Iran,2022-11-06,458,2022.0
Iran,Politics of Iran,Politics_of_Iran,2022-11-07,488,2022.0
Iran,Politics of Iran,Politics_of_Iran,2022-11-08,496,2022.0
Iran,Politics of Iran,Politics_of_Iran,2022-11-09,479,2022.0
Iran,Politics of Iran,Politics_of_Iran,2022-11-10,454,2022.0
Iran,Politics of Iran,Politics_of_Iran,2022-11-11,390,2022.0
Iran,Politics of Iran,Politics_of_Iran,2022-11-12,332,2022.0
Iran,Politics of Iran,Politics_of_Iran,2022-11-13,397,2022.0
Iran,Politics of Iran,Politics_of_Iran,2022-11-14,856,2022.0
Iran,Politics of Iran,Politics_of_Iran,2022-11-15,976,2022.0
Iran,Politics of Iran,Politics_of_Iran,2022-11-16,628,2022.0
Iran,Politics of Iran,Politics_of_Iran,2022-11-17,579,2022.0
Iran,Politics of Iran,Politics_of_Iran,2022-11-18,453,2022.0
Iran,Politics of Iran,Politics_of_Iran,2022-11-19,456,2022.0
Iran,Politics of Iran,Politics_of_Iran,2022-11-20,557,2022.0
Iran,Politics of Iran,Politics_of_Iran,2022-11-21,1229,2022.0
Iran,Politics of Iran,Politics_of_Iran,2022-11-22,883,2022.0
Iran,Politics of Iran,Politics_of_Iran,2022-11-23,497,2022.0
Iran,Politics of Iran,Politics_of_Iran,2022-11-24,440,2022.0
Iran,Politics of Iran,Politics_of_Iran,2022-11-25,785,2022.0
Iran,Politics of Iran,Politics_of_Iran,2022-11-26,478,2022.0
Iran,Politics of Iran,Politics_of_Iran,2022-11-27,486,2022.0
Iran,Politics of Iran,Politics_of_Iran,2022-11-28,603,2022.0
Iran,Politics of Iran,Politics_of_Iran,2022-11-29,1322,2022.0
Iran,Politics of Iran,Politics_of_Iran,2022-11-30,847,2022.0
Iran,Politics of Iran,Politics_of_Iran,2022-12-01,585,2022.0
Iran,Politics of Iran,Politics_of_Iran,2022-12-02,413,2022.0
Iran,Politics of Iran,Politics_of_Iran,2022-12-03,279,2022.0
Iran,Politics of Iran,Politics_of_Iran,2022-12-04,622,2022.0
Iran,Politics of Iran,Politics_of_Iran,2022-12-05,575,2022.0
Iran,Politics of Iran,Politics_of_Iran,2022-12-06,466,2022.0
Iran,Politics of Iran,Politics_of_Iran,2022-12-07,369,2022.0
Iran,Politics of Iran,Politics_of_Iran,2022-12-08,449,2022.0
Iran,Politics of Iran,Politics_of_Iran,2022-12-09,576,2022.0
Iran,Politics of Iran,Politics_of_Iran,2022-12-10,340,2022.0
Iran,Politics of Iran,Politics_of_Iran,2022-12-11,331,2022.0
Iran,Politics of Iran,Politics_of_Iran,2022-12-12,466,2022.0
Iran,Politics of Iran,Politics_of_Iran,2022-12-13,473,2022.0
Iran,Politics of Iran,Politics_of_Iran,2022-12-14,408,2022.0
Iran,Politics of Iran,Politics_of_Iran,2022-12-15,291,2022.0
Iran,Politics of Iran,Politics_of_Iran,2022-12-16,291,2022.0
Iran,Politics of Iran,Politics_of_Iran,2022-12-17,305,2022.0
Iran,Politics of Iran,Politics_of_Iran,2022-12-18,357,2022.0
Iran,Politics of Iran,Politics_of_Iran,2022-12-19,289,2022.0
Iran,Politics of Iran,Politics_of_Iran,2022-12-20,278,2022.0
Iran,Politics of Iran,Politics_of_Iran,2022-12-21,226,2022.0
Iran,Politics of Iran,Politics_of_Iran,2022-12-22,261,2022.0
Iran,Politics of Iran,Politics_of_Iran,2022-12-23,191,2022.0
Iran,Politics of Iran,Politics_of_Iran,2022-12-24,189,2022.0
Iran,Politics of Iran,Politics_of_Iran,2022-12-25,174,2022.0
Iran,Politics of Iran,Politics_of_Iran,2022-12-26,236,2022.0
Iran,Politics of Iran,Politics_of_Iran,2022-12-27,234,2022.0
Iran,Politics of Iran,Politics_of_Iran,2022-12-28,287,2022.0
Iran,Politics of Iran,Politics_of_Iran,2022-12-29,260,2022.0
Iran,Politics of Iran,Politics_of_Iran,2022-12-30,198,2022.0
Iran,Politics of Iran,Politics_of_Iran,2022-12-31,197,2022.0
Iran,Politics of Iran,Supreme_Leader_of_Iran,2022-11-01,1669,2022.0
Iran,Politics of Iran,Supreme_Leader_of_Iran,2022-11-02,1675,2022.0
Iran,Politics of Iran,Supreme_Leader_of_Iran,2022-11-03,1685,2022.0
Iran,Politics of Iran,Supreme_Leader_of_Iran,2022-11-04,1823,2022.0
Iran,Politics of Iran,Supreme_Leader_of_Iran,2022-11-05,1395,2022.0
Iran,Politics of Iran,Supreme_Leader_of_Iran,2022-11-06,1414,2022.0
Iran,Politics of Iran,Supreme_Leader_of_Iran,2022-11-07,1480,2022.0
Iran,Politics of Iran,Supreme_Leader_of_Iran,2022-11-08,1428,2022.0
Iran,Politics of Iran,Supreme_Leader_of_Iran,2022-11-09,1349,2022.0
Iran,Politics of Iran,Supreme_Leader_of_Iran,2022-11-10,1381,2022.0
Iran,Politics of Iran,Supreme_Leader_of_Iran,2022-11-11,1280,2022.0
Iran,Politics of Iran,Supreme_Leader_of_Iran,2022-11-12,1134,2022.0
Iran,Politics of Iran,Supreme_Leader_of_Iran,2022-11-13,1279,2022.0
Iran,Politics of Iran,Supreme_Leader_of_Iran,2022-11-14,2288,2022.0
Iran,Politics of Iran,Supreme_Leader_of_Iran,2022-11-15,2537,2022.0
Iran,Politics of Iran,Supreme_Leader_of_Iran,2022-11-16,1806,2022.0
Iran,Politics of Iran,Supreme_Leader_of_Iran,2022-11-17,1678,2022.0
Iran,Politics of Iran,Supreme_Leader_of_Iran,2022-11-18,2039,2022.0
Iran,Politics of Iran,Supreme_Leader_of_Iran,2022-11-19,2023,2022.0
Iran,Politics of Iran,Supreme_Leader_of_Iran,2022-11-20,2170,2022.0
Iran,Politics of Iran,Supreme_Leader_of_Iran,2022-11-21,4636,2022.0
Iran,Politics of Iran,Supreme_Leader_of_Iran,2022-11-22,2880,2022.0
Iran,Politics of Iran,Supreme_Leader_of_Iran,2022-11-23,1807,2022.0
Iran,Politics of Iran,Supreme_Leader_of_Iran,2022-11-24,1768,2022.0
Iran,Politics of Iran,Supreme_Leader_of_Iran,2022-11-25,2806,2022.0
Iran,Politics of Iran,Supreme_Leader_of_Iran,2022-11-26,1884,2022.0
Iran,Politics of Iran,Supreme_Leader_of_Iran,2022-11-27,2136,2022.0
Iran,Politics of Iran,Supreme_Leader_of_Iran,2022-11-28,2876,2022.0
Iran,Politics of Iran,Supreme_Leader_of_Iran,2022-11-29,5303,2022.0
Iran,Politics of Iran,Supreme_Leader_of_Iran,2022-11-30,3361,2022.0
Iran,Politics of Iran,Supreme_Leader_of_Iran,2022-12-01,2002,2022.0
Iran,Politics of Iran,Supreme_Leader_of_Iran,2022-12-02,1356,2022.0
Iran,Politics of Iran,Supreme_Leader_of_Iran,2022-12-03,1241,2022.0
Iran,Politics of Iran,Supreme_Leader_of_Iran,2022-12-04,2436,2022.0
Iran,Politics of Iran,Supreme_Leader_of_Iran,2022-12-05,1984,2022.0
Iran,Politics of Iran,Supreme_Leader_of_Iran,2022-12-06,1440,2022.0
Iran,Politics of Iran,Supreme_Leader_of_Iran,2022-12-07,1623,2022.0
Iran,Politics of Iran,Supreme_Leader_of_Iran,2022-12-08,2286,2022.0
Iran,Politics of Iran,Supreme_Leader_of_Iran,2022-12-09,1637,2022.0
Iran,Politics of Iran,Supreme_Leader_of_Iran,2022-12-10,1364,2022.0
Iran,Politics of Iran,Supreme_Leader_of_Iran,2022-12-11,1299,2022.0
Iran,Politics of Iran,Supreme_Leader_of_Iran,2022-12-12,1778,2022.0
Iran,Politics of Iran,Supreme_Leader_of_Iran,2022-12-13,1849,2022.0
Iran,Politics of Iran,Supreme_Leader_of_Iran,2022-12-14,1530,2022.0
Iran,Politics of Iran,Supreme_Leader_of_Iran,2022-12-15,1308,2022.0
Iran,Politics of Iran,Supreme_Leader_of_Iran,2022-12-16,1146,2022.0
Iran,Politics of Iran,Supreme_Leader_of_Iran,2022-12-17,1172,2022.0
Iran,Politics of Iran,Supreme_Leader_of_Iran,2022-12-18,1247,2022.0
Iran,Politics of Iran,Supreme_Leader_of_Iran,2022-12-19,1090,2022.0
Iran,Politics of Iran,Supreme_Leader_of_Iran,2022-12-20,1142,2022.0
Iran,Politics of Iran,Supreme_Leader_of_Iran,2022-12-21,973,2022.0
Iran,Politics of Iran,Supreme_Leader_of_Iran,2022-12-22,1344,2022.0
Iran,Politics of Iran,Supreme_Leader_of_Iran,2022-12-23,1092,2022.0
Iran,Politics of Iran,Supreme_Leader_of_Iran,2022-12-24,919,2022.0
Iran,Politics of Iran,Supreme_Leader_of_Iran,2022-12-25,873,2022.0
Iran,Politics of Iran,Supreme_Leader_of_Iran,2022-12-26,1006,2022.0
Iran,Politics of Iran,Supreme_Leader_of_Iran,2022-12-27,1151,2022.0
Iran,Politics of Iran,Supreme_Leader_of_Iran,2022-12-28,993,2022.0
Iran,Politics of Iran,Supreme_Leader_of_Iran,2022-12-29,971,2022.0
Iran,Politics of Iran,Supreme_Leader_of_Iran,2022-12-30,942,2022.0
Iran,Politics of Iran,Supreme_Leader_of_Iran,2022-12-31,802,2022.0
Iran,Government of Iran,Politics_of_Iran,2022-11-01,466,2022.0
Iran,Government of Iran,Politics_of_Iran,2022-11-02,475,2022.0
Iran,Government of Iran,Politics_of_Iran,2022-11-03,549,2022.0
Iran,Government of Iran,Politics_of_Iran,2022-11-04,578,2022.0
Iran,Government of Iran,Politics_of_Iran,2022-11-05,423,2022.0
Iran,Government of Iran,Politics_of_Iran,2022-11-06,458,2022.0
Iran,Government of Iran,Politics_of_Iran,2022-11-07,488,2022.0
Iran,Government of Iran,Politics_of_Iran,2022-11-08,496,2022.0
Iran,Government of Iran,Politics_of_Iran,2022-11-09,479,2022.0
Iran,Government of Iran,Politics_of_Iran,2022-11-10,454,2022.0
Iran,Government of Iran,Politics_of_Iran,2022-11-11,390,2022.0
Iran,Government of Iran,Politics_of_Iran,2022-11-12,332,2022.0
Iran,Government of Iran,Politics_of_Iran,2022-11-13,397,2022.0
Iran,Government of Iran,Politics_of_Iran,2022-11-14,856,2022.0
Iran,Government of Iran,Politics_of_Iran,2022-11-15,976,2022.0
Iran,Government of Iran,Politics_of_Iran,2022-11-16,628,2022.0
Iran,Government of Iran,Politics_of_Iran,2022-11-17,579,2022.0
Iran,Government of Iran,Politics_of_Iran,2022-11-18,453,2022.0
Iran,Government of Iran,Politics_of_Iran,2022-11-19,456,2022.0
Iran,Government of Iran,Politics_of_Iran,2022-11-20,557,2022.0
Iran,Government of Iran,Politics_of_Iran,2022-11-21,1229,2022.0
Iran,Government of Iran,Politics_of_Iran,2022-11-22,883,2022.0
Iran,Government of Iran,Politics_of_Iran,2022-11-23,497,2022.0
Iran,Government of Iran,Politics_of_Iran,2022-11-24,440,2022.0
Iran,Government of Iran,Politics_of_Iran,2022-11-25,785,2022.0
Iran,Government of Iran,Politics_of_Iran,2022-11-26,478,2022.0
Iran,Government of Iran,Politics_of_Iran,2022-11-27,486,2022.0
Iran,Government of Iran,Politics_of_Iran,2022-11-28,603,2022.0
Iran,Government of Iran,Politics_of_Iran,2022-11-29,1322,2022.0
Iran,Government of Iran,Politics_of_Iran,2022-11-30,847,2022.0
Iran,Government of Iran,Politics_of_Iran,2022-12-01,585,2022.0
Iran,Government of Iran,Politics_of_Iran,2022-12-02,413,2022.0
Iran,Government of Iran,Politics_of_Iran,2022-12-03,279,2022.0
Iran,Government of Iran,Politics_of_Iran,2022-12-04,622,2022.0
Iran,Government of Iran,Politics_of_Iran,2022-12-05,575,2022.0
Iran,Government of Iran,Politics_of_Iran,2022-12-06,466,2022.0
Iran,Government of Iran,Politics_of_Iran,2022-12-07,369,2022.0
Iran,Government of Iran,Politics_of_Iran,2022-12-08,449,2022.0
Iran,Government of Iran,Politics_of_Iran,2022-12-09,576,2022.0
Iran,Government of Iran,Politics_of_Iran,2022-12-10,340,2022.0
Iran,Government of Iran,Politics_of_Iran,2022-12-11,331,2022.0
Iran,Government of Iran,Politics_of_Iran,2022-12-12,466,2022.0
Iran,Government of Iran,Politics_of_Iran,2022-12-13,473,2022.0
Iran,Government of Iran,Politics_of_Iran,2022-12-14,408,2022.0
Iran,Government of Iran,Politics_of_Iran,2022-12-15,291,2022.0
Iran,Government of Iran,Politics_of_Iran,2022-12-16,291,2022.0
Iran,Government of Iran,Politics_of_Iran,2022-12-17,305,2022.0
Iran,Government of Iran,Politics_of_Iran,2022-12-18,357,2022.0
Iran,Government of Iran,Politics_of_Iran,2022-12-19,289,2022.0
Iran,Government of Iran,Politics_of_Iran,2022-12-20,278,2022.0
Iran,Government of Iran,Politics_of_Iran,2022-12-21,226,2022.0
Iran,Government of Iran,Politics_of_Iran,2022-12-22,261,2022.0
Iran,Government of Iran,Politics_of_Iran,2022-12-23,191,2022.0
Iran,Government of Iran,Politics_of_Iran,2022-12-24,189,2022.0
Iran,Government of Iran,Politics_of_Iran,2022-12-25,174,2022.0
Iran,Government of Iran,Politics_of_Iran,2022-12-26,236,2022.0
Iran,Government of Iran,Politics_of_Iran,2022-12-27,234,2022.0
Iran,Government of Iran,Politics_of_Iran,2022-12-28,287,2022.0
Iran,Government of Iran,Politics_of_Iran,2022-12-29,260,2022.0
Iran,Government of Iran,Politics_of_Iran,2022-12-30,198,2022.0
Iran,Government of Iran,Politics_of_Iran,2022-12-31,197,2022.0
Netherlands,Culture of the Netherlands,Sinterklaas,2022-11-01,1783,2022.0
Netherlands,Culture of the Netherlands,Sinterklaas,2022-11-02,1643,2022.0
Netherlands,Culture of the Netherlands,Sinterklaas,2022-11-03,1619,2022.0
Netherlands,Culture of the Netherlands,Sinterklaas,2022-11-04,1634,2022.0
Netherlands,Culture of the Netherlands,Sinterklaas,2022-11-05,1543,2022.0
Netherlands,Culture of the Netherlands,Sinterklaas,2022-11-06,1683,2022.0
Netherlands,Culture of the Netherlands,Sinterklaas,2022-11-07,1991,2022.0
Netherlands,Culture of the Netherlands,Sinterklaas,2022-11-08,2130,2022.0
Netherlands,Culture of the Netherlands,Sinterklaas,2022-11-09,1925,2022.0
Netherlands,Culture of the Netherlands,Sinterklaas,2022-11-10,2082,2022.0
Netherlands,Culture of the Netherlands,Sinterklaas,2022-11-11,2921,2022.0
Netherlands,Culture of the Netherlands,Sinterklaas,2022-11-12,5590,2022.0
Netherlands,Culture of the Netherlands,Sinterklaas,2022-11-13,5343,2022.0
Netherlands,Culture of the Netherlands,Sinterklaas,2022-11-14,3661,2022.0
Netherlands,Culture of the Netherlands,Sinterklaas,2022-11-15,2621,2022.0
Netherlands,Culture of the Netherlands,Sinterklaas,2022-11-16,2584,2022.0
Netherlands,Culture of the Netherlands,Sinterklaas,2022-11-17,2743,2022.0
Netherlands,Culture of the Netherlands,Sinterklaas,2022-11-18,2844,2022.0
Netherlands,Culture of the Netherlands,Sinterklaas,2022-11-19,3418,2022.0
Netherlands,Culture of the Netherlands,Sinterklaas,2022-11-20,2951,2022.0
Netherlands,Culture of the Netherlands,Sinterklaas,2022-11-21,3030,2022.0
Netherlands,Culture of the Netherlands,Sinterklaas,2022-11-22,2956,2022.0
Netherlands,Culture of the Netherlands,Sinterklaas,2022-11-23,2872,2022.0
Netherlands,Culture of the Netherlands,Sinterklaas,2022-11-24,3157,2022.0
Netherlands,Culture of the Netherlands,Sinterklaas,2022-11-25,3568,2022.0
Netherlands,Culture of the Netherlands,Sinterklaas,2022-11-26,3524,2022.0
Netherlands,Culture of the Netherlands,Sinterklaas,2022-11-27,4171,2022.0
Netherlands,Culture of the Netherlands,Sinterklaas,2022-11-28,4549,2022.0
Netherlands,Culture of the Netherlands,Sinterklaas,2022-11-29,4621,2022.0
Netherlands,Culture of the Netherlands,Sinterklaas,2022-11-30,6112,2022.0
Netherlands,Culture of the Netherlands,Sinterklaas,2022-12-01,6738,2022.0
Netherlands,Culture of the Netherlands,Sinterklaas,2022-12-02,8419,2022.0
Netherlands,Culture of the Netherlands,Sinterklaas,2022-12-03,8434,2022.0
Netherlands,Culture of the Netherlands,Sinterklaas,2022-12-04,11930,2022.0
Netherlands,Culture of the Netherlands,Sinterklaas,2022-12-05,24042,2022.0
Netherlands,Culture of the Netherlands,Sinterklaas,2022-12-06,20479,2022.0
Netherlands,Culture of the Netherlands,Sinterklaas,2022-12-07,7276,2022.0
Netherlands,Culture of the Netherlands,Sinterklaas,2022-12-08,4863,2022.0
Netherlands,Culture of the Netherlands,Sinterklaas,2022-12-09,4199,2022.0
Netherlands,Culture of the Netherlands,Sinterklaas,2022-12-10,3839,2022.0
Netherlands,Culture of the Netherlands,Sinterklaas,2022-12-11,4233,2022.0
Netherlands,Culture of the Netherlands,Sinterklaas,2022-12-12,4118,2022.0
Netherlands,Culture of the Netherlands,Sinterklaas,2022-12-13,3774,2022.0
Netherlands,Culture of the Netherlands,Sinterklaas,2022-12-14,3666,2022.0
Netherlands,Culture of the Netherlands,Sinterklaas,2022-12-15,4482,2022.0
Netherlands,Culture of the Netherlands,Sinterklaas,2022-12-16,3625,2022.0
Netherlands,Culture of the Netherlands,Sinterklaas,2022-12-17,3547,2022.0
Netherlands,Culture of the Netherlands,Sinterklaas,2022-12-18,3807,2022.0
Netherlands,Culture of the Netherlands,Sinterklaas,2022-12-19,4155,2022.0
Netherlands,Culture of the Netherlands,Sinterklaas,2022-12-20,4266,2022.0
Netherlands,Culture of the Netherlands,Sinterklaas,2022-12-21,4373,2022.0
Netherlands,Culture of the Netherlands,Sinterklaas,2022-12-22,4301,2022.0
Netherlands,Culture of the Netherlands,Sinterklaas,2022-12-23,5615,2022.0
Netherlands,Culture of the Netherlands,Sinterklaas,2022-12-24,9752,2022.0
Netherlands,Culture of the Netherlands,Sinterklaas,2022-12-25,12689,2022.0
Netherlands,Culture of the Netherlands,Sinterklaas,2022-12-26,6422,2022.0
Netherlands,Culture of the Netherlands,Sinterklaas,2022-12-27,3076,2022.0
Netherlands,Culture of the Netherlands,Sinterklaas,2022-12-28,2036,2022.0
Netherlands,Culture of the Netherlands,Sinterklaas,2022-12-29,1689,2022.0
Netherlands,Culture of the Netherlands,Sinterklaas,2022-12-30,1633,2022.0
Netherlands,Culture of the Netherlands,Sinterklaas,2022-12-31,1573,2022.0
Netherlands,Government of the Netherlands,Capital_of_the_Netherlands,2022-11-01,368,2022.0
Netherlands,Government of the Netherlands,Capital_of_the_Netherlands,2022-11-02,455,2022.0
Netherlands,Government of the Netherlands,Capital_of_the_Netherlands,2022-11-03,446,2022.0
Netherlands,Government of the Netherlands,Capital_of_the_Netherlands,2022-11-04,432,2022.0
Netherlands,Government of the Netherlands,Capital_of_the_Netherlands,2022-11-05,400,2022.0
Netherlands,Government of the Netherlands,Capital_of_the_Netherlands,2022-11-06,581,2022.0
Netherlands,Government of the Netherlands,Capital_of_the_Netherlands,2022-11-07,432,2022.0
Netherlands,Government of the Netherlands,Capital_of_the_Netherlands,2022-11-08,383,2022.0
Netherlands,Government of the Netherlands,Capital_of_the_Netherlands,2022-11-09,351,2022.0
Netherlands,Government of the Netherlands,Capital_of_the_Netherlands,2022-11-10,381,2022.0
Netherlands,Government of the Netherlands,Capital_of_the_Netherlands,2022-11-11,366,2022.0
Netherlands,Government of the Netherlands,Capital_of_the_Netherlands,2022-11-12,358,2022.0
Netherlands,Government of the Netherlands,Capital_of_the_Netherlands,2022-11-13,356,2022.0
Netherlands,Government of the Netherlands,Capital_of_the_Netherlands,2022-11-14,432,2022.0
Netherlands,Government of the Netherlands,Capital_of_the_Netherlands,2022-11-15,415,2022.0
Netherlands,Government of the Netherlands,Capital_of_the_Netherlands,2022-11-16,383,2022.0
Netherlands,Government of the Netherlands,Capital_of_the_Netherlands,2022-11-17,407,2022.0
Netherlands,Government of the Netherlands,Capital_of_the_Netherlands,2022-11-18,349,2022.0
Netherlands,Government of the Netherlands,Capital_of_the_Netherlands,2022-11-19,400,2022.0
Netherlands,Government of the Netherlands,Capital_of_the_Netherlands,2022-11-20,460,2022.0
Netherlands,Government of the Netherlands,Capital_of_the_Netherlands,2022-11-21,855,2022.0
Netherlands,Government of the Netherlands,Capital_of_the_Netherlands,2022-11-22,469,2022.0
Netherlands,Government of the Netherlands,Capital_of_the_Netherlands,2022-11-23,379,2022.0
Netherlands,Government of the Netherlands,Capital_of_the_Netherlands,2022-11-24,409,2022.0
Netherlands,Government of the Netherlands,Capital_of_the_Netherlands,2022-11-25,652,2022.0
Netherlands,Government of the Netherlands,Capital_of_the_Netherlands,2022-11-26,388,2022.0
Netherlands,Government of the Netherlands,Capital_of_the_Netherlands,2022-11-27,408,2022.0
Netherlands,Government of the Netherlands,Capital_of_the_Netherlands,2022-11-28,425,2022.0
Netherlands,Government of the Netherlands,Capital_of_the_Netherlands,2022-11-29,458,2022.0
Netherlands,Government of the Netherlands,Capital_of_the_Netherlands,2022-11-30,450,2022.0
Netherlands,Government of the Netherlands,Capital_of_the_Netherlands,2022-12-01,379,2022.0
Netherlands,Government of the Netherlands,Capital_of_the_Netherlands,2022-12-02,234,2022.0
Netherlands,Government of the Netherlands,Capital_of_the_Netherlands,2022-12-03,471,2022.0
Netherlands,Government of the Netherlands,Capital_of_the_Netherlands,2022-12-04,277,2022.0
Netherlands,Government of the Netherlands,Capital_of_the_Netherlands,2022-12-05,231,2022.0
Netherlands,Government of the Netherlands,Capital_of_the_Netherlands,2022-12-06,196,2022.0
Netherlands,Government of the Netherlands,Capital_of_the_Netherlands,2022-12-07,247,2022.0
Netherlands,Government of the Netherlands,Capital_of_the_Netherlands,2022-12-08,253,2022.0
Netherlands,Government of the Netherlands,Capital_of_the_Netherlands,2022-12-09,615,2022.0
Netherlands,Government of the Netherlands,Capital_of_the_Netherlands,2022-12-10,419,2022.0
Netherlands,Government of the Netherlands,Capital_of_the_Netherlands,2022-12-11,299,2022.0
Netherlands,Government of the Netherlands,Capital_of_the_Netherlands,2022-12-12,305,2022.0
Netherlands,Government of the Netherlands,Capital_of_the_Netherlands,2022-12-13,287,2022.0
Netherlands,Government of the Netherlands,Capital_of_the_Netherlands,2022-12-14,291,2022.0
Netherlands,Government of the Netherlands,Capital_of_the_Netherlands,2022-12-15,235,2022.0
Netherlands,Government of the Netherlands,Capital_of_the_Netherlands,2022-12-16,253,2022.0
Netherlands,Government of the Netherlands,Capital_of_the_Netherlands,2022-12-17,243,2022.0
Netherlands,Government of the Netherlands,Capital_of_the_Netherlands,2022-12-18,256,2022.0
Netherlands,Government of the Netherlands,Capital_of_the_Netherlands,2022-12-19,305,2022.0
Netherlands,Government of the Netherlands,Capital_of_the_Netherlands,2022-12-20,266,2022.0
Netherlands,Government of the Netherlands,Capital_of_the_Netherlands,2022-12-21,244,2022.0
Netherlands,Government of the Netherlands,Capital_of_the_Netherlands,2022-12-22,214,2022.0
Netherlands,Government of the Netherlands,Capital_of_the_Netherlands,2022-12-23,182,2022.0
Netherlands,Government of the Netherlands,Capital_of_the_Netherlands,2022-12-24,234,2022.0
Netherlands,Government of the Netherlands,Capital_of_the_Netherlands,2022-12-25,767,2022.0
Netherlands,Government of the Netherlands,Capital_of_the_Netherlands,2022-12-26,309,2022.0
Netherlands,Government of the Netherlands,Capital_of_the_Netherlands,2022-12-27,272,2022.0
Netherlands,Government of the Netherlands,Capital_of_the_Netherlands,2022-12-28,225,2022.0
Netherlands,Government of the Netherlands,Capital_of_the_Netherlands,2022-12-29,215,2022.0
Netherlands,Government of the Netherlands,Capital_of_the_Netherlands,2022-12-30,245,2022.0
Netherlands,Government of the Netherlands,Capital_of_the_Netherlands,2022-12-31,286,2022.0
Netherlands,Education in the Netherlands,Education_in_the_Netherlands,2022-11-01,729,2022.0
Netherlands,Education in the Netherlands,Education_in_the_Netherlands,2022-11-02,599,2022.0
Netherlands,Education in the Netherlands,Education_in_the_Netherlands,2022-11-03,557,2022.0
Netherlands,Education in the Netherlands,Education_in_the_Netherlands,2022-11-04,536,2022.0
Netherlands,Education in the Netherlands,Education_in_the_Netherlands,2022-11-05,442,2022.0
Netherlands,Education in the Netherlands,Education_in_the_Netherlands,2022-11-06,451,2022.0
Netherlands,Education in the Netherlands,Education_in_the_Netherlands,2022-11-07,680,2022.0
Netherlands,Education in the Netherlands,Education_in_the_Netherlands,2022-11-08,691,2022.0
Netherlands,Education in the Netherlands,Education_in_the_Netherlands,2022-11-09,686,2022.0
Netherlands,Education in the Netherlands,Education_in_the_Netherlands,2022-11-10,560,2022.0
Netherlands,Education in the Netherlands,Education_in_the_Netherlands,2022-11-11,513,2022.0
Netherlands,Education in the Netherlands,Education_in_the_Netherlands,2022-11-12,444,2022.0
Netherlands,Education in the Netherlands,Education_in_the_Netherlands,2022-11-13,509,2022.0
Netherlands,Education in the Netherlands,Education_in_the_Netherlands,2022-11-14,633,2022.0
Netherlands,Education in the Netherlands,Education_in_the_Netherlands,2022-11-15,574,2022.0
Netherlands,Education in the Netherlands,Education_in_the_Netherlands,2022-11-16,598,2022.0
Netherlands,Education in the Netherlands,Education_in_the_Netherlands,2022-11-17,535,2022.0
Netherlands,Education in the Netherlands,Education_in_the_Netherlands,2022-11-18,498,2022.0
Netherlands,Education in the Netherlands,Education_in_the_Netherlands,2022-11-19,404,2022.0
Netherlands,Education in the Netherlands,Education_in_the_Netherlands,2022-11-20,442,2022.0
Netherlands,Education in the Netherlands,Education_in_the_Netherlands,2022-11-21,549,2022.0
Netherlands,Education in the Netherlands,Education_in_the_Netherlands,2022-11-22,544,2022.0
Netherlands,Education in the Netherlands,Education_in_the_Netherlands,2022-11-23,787,2022.0
Netherlands,Education in the Netherlands,Education_in_the_Netherlands,2022-11-24,553,2022.0
Netherlands,Education in the Netherlands,Education_in_the_Netherlands,2022-11-25,493,2022.0
Netherlands,Education in the Netherlands,Education_in_the_Netherlands,2022-11-26,357,2022.0
Netherlands,Education in the Netherlands,Education_in_the_Netherlands,2022-11-27,532,2022.0
Netherlands,Education in the Netherlands,Education_in_the_Netherlands,2022-11-28,582,2022.0
Netherlands,Education in the Netherlands,Education_in_the_Netherlands,2022-11-29,537,2022.0
Netherlands,Education in the Netherlands,Education_in_the_Netherlands,2022-11-30,592,2022.0
Netherlands,Education in the Netherlands,Education_in_the_Netherlands,2022-12-01,563,2022.0
Netherlands,Education in the Netherlands,Education_in_the_Netherlands,2022-12-02,455,2022.0
Netherlands,Education in the Netherlands,Education_in_the_Netherlands,2022-12-03,359,2022.0
Netherlands,Education in the Netherlands,Education_in_the_Netherlands,2022-12-04,424,2022.0
Netherlands,Education in the Netherlands,Education_in_the_Netherlands,2022-12-05,541,2022.0
Netherlands,Education in the Netherlands,Education_in_the_Netherlands,2022-12-06,498,2022.0
Netherlands,Education in the Netherlands,Education_in_the_Netherlands,2022-12-07,505,2022.0
Netherlands,Education in the Netherlands,Education_in_the_Netherlands,2022-12-08,489,2022.0
Netherlands,Education in the Netherlands,Education_in_the_Netherlands,2022-12-09,485,2022.0
Netherlands,Education in the Netherlands,Education_in_the_Netherlands,2022-12-10,382,2022.0
Netherlands,Education in the Netherlands,Education_in_the_Netherlands,2022-12-11,378,2022.0
Netherlands,Education in the Netherlands,Education_in_the_Netherlands,2022-12-12,455,2022.0
Netherlands,Education in the Netherlands,Education_in_the_Netherlands,2022-12-13,491,2022.0
Netherlands,Education in the Netherlands,Education_in_the_Netherlands,2022-12-14,413,2022.0
Netherlands,Education in the Netherlands,Education_in_the_Netherlands,2022-12-15,422,2022.0
Netherlands,Education in the Netherlands,Education_in_the_Netherlands,2022-12-16,402,2022.0
Netherlands,Education in the Netherlands,Education_in_the_Netherlands,2022-12-17,272,2022.0
Netherlands,Education in the Netherlands,Education_in_the_Netherlands,2022-12-18,301,2022.0
Netherlands,Education in the Netherlands,Education_in_the_Netherlands,2022-12-19,417,2022.0
Netherlands,Education in the Netherlands,Education_in_the_Netherlands,2022-12-20,432,2022.0
Netherlands,Education in the Netherlands,Education_in_the_Netherlands,2022-12-21,407,2022.0
Netherlands,Education in the Netherlands,Education_in_the_Netherlands,2022-12-22,548,2022.0
Netherlands,Education in the Netherlands,Education_in_the_Netherlands,2022-12-23,340,2022.0
Netherlands,Education in the Netherlands,Education_in_the_Netherlands,2022-12-24,276,2022.0
Netherlands,Education in the Netherlands,Education_in_the_Netherlands,2022-12-25,257,2022.0
Netherlands,Education in the Netherlands,Education_in_the_Netherlands,2022-12-26,284,2022.0
Netherlands,Education in the Netherlands,Education_in_the_Netherlands,2022-12-27,385,2022.0
Netherlands,Education in the Netherlands,Education_in_the_Netherlands,2022-12-28,425,2022.0
Netherlands,Education in the Netherlands,Education_in_the_Netherlands,2022-12-29,368,2022.0
Netherlands,Education in the Netherlands,Education_in_the_Netherlands,2022-12-30,416,2022.0
Netherlands,Education in the Netherlands,Education_in_the_Netherlands,2022-12-31,310,2022.0
Netherlands,Politics of the Netherlands,Politics_of_the_Netherlands,2022-11-01,256,2022.0
Netherlands,Politics of the Netherlands,Politics_of_the_Netherlands,2022-11-02,263,2022.0
Netherlands,Politics of the Netherlands,Politics_of_the_Netherlands,2022-11-03,290,2022.0
Netherlands,Politics of the Netherlands,Politics_of_the_Netherlands,2022-11-04,246,2022.0
Netherlands,Politics of the Netherlands,Politics_of_the_Netherlands,2022-11-05,218,2022.0
Netherlands,Politics of the Netherlands,Politics_of_the_Netherlands,2022-11-06,215,2022.0
Netherlands,Politics of the Netherlands,Politics_of_the_Netherlands,2022-11-07,252,2022.0
Netherlands,Politics of the Netherlands,Politics_of_the_Netherlands,2022-11-08,301,2022.0
Netherlands,Politics of the Netherlands,Politics_of_the_Netherlands,2022-11-09,357,2022.0
Netherlands,Politics of the Netherlands,Politics_of_the_Netherlands,2022-11-10,263,2022.0
Netherlands,Politics of the Netherlands,Politics_of_the_Netherlands,2022-11-11,211,2022.0
Netherlands,Politics of the Netherlands,Politics_of_the_Netherlands,2022-11-12,195,2022.0
Netherlands,Politics of the Netherlands,Politics_of_the_Netherlands,2022-11-13,207,2022.0
Netherlands,Politics of the Netherlands,Politics_of_the_Netherlands,2022-11-14,260,2022.0
Netherlands,Politics of the Netherlands,Politics_of_the_Netherlands,2022-11-15,319,2022.0
Netherlands,Politics of the Netherlands,Politics_of_the_Netherlands,2022-11-16,220,2022.0
Netherlands,Politics of the Netherlands,Politics_of_the_Netherlands,2022-11-17,254,2022.0
Netherlands,Politics of the Netherlands,Politics_of_the_Netherlands,2022-11-18,219,2022.0
Netherlands,Politics of the Netherlands,Politics_of_the_Netherlands,2022-11-19,190,2022.0
Netherlands,Politics of the Netherlands,Politics_of_the_Netherlands,2022-11-20,233,2022.0
Netherlands,Politics of the Netherlands,Politics_of_the_Netherlands,2022-11-21,365,2022.0
Netherlands,Politics of the Netherlands,Politics_of_the_Netherlands,2022-11-22,279,2022.0
Netherlands,Politics of the Netherlands,Politics_of_the_Netherlands,2022-11-23,255,2022.0
Netherlands,Politics of the Netherlands,Politics_of_the_Netherlands,2022-11-24,217,2022.0
Netherlands,Politics of the Netherlands,Politics_of_the_Netherlands,2022-11-25,273,2022.0
Netherlands,Politics of the Netherlands,Politics_of_the_Netherlands,2022-11-26,179,2022.0
Netherlands,Politics of the Netherlands,Politics_of_the_Netherlands,2022-11-27,224,2022.0
Netherlands,Politics of the Netherlands,Politics_of_the_Netherlands,2022-11-28,254,2022.0
Netherlands,Politics of the Netherlands,Politics_of_the_Netherlands,2022-11-29,338,2022.0
Netherlands,Politics of the Netherlands,Politics_of_the_Netherlands,2022-11-30,280,2022.0
Netherlands,Politics of the Netherlands,Politics_of_the_Netherlands,2022-12-01,444,2022.0
Netherlands,Politics of the Netherlands,Politics_of_the_Netherlands,2022-12-02,222,2022.0
Netherlands,Politics of the Netherlands,Politics_of_the_Netherlands,2022-12-03,441,2022.0
Netherlands,Politics of the Netherlands,Politics_of_the_Netherlands,2022-12-04,268,2022.0
Netherlands,Politics of the Netherlands,Politics_of_the_Netherlands,2022-12-05,325,2022.0
Netherlands,Politics of the Netherlands,Politics_of_the_Netherlands,2022-12-06,266,2022.0
Netherlands,Politics of the Netherlands,Politics_of_the_Netherlands,2022-12-07,254,2022.0
Netherlands,Politics of the Netherlands,Politics_of_the_Netherlands,2022-12-08,258,2022.0
Netherlands,Politics of the Netherlands,Politics_of_the_Netherlands,2022-12-09,365,2022.0
Netherlands,Politics of the Netherlands,Politics_of_the_Netherlands,2022-12-10,227,2022.0
Netherlands,Politics of the Netherlands,Politics_of_the_Netherlands,2022-12-11,218,2022.0
Netherlands,Politics of the Netherlands,Politics_of_the_Netherlands,2022-12-12,270,2022.0
Netherlands,Politics of the Netherlands,Politics_of_the_Netherlands,2022-12-13,230,2022.0
Netherlands,Politics of the Netherlands,Politics_of_the_Netherlands,2022-12-14,225,2022.0
Netherlands,Politics of the Netherlands,Politics_of_the_Netherlands,2022-12-15,238,2022.0
Netherlands,Politics of the Netherlands,Politics_of_the_Netherlands,2022-12-16,176,2022.0
Netherlands,Politics of the Netherlands,Politics_of_the_Netherlands,2022-12-17,173,2022.0
Netherlands,Politics of the Netherlands,Politics_of_the_Netherlands,2022-12-18,172,2022.0
Netherlands,Politics of the Netherlands,Politics_of_the_Netherlands,2022-12-19,258,2022.0
Netherlands,Politics of the Netherlands,Politics_of_the_Netherlands,2022-12-20,229,2022.0
Netherlands,Politics of the Netherlands,Politics_of_the_Netherlands,2022-12-21,205,2022.0
Netherlands,Politics of the Netherlands,Politics_of_the_Netherlands,2022-12-22,162,2022.0
Netherlands,Politics of the Netherlands,Politics_of_the_Netherlands,2022-12-23,139,2022.0
Netherlands,Politics of the Netherlands,Politics_of_the_Netherlands,2022-12-24,153,2022.0
Netherlands,Politics of the Netherlands,Politics_of_the_Netherlands,2022-12-25,166,2022.0
Netherlands,Politics of the Netherlands,Politics_of_the_Netherlands,2022-12-26,193,2022.0
Netherlands,Politics of the Netherlands,Politics_of_the_Netherlands,2022-12-27,192,2022.0
Netherlands,Politics of the Netherlands,Politics_of_the_Netherlands,2022-12-28,181,2022.0
Netherlands,Politics of the Netherlands,Politics_of_the_Netherlands,2022-12-29,172,2022.0
Netherlands,Politics of the Netherlands,Politics_of_the_Netherlands,2022-12-30,186,2022.0
Netherlands,Politics of the Netherlands,Politics_of_the_Netherlands,2022-12-31,164,2022.0
Paraguay,Government of Paraguay,Chamber_of_Deputies_of_Paraguay,2026-06-01,71,2026.0
Paraguay,Government of Paraguay,Chamber_of_Deputies_of_Paraguay,2026-06-02,89,2026.0
Paraguay,Government of Paraguay,Chamber_of_Deputies_of_Paraguay,2026-06-03,74,2026.0
Paraguay,Government of Paraguay,Chamber_of_Deputies_of_Paraguay,2026-06-04,65,2026.0
Paraguay,Government of Paraguay,Chamber_of_Deputies_of_Paraguay,2026-06-05,74,2026.0
Paraguay,Government of Paraguay,Chamber_of_Deputies_of_Paraguay,2026-06-06,54,2026.0
Paraguay,Government of Paraguay,Chamber_of_Deputies_of_Paraguay,2026-06-07,72,2026.0
Paraguay,Government of Paraguay,Chamber_of_Deputies_of_Paraguay,2026-06-08,118,2026.0
Paraguay,Government of Paraguay,Chamber_of_Deputies_of_Paraguay,2026-06-09,106,2026.0
Paraguay,Government of Paraguay,Chamber_of_Deputies_of_Paraguay,2026-06-10,61,2026.0
Paraguay,Government of Paraguay,Chamber_of_Deputies_of_Paraguay,2026-06-11,88,2026.0
Paraguay,Government of Paraguay,Chamber_of_Deputies_of_Paraguay,2026-06-12,153,2026.0
Paraguay,Government of Paraguay,Chamber_of_Deputies_of_Paraguay,2026-06-13,371,2026.0
Paraguay,Government of Paraguay,Chamber_of_Deputies_of_Paraguay,2026-06-14,117,2026.0
Paraguay,Government of Paraguay,Chamber_of_Deputies_of_Paraguay,2026-06-15,80,2026.0
Paraguay,Government of Paraguay,Chamber_of_Deputies_of_Paraguay,2026-06-16,74,2026.0
Paraguay,Government of Paraguay,Chamber_of_Deputies_of_Paraguay,2026-06-17,60,2026.0
Paraguay,Government of Paraguay,Chamber_of_Deputies_of_Paraguay,2026-06-18,81,2026.0
Paraguay,Government of Paraguay,Chamber_of_Deputies_of_Paraguay,2026-06-19,77,2026.0
Paraguay,Government of Paraguay,Chamber_of_Deputies_of_Paraguay,2026-06-20,181,2026.0
Paraguay,Government of Paraguay,Chamber_of_Deputies_of_Paraguay,2026-06-21,119,2026.0
Paraguay,Government of Paraguay,Chamber_of_Deputies_of_Paraguay,2026-06-22,162,2026.0
Paraguay,Government of Paraguay,Chamber_of_Deputies_of_Paraguay,2026-06-23,97,2026.0
Paraguay,Government of Paraguay,Chamber_of_Deputies_of_Paraguay,2026-06-24,82,2026.0
Paraguay,Government of Paraguay,Chamber_of_Deputies_of_Paraguay,2026-06-25,81,2026.0
Paraguay,Government of Paraguay,Chamber_of_Deputies_of_Paraguay,2026-06-26,100,2026.0
Paraguay,Government of Paraguay,Chamber_of_Deputies_of_Paraguay,2026-06-27,85,2026.0
Paraguay,Government of Paraguay,Chamber_of_Deputies_of_Paraguay,2026-06-28,94,2026.0
Paraguay,Government of Paraguay,Chamber_of_Deputies_of_Paraguay,2026-06-29,472,2026.0
Paraguay,Government of Paraguay,Chamber_of_Deputies_of_Paraguay,2026-06-30,676,2026.0
Paraguay,Government of Paraguay,Chamber_of_Deputies_of_Paraguay,2026-07-01,231,2026.0
Paraguay,Government of Paraguay,Chamber_of_Deputies_of_Paraguay,2026-07-02,121,2026.0
Paraguay,Government of Paraguay,Chamber_of_Deputies_of_Paraguay,2026-07-03,86,2026.0
Paraguay,Government of Paraguay,Chamber_of_Deputies_of_Paraguay,2026-07-04,343,2026.0
Paraguay,Government of Paraguay,Chamber_of_Deputies_of_Paraguay,2026-07-05,252,2026.0
Paraguay,Government of Paraguay,Chamber_of_Deputies_of_Paraguay,2026-07-06,1569,2026.0
Paraguay,Government of Paraguay,Chamber_of_Deputies_of_Paraguay,2026-07-07,2269,2026.0
Paraguay,Government of Paraguay,Chamber_of_Deputies_of_Paraguay,2026-07-08,888,2026.0
Paraguay,Government of Paraguay,Chamber_of_Deputies_of_Paraguay,2026-07-09,576,2026.0
Paraguay,Government of Paraguay,Chamber_of_Deputies_of_Paraguay,2026-07-10,328,2026.0
Paraguay,Government of Paraguay,Chamber_of_Deputies_of_Paraguay,2026-07-11,195,2026.0
Paraguay,Government of Paraguay,Chamber_of_Deputies_of_Paraguay,2026-07-12,150,2026.0
Paraguay,Government of Paraguay,Chamber_of_Deputies_of_Paraguay,2026-07-13,118,2026.0
Paraguay,Government of Paraguay,Chamber_of_Deputies_of_Paraguay,2026-07-14,94,2026.0
Paraguay,Government of Paraguay,Chamber_of_Deputies_of_Paraguay,2026-07-15,95,2026.0
Paraguay,Government of Paraguay,Chamber_of_Deputies_of_Paraguay,2026-07-16,87,2026.0
Paraguay,Government of Paraguay,Chamber_of_Deputies_of_Paraguay,2026-07-17,68,2026.0
Paraguay,Government of Paraguay,Chamber_of_Deputies_of_Paraguay,2026-07-18,65,2026.0
Paraguay,Government of Paraguay,Chamber_of_Deputies_of_Paraguay,2026-07-19,88,2026.0
Paraguay,Government of Paraguay,Chamber_of_Deputies_of_Paraguay,2026-07-20,94,2026.0
Paraguay,Government of Paraguay,Chamber_of_Deputies_of_Paraguay,2026-07-21,75,2026.0
Paraguay,Government of Paraguay,Chamber_of_Deputies_of_Paraguay,2026-07-22,62,2026.0
Paraguay,Government of Paraguay,Chamber_of_Deputies_of_Paraguay,2026-07-23,58,2026.0
Paraguay,Government of Paraguay,Chamber_of_Deputies_of_Paraguay,2026-07-24,77,2026.0
Paraguay,Government of Paraguay,Chamber_of_Deputies_of_Paraguay,2026-07-25,67,2026.0
Paraguay,Government of Paraguay,Chamber_of_Deputies_of_Paraguay,2026-07-26,60,2026.0
Paraguay,Government of Paraguay,Chamber_of_Deputies_of_Paraguay,2026-07-27,68,2026.0
Paraguay,Government of Paraguay,Chamber_of_Deputies_of_Paraguay,2026-07-28,67,2026.0
Paraguay,Government of Paraguay,Chamber_of_Deputies_of_Paraguay,2026-07-29,50,2026.0
Paraguay,Government of Paraguay,Chamber_of_Deputies_of_Paraguay,2026-07-30,55,2026.0
Paraguay,Economy of Paraguay,Mercosur,2026-06-01,534,2026.0
Paraguay,Economy of Paraguay,Mercosur,2026-06-02,595,2026.0
Paraguay,Economy of Paraguay,Mercosur,2026-06-03,758,2026.0
Paraguay,Economy of Paraguay,Mercosur,2026-06-04,582,2026.0
Paraguay,Economy of Paraguay,Mercosur,2026-06-05,622,2026.0
Paraguay,Economy of Paraguay,Mercosur,2026-06-06,496,2026.0
Paraguay,Economy of Paraguay,Mercosur,2026-06-07,493,2026.0
Paraguay,Economy of Paraguay,Mercosur,2026-06-08,604,2026.0
Paraguay,Economy of Paraguay,Mercosur,2026-06-09,606,2026.0
Paraguay,Economy of Paraguay,Mercosur,2026-06-10,535,2026.0
Paraguay,Economy of Paraguay,Mercosur,2026-06-11,534,2026.0
Paraguay,Economy of Paraguay,Mercosur,2026-06-12,556,2026.0
Paraguay,Economy of Paraguay,Mercosur,2026-06-13,698,2026.0
Paraguay,Economy of Paraguay,Mercosur,2026-06-14,513,2026.0
Paraguay,Economy of Paraguay,Mercosur,2026-06-15,700,2026.0
Paraguay,Economy of Paraguay,Mercosur,2026-06-16,574,2026.0
Paraguay,Economy of Paraguay,Mercosur,2026-06-17,638,2026.0
Paraguay,Economy of Paraguay,Mercosur,2026-06-18,609,2026.0
Paraguay,Economy of Paraguay,Mercosur,2026-06-19,509,2026.0
Paraguay,Economy of Paraguay,Mercosur,2026-06-20,702,2026.0
Paraguay,Economy of Paraguay,Mercosur,2026-06-21,784,2026.0
Paraguay,Economy of Paraguay,Mercosur,2026-06-22,654,2026.0
Paraguay,Economy of Paraguay,Mercosur,2026-06-23,672,2026.0
Paraguay,Economy of Paraguay,Mercosur,2026-06-24,526,2026.0
Paraguay,Economy of Paraguay,Mercosur,2026-06-25,571,2026.0
Paraguay,Economy of Paraguay,Mercosur,2026-06-26,631,2026.0
Paraguay,Economy of Paraguay,Mercosur,2026-06-27,633,2026.0
Paraguay,Economy of Paraguay,Mercosur,2026-06-28,610,2026.0
Paraguay,Economy of Paraguay,Mercosur,2026-06-29,1040,2026.0
Paraguay,Economy of Paraguay,Mercosur,2026-06-30,958,2026.0
Paraguay,Economy of Paraguay,Mercosur,2026-07-01,786,2026.0
Paraguay,Economy of Paraguay,Mercosur,2026-07-02,680,2026.0
Paraguay,Economy of Paraguay,Mercosur,2026-07-03,582,2026.0
Paraguay,Economy of Paraguay,Mercosur,2026-07-04,773,2026.0
Paraguay,Economy of Paraguay,Mercosur,2026-07-05,679,2026.0
Paraguay,Economy of Paraguay,Mercosur,2026-07-06,605,2026.0
Paraguay,Economy of Paraguay,Mercosur,2026-07-07,782,2026.0
Paraguay,Economy of Paraguay,Mercosur,2026-07-08,764,2026.0
Paraguay,Economy of Paraguay,Mercosur,2026-07-09,606,2026.0
Paraguay,Economy of Paraguay,Mercosur,2026-07-10,490,2026.0
Paraguay,Economy of Paraguay,Mercosur,2026-07-11,465,2026.0
Paraguay,Economy of Paraguay,Mercosur,2026-07-12,666,2026.0
Paraguay,Economy of Paraguay,Mercosur,2026-07-13,619,2026.0
Paraguay,Economy of Paraguay,Mercosur,2026-07-14,636,2026.0
Paraguay,Economy of Paraguay,Mercosur,2026-07-15,859,2026.0
Paraguay,Economy of Paraguay,Mercosur,2026-07-16,1111,2026.0
Paraguay,Economy of Paraguay,Mercosur,2026-07-17,687,2026.0
Paraguay,Economy of Paraguay,Mercosur,2026-07-18,554,2026.0
Paraguay,Economy of Paraguay,Mercosur,2026-07-19,858,2026.0
Paraguay,Economy of Paraguay,Mercosur,2026-07-20,959,2026.0
Paraguay,Economy of Paraguay,Mercosur,2026-07-21,670,2026.0
Paraguay,Economy of Paraguay,Mercosur,2026-07-22,569,2026.0
Paraguay,Economy of Paraguay,Mercosur,2026-07-23,665,2026.0
Paraguay,Economy of Paraguay,Mercosur,2026-07-24,547,2026.0
Paraguay,Economy of Paraguay,Mercosur,2026-07-25,524,2026.0
Paraguay,Economy of Paraguay,Mercosur,2026-07-26,515,2026.0
Paraguay,Economy of Paraguay,Mercosur,2026-07-27,626,2026.0
Paraguay,Economy of Paraguay,Mercosur,2026-07-28,639,2026.0
Paraguay,Economy of Paraguay,Mercosur,2026-07-29,559,2026.0
Paraguay,Economy of Paraguay,Mercosur,2026-07-30,490,2026.0
Paraguay,Politics of Paraguay,President_of_Paraguay,2026-06-01,195,2026.0
Paraguay,Politics of Paraguay,President_of_Paraguay,2026-06-02,148,2026.0
Paraguay,Politics of Paraguay,President_of_Paraguay,2026-06-03,149,2026.0
Paraguay,Politics of Paraguay,President_of_Paraguay,2026-06-04,111,2026.0
Paraguay,Politics of Paraguay,President_of_Paraguay,2026-06-05,103,2026.0
Paraguay,Politics of Paraguay,President_of_Paraguay,2026-06-06,150,2026.0
Paraguay,Politics of Paraguay,President_of_Paraguay,2026-06-07,133,2026.0
Paraguay,Politics of Paraguay,President_of_Paraguay,2026-06-08,163,2026.0
Paraguay,Politics of Paraguay,President_of_Paraguay,2026-06-09,112,2026.0
Paraguay,Politics of Paraguay,President_of_Paraguay,2026-06-10,158,2026.0
Paraguay,Politics of Paraguay,President_of_Paraguay,2026-06-11,184,2026.0
Paraguay,Politics of Paraguay,President_of_Paraguay,2026-06-12,381,2026.0
Paraguay,Politics of Paraguay,President_of_Paraguay,2026-06-13,1396,2026.0
Paraguay,Politics of Paraguay,President_of_Paraguay,2026-06-14,293,2026.0
Paraguay,Politics of Paraguay,President_of_Paraguay,2026-06-15,171,2026.0
Paraguay,Politics of Paraguay,President_of_Paraguay,2026-06-16,178,2026.0
Paraguay,Politics of Paraguay,President_of_Paraguay,2026-06-17,152,2026.0
Paraguay,Politics of Paraguay,President_of_Paraguay,2026-06-18,150,2026.0
Paraguay,Politics of Paraguay,President_of_Paraguay,2026-06-19,214,2026.0
Paraguay,Politics of Paraguay,President_of_Paraguay,2026-06-20,356,2026.0
Paraguay,Politics of Paraguay,President_of_Paraguay,2026-06-21,162,2026.0
Paraguay,Politics of Paraguay,President_of_Paraguay,2026-06-22,207,2026.0
Paraguay,Politics of Paraguay,President_of_Paraguay,2026-06-23,165,2026.0
Paraguay,Politics of Paraguay,President_of_Paraguay,2026-06-24,171,2026.0
Paraguay,Politics of Paraguay,President_of_Paraguay,2026-06-25,182,2026.0
Paraguay,Politics of Paraguay,President_of_Paraguay,2026-06-26,203,2026.0
Paraguay,Politics of Paraguay,President_of_Paraguay,2026-06-27,148,2026.0
Paraguay,Politics of Paraguay,President_of_Paraguay,2026-06-28,177,2026.0
Paraguay,Politics of Paraguay,President_of_Paraguay,2026-06-29,978,2026.0
Paraguay,Politics of Paraguay,President_of_Paraguay,2026-06-30,1617,2026.0
Paraguay,Politics of Paraguay,President_of_Paraguay,2026-07-01,532,2026.0
Paraguay,Politics of Paraguay,President_of_Paraguay,2026-07-02,264,2026.0
Paraguay,Politics of Paraguay,President_of_Paraguay,2026-07-03,252,2026.0
Paraguay,Politics of Paraguay,President_of_Paraguay,2026-07-04,868,2026.0
Paraguay,Politics of Paraguay,President_of_Paraguay,2026-07-05,514,2026.0
Paraguay,Politics of Paraguay,President_of_Paraguay,2026-07-06,679,2026.0
Paraguay,Politics of Paraguay,President_of_Paraguay,2026-07-07,1739,2026.0
Paraguay,Politics of Paraguay,President_of_Paraguay,2026-07-08,695,2026.0
Paraguay,Politics of Paraguay,President_of_Paraguay,2026-07-09,514,2026.0
Paraguay,Politics of Paraguay,President_of_Paraguay,2026-07-10,282,2026.0
Paraguay,Politics of Paraguay,President_of_Paraguay,2026-07-11,171,2026.0
Paraguay,Politics of Paraguay,President_of_Paraguay,2026-07-12,146,2026.0
Paraguay,Politics of Paraguay,President_of_Paraguay,2026-07-13,147,2026.0
Paraguay,Politics of Paraguay,President_of_Paraguay,2026-07-14,133,2026.0
Paraguay,Politics of Paraguay,President_of_Paraguay,2026-07-15,113,2026.0
Paraguay,Politics of Paraguay,President_of_Paraguay,2026-07-16,147,2026.0
Paraguay,Politics of Paraguay,President_of_Paraguay,2026-07-17,109,2026.0
Paraguay,Politics of Paraguay,President_of_Paraguay,2026-07-18,115,2026.0
Paraguay,Politics of Paraguay,President_of_Paraguay,2026-07-19,129,2026.0
Paraguay,Politics of Paraguay,President_of_Paraguay,2026-07-20,156,2026.0
Paraguay,Politics of Paraguay,President_of_Paraguay,2026-07-21,119,2026.0
Paraguay,Politics of Paraguay,President_of_Paraguay,2026-07-22,119,2026.0
Paraguay,Politics of Paraguay,President_of_Paraguay,2026-07-23,121,2026.0
Paraguay,Politics of Paraguay,President_of_Paraguay,2026-07-24,119,2026.0
Paraguay,Politics of Paraguay,President_of_Paraguay,2026-07-25,103,2026.0
Paraguay,Politics of Paraguay,President_of_Paraguay,2026-07-26,125,2026.0
Paraguay,Politics of Paraguay,President_of_Paraguay,2026-07-27,112,2026.0
Paraguay,Politics of Paraguay,President_of_Paraguay,2026-07-28,120,2026.0
Paraguay,Politics of Paraguay,President_of_Paraguay,2026-07-29,133,2026.0
Paraguay,Politics of Paraguay,President_of_Paraguay,2026-07-30,110,2026.0
Paraguay,Culture of Paraguay,Culture_of_Paraguay,2026-06-01,126,2026.0
Paraguay,Culture of Paraguay,Culture_of_Paraguay,2026-06-02,83,2026.0
Paraguay,Culture of Paraguay,Culture_of_Paraguay,2026-06-03,52,2026.0
Paraguay,Culture of Paraguay,Culture_of_Paraguay,2026-06-04,43,2026.0
Paraguay,Culture of Paraguay,Culture_of_Paraguay,2026-06-05,56,2026.0
Paraguay,Culture of Paraguay,Culture_of_Paraguay,2026-06-06,56,2026.0
Paraguay,Culture of Paraguay,Culture_of_Paraguay,2026-06-07,44,2026.0
Paraguay,Culture of Paraguay,Culture_of_Paraguay,2026-06-08,108,2026.0
Paraguay,Culture of Paraguay,Culture_of_Paraguay,2026-06-09,92,2026.0
Paraguay,Culture of Paraguay,Culture_of_Paraguay,2026-06-10,127,2026.0
Paraguay,Culture of Paraguay,Culture_of_Paraguay,2026-06-11,158,2026.0
Paraguay,Culture of Paraguay,Culture_of_Paraguay,2026-06-12,137,2026.0
Paraguay,Culture of Paraguay,Culture_of_Paraguay,2026-06-13,179,2026.0
Paraguay,Culture of Paraguay,Culture_of_Paraguay,2026-06-14,66,2026.0
Paraguay,Culture of Paraguay,Culture_of_Paraguay,2026-06-15,107,2026.0
Paraguay,Culture of Paraguay,Culture_of_Paraguay,2026-06-16,94,2026.0
Paraguay,Culture of Paraguay,Culture_of_Paraguay,2026-06-17,110,2026.0
Paraguay,Culture of Paraguay,Culture_of_Paraguay,2026-06-18,93,2026.0
Paraguay,Culture of Paraguay,Culture_of_Paraguay,2026-06-19,96,2026.0
Paraguay,Culture of Paraguay,Culture_of_Paraguay,2026-06-20,105,2026.0
Paraguay,Culture of Paraguay,Culture_of_Paraguay,2026-06-21,61,2026.0
Paraguay,Culture of Paraguay,Culture_of_Paraguay,2026-06-22,93,2026.0
Paraguay,Culture of Paraguay,Culture_of_Paraguay,2026-06-23,88,2026.0
Paraguay,Culture of Paraguay,Culture_of_Paraguay,2026-06-24,58,2026.0
Paraguay,Culture of Paraguay,Culture_of_Paraguay,2026-06-25,61,2026.0
Paraguay,Culture of Paraguay,Culture_of_Paraguay,2026-06-26,98,2026.0
Paraguay,Culture of Paraguay,Culture_of_Paraguay,2026-06-27,32,2026.0
Paraguay,Culture of Paraguay,Culture_of_Paraguay,2026-06-28,42,2026.0
Paraguay,Culture of Paraguay,Culture_of_Paraguay,2026-06-29,254,2026.0
Paraguay,Culture of Paraguay,Culture_of_Paraguay,2026-06-30,233,2026.0
Paraguay,Culture of Paraguay,Culture_of_Paraguay,2026-07-01,96,2026.0
Paraguay,Culture of Paraguay,Culture_of_Paraguay,2026-07-02,102,2026.0
Paraguay,Culture of Paraguay,Culture_of_Paraguay,2026-07-03,70,2026.0
Paraguay,Culture of Paraguay,Culture_of_Paraguay,2026-07-04,210,2026.0
Paraguay,Culture of Paraguay,Culture_of_Paraguay,2026-07-05,113,2026.0
Paraguay,Culture of Paraguay,Culture_of_Paraguay,2026-07-06,98,2026.0
Paraguay,Culture of Paraguay,Culture_of_Paraguay,2026-07-07,125,2026.0
Paraguay,Culture of Paraguay,Culture_of_Paraguay,2026-07-08,91,2026.0
Paraguay,Culture of Paraguay,Culture_of_Paraguay,2026-07-09,60,2026.0
Paraguay,Culture of Paraguay,Culture_of_Paraguay,2026-07-10,47,2026.0
Paraguay,Culture of Paraguay,Culture_of_Paraguay,2026-07-11,35,2026.0
Paraguay,Culture of Paraguay,Culture_of_Paraguay,2026-07-12,26,2026.0
Paraguay,Culture of Paraguay,Culture_of_Paraguay,2026-07-13,57,2026.0
Paraguay,Culture of Paraguay,Culture_of_Paraguay,2026-07-14,48,2026.0
Paraguay,Culture of Paraguay,Culture_of_Paraguay,2026-07-15,43,2026.0
Paraguay,Culture of Paraguay,Culture_of_Paraguay,2026-07-16,44,2026.0
Paraguay,Culture of Paraguay,Culture_of_Paraguay,2026-07-17,38,2026.0
Paraguay,Culture of Paraguay,Culture_of_Paraguay,2026-07-18,18,2026.0
Paraguay,Culture of Paraguay,Culture_of_Paraguay,2026-07-19,26,2026.0
Paraguay,Culture of Paraguay,Culture_of_Paraguay,2026-07-20,30,2026.0
Paraguay,Culture of Paraguay,Culture_of_Paraguay,2026-07-21,33,2026.0
Paraguay,Culture of Paraguay,Culture_of_Paraguay,2026-07-22,38,2026.0
Paraguay,Culture of Paraguay,Culture_of_Paraguay,2026-07-23,47,2026.0
Paraguay,Culture of Paraguay,Culture_of_Paraguay,2026-07-24,20,2026.0
Paraguay,Culture of Paraguay,Culture_of_Paraguay,2026-07-25,22,2026.0
Paraguay,Culture of Paraguay,Culture_of_Paraguay,2026-07-26,25,2026.0
Paraguay,Culture of Paraguay,Culture_of_Paraguay,2026-07-27,36,2026.0
Paraguay,Culture of Paraguay,Culture_of_Paraguay,2026-07-28,29,2026.0
Paraguay,Culture of Paraguay,Culture_of_Paraguay,2026-07-29,23,2026.0
Paraguay,Culture of Paraguay,Culture_of_Paraguay,2026-07-30,26,2026.0
Portugal,Politics of Portugal,Freguesia,,0,
Portugal,Government of Portugal,Superior_Council_of_National_Defence,,0,
Portugal,Culture of Portugal,Public_holidays_in_Portugal,,0,
Portugal,Economy of Portugal,Housing_in_Portugal,,0,
Turkey,Culture of Turkey,Nazar_(amulet),2026-06-01,896,2026.0
Turkey,Culture of Turkey,Nazar_(amulet),2026-06-02,812,2026.0
Turkey,Culture of Turkey,Nazar_(amulet),2026-06-03,852,2026.0
Turkey,Culture of Turkey,Nazar_(amulet),2026-06-04,958,2026.0
Turkey,Culture of Turkey,Nazar_(amulet),2026-06-05,923,2026.0
Turkey,Culture of Turkey,Nazar_(amulet),2026-06-06,888,2026.0
Turkey,Culture of Turkey,Nazar_(amulet),2026-06-07,909,2026.0
Turkey,Culture of Turkey,Nazar_(amulet),2026-06-08,948,2026.0
Turkey,Culture of Turkey,Nazar_(amulet),2026-06-09,925,2026.0
Turkey,Culture of Turkey,Nazar_(amulet),2026-06-10,902,2026.0
Turkey,Culture of Turkey,Nazar_(amulet),2026-06-11,1125,2026.0
Turkey,Culture of Turkey,Nazar_(amulet),2026-06-12,833,2026.0
Turkey,Culture of Turkey,Nazar_(amulet),2026-06-13,914,2026.0
Turkey,Culture of Turkey,Nazar_(amulet),2026-06-14,917,2026.0
Turkey,Culture of Turkey,Nazar_(amulet),2026-06-15,905,2026.0
Turkey,Culture of Turkey,Nazar_(amulet),2026-06-16,776,2026.0
Turkey,Culture of Turkey,Nazar_(amulet),2026-06-17,772,2026.0
Turkey,Culture of Turkey,Nazar_(amulet),2026-06-18,1009,2026.0
Turkey,Culture of Turkey,Nazar_(amulet),2026-06-19,913,2026.0
Turkey,Culture of Turkey,Nazar_(amulet),2026-06-20,784,2026.0
Turkey,Culture of Turkey,Nazar_(amulet),2026-06-21,827,2026.0
Turkey,Culture of Turkey,Nazar_(amulet),2026-06-22,838,2026.0
Turkey,Culture of Turkey,Nazar_(amulet),2026-06-23,756,2026.0
Turkey,Culture of Turkey,Nazar_(amulet),2026-06-24,734,2026.0
Turkey,Culture of Turkey,Nazar_(amulet),2026-06-25,664,2026.0
Turkey,Culture of Turkey,Nazar_(amulet),2026-06-26,797,2026.0
Turkey,Culture of Turkey,Nazar_(amulet),2026-06-27,677,2026.0
Turkey,Culture of Turkey,Nazar_(amulet),2026-06-28,803,2026.0
Turkey,Culture of Turkey,Nazar_(amulet),2026-06-29,710,2026.0
Turkey,Culture of Turkey,Nazar_(amulet),2026-06-30,774,2026.0
Turkey,Culture of Turkey,Nazar_(amulet),2026-07-01,770,2026.0
Turkey,Culture of Turkey,Nazar_(amulet),2026-07-02,724,2026.0
Turkey,Culture of Turkey,Nazar_(amulet),2026-07-03,1014,2026.0
Turkey,Culture of Turkey,Nazar_(amulet),2026-07-04,1230,2026.0
Turkey,Culture of Turkey,Nazar_(amulet),2026-07-05,821,2026.0
Turkey,Culture of Turkey,Nazar_(amulet),2026-07-06,738,2026.0
Turkey,Culture of Turkey,Nazar_(amulet),2026-07-07,724,2026.0
Turkey,Culture of Turkey,Nazar_(amulet),2026-07-08,784,2026.0
Turkey,Culture of Turkey,Nazar_(amulet),2026-07-09,754,2026.0
Turkey,Culture of Turkey,Nazar_(amulet),2026-07-10,738,2026.0
Turkey,Culture of Turkey,Nazar_(amulet),2026-07-11,720,2026.0
Turkey,Culture of Turkey,Nazar_(amulet),2026-07-12,734,2026.0
Turkey,Culture of Turkey,Nazar_(amulet),2026-07-13,763,2026.0
Turkey,Culture of Turkey,Nazar_(amulet),2026-07-14,808,2026.0
Turkey,Culture of Turkey,Nazar_(amulet),2026-07-15,794,2026.0
Turkey,Culture of Turkey,Nazar_(amulet),2026-07-16,846,2026.0
Turkey,Culture of Turkey,Nazar_(amulet),2026-07-17,777,2026.0
Turkey,Culture of Turkey,Nazar_(amulet),2026-07-18,774,2026.0
Turkey,Culture of Turkey,Nazar_(amulet),2026-07-19,794,2026.0
Turkey,Culture of Turkey,Nazar_(amulet),2026-07-20,903,2026.0
Turkey,Culture of Turkey,Nazar_(amulet),2026-07-21,806,2026.0
Turkey,Culture of Turkey,Nazar_(amulet),2026-07-22,816,2026.0
Turkey,Culture of Turkey,Nazar_(amulet),2026-07-23,827,2026.0
Turkey,Culture of Turkey,Nazar_(amulet),2026-07-24,815,2026.0
Turkey,Culture of Turkey,Nazar_(amulet),2026-07-25,907,2026.0
Turkey,Culture of Turkey,Nazar_(amulet),2026-07-26,836,2026.0
Turkey,Culture of Turkey,Nazar_(amulet),2026-07-27,841,2026.0
Turkey,Culture of Turkey,Nazar_(amulet),2026-07-28,845,2026.0
Turkey,Culture of Turkey,Nazar_(amulet),2026-07-29,799,2026.0
Turkey,Culture of Turkey,Nazar_(amulet),2026-07-30,777,2026.0
Turkey,Politics of Turkey,Grand_National_Assembly_of_Turkey,2026-06-01,648,2026.0
Turkey,Politics of Turkey,Grand_National_Assembly_of_Turkey,2026-06-02,619,2026.0
Turkey,Politics of Turkey,Grand_National_Assembly_of_Turkey,2026-06-03,563,2026.0
Turkey,Politics of Turkey,Grand_National_Assembly_of_Turkey,2026-06-04,555,2026.0
Turkey,Politics of Turkey,Grand_National_Assembly_of_Turkey,2026-06-05,550,2026.0
Turkey,Politics of Turkey,Grand_National_Assembly_of_Turkey,2026-06-06,477,2026.0
Turkey,Politics of Turkey,Grand_National_Assembly_of_Turkey,2026-06-07,611,2026.0
Turkey,Politics of Turkey,Grand_National_Assembly_of_Turkey,2026-06-08,555,2026.0
Turkey,Politics of Turkey,Grand_National_Assembly_of_Turkey,2026-06-09,542,2026.0
Turkey,Politics of Turkey,Grand_National_Assembly_of_Turkey,2026-06-10,540,2026.0
Turkey,Politics of Turkey,Grand_National_Assembly_of_Turkey,2026-06-11,524,2026.0
Turkey,Politics of Turkey,Grand_National_Assembly_of_Turkey,2026-06-12,503,2026.0
Turkey,Politics of Turkey,Grand_National_Assembly_of_Turkey,2026-06-13,537,2026.0
Turkey,Politics of Turkey,Grand_National_Assembly_of_Turkey,2026-06-14,695,2026.0
Turkey,Politics of Turkey,Grand_National_Assembly_of_Turkey,2026-06-15,561,2026.0
Turkey,Politics of Turkey,Grand_National_Assembly_of_Turkey,2026-06-16,512,2026.0
Turkey,Politics of Turkey,Grand_National_Assembly_of_Turkey,2026-06-17,622,2026.0
Turkey,Politics of Turkey,Grand_National_Assembly_of_Turkey,2026-06-18,723,2026.0
Turkey,Politics of Turkey,Grand_National_Assembly_of_Turkey,2026-06-19,586,2026.0
Turkey,Politics of Turkey,Grand_National_Assembly_of_Turkey,2026-06-20,736,2026.0
Turkey,Politics of Turkey,Grand_National_Assembly_of_Turkey,2026-06-21,584,2026.0
Turkey,Politics of Turkey,Grand_National_Assembly_of_Turkey,2026-06-22,620,2026.0
Turkey,Politics of Turkey,Grand_National_Assembly_of_Turkey,2026-06-23,474,2026.0
Turkey,Politics of Turkey,Grand_National_Assembly_of_Turkey,2026-06-24,643,2026.0
Turkey,Politics of Turkey,Grand_National_Assembly_of_Turkey,2026-06-25,693,2026.0
Turkey,Politics of Turkey,Grand_National_Assembly_of_Turkey,2026-06-26,705,2026.0
Turkey,Politics of Turkey,Grand_National_Assembly_of_Turkey,2026-06-27,448,2026.0
Turkey,Politics of Turkey,Grand_National_Assembly_of_Turkey,2026-06-28,505,2026.0
Turkey,Politics of Turkey,Grand_National_Assembly_of_Turkey,2026-06-29,529,2026.0
Turkey,Politics of Turkey,Grand_National_Assembly_of_Turkey,2026-06-30,508,2026.0
Turkey,Politics of Turkey,Grand_National_Assembly_of_Turkey,2026-07-01,638,2026.0
Turkey,Politics of Turkey,Grand_National_Assembly_of_Turkey,2026-07-02,525,2026.0
Turkey,Politics of Turkey,Grand_National_Assembly_of_Turkey,2026-07-03,543,2026.0
Turkey,Politics of Turkey,Grand_National_Assembly_of_Turkey,2026-07-04,622,2026.0
Turkey,Politics of Turkey,Grand_National_Assembly_of_Turkey,2026-07-05,661,2026.0
Turkey,Politics of Turkey,Grand_National_Assembly_of_Turkey,2026-07-06,577,2026.0
Turkey,Politics of Turkey,Grand_National_Assembly_of_Turkey,2026-07-07,774,2026.0
Turkey,Politics of Turkey,Grand_National_Assembly_of_Turkey,2026-07-08,766,2026.0
Turkey,Politics of Turkey,Grand_National_Assembly_of_Turkey,2026-07-09,730,2026.0
Turkey,Politics of Turkey,Grand_National_Assembly_of_Turkey,2026-07-10,583,2026.0
Turkey,Politics of Turkey,Grand_National_Assembly_of_Turkey,2026-07-11,581,2026.0
Turkey,Politics of Turkey,Grand_National_Assembly_of_Turkey,2026-07-12,517,2026.0
Turkey,Politics of Turkey,Grand_National_Assembly_of_Turkey,2026-07-13,553,2026.0
Turkey,Politics of Turkey,Grand_National_Assembly_of_Turkey,2026-07-14,536,2026.0
Turkey,Politics of Turkey,Grand_National_Assembly_of_Turkey,2026-07-15,583,2026.0
Turkey,Politics of Turkey,Grand_National_Assembly_of_Turkey,2026-07-16,527,2026.0
Turkey,Politics of Turkey,Grand_National_Assembly_of_Turkey,2026-07-17,523,2026.0
Turkey,Politics of Turkey,Grand_National_Assembly_of_Turkey,2026-07-18,566,2026.0
Turkey,Politics of Turkey,Grand_National_Assembly_of_Turkey,2026-07-19,505,2026.0
Turkey,Politics of Turkey,Grand_National_Assembly_of_Turkey,2026-07-20,559,2026.0
Turkey,Politics of Turkey,Grand_National_Assembly_of_Turkey,2026-07-21,1173,2026.0
Turkey,Politics of Turkey,Grand_National_Assembly_of_Turkey,2026-07-22,973,2026.0
Turkey,Politics of Turkey,Grand_National_Assembly_of_Turkey,2026-07-23,738,2026.0
Turkey,Politics of Turkey,Grand_National_Assembly_of_Turkey,2026-07-24,5079,2026.0
Turkey,Politics of Turkey,Grand_National_Assembly_of_Turkey,2026-07-25,2412,2026.0
Turkey,Politics of Turkey,Grand_National_Assembly_of_Turkey,2026-07-26,1496,2026.0
Turkey,Politics of Turkey,Grand_National_Assembly_of_Turkey,2026-07-27,1388,2026.0
Turkey,Politics of Turkey,Grand_National_Assembly_of_Turkey,2026-07-28,1242,2026.0
Turkey,Politics of Turkey,Grand_National_Assembly_of_Turkey,2026-07-29,1122,2026.0
Turkey,Politics of Turkey,Grand_National_Assembly_of_Turkey,2026-07-30,1083,2026.0
Turkey,Education in Turkey,Education_in_Turkey,2026-06-01,84,2026.0
Turkey,Education in Turkey,Education_in_Turkey,2026-06-02,101,2026.0
Turkey,Education in Turkey,Education_in_Turkey,2026-06-03,98,2026.0
Turkey,Education in Turkey,Education_in_Turkey,2026-06-04,87,2026.0
Turkey,Education in Turkey,Education_in_Turkey,2026-06-05,102,2026.0
Turkey,Education in Turkey,Education_in_Turkey,2026-06-06,115,2026.0
Turkey,Education in Turkey,Education_in_Turkey,2026-06-07,82,2026.0
Turkey,Education in Turkey,Education_in_Turkey,2026-06-08,119,2026.0
Turkey,Education in Turkey,Education_in_Turkey,2026-06-09,106,2026.0
Turkey,Education in Turkey,Education_in_Turkey,2026-06-10,94,2026.0
Turkey,Education in Turkey,Education_in_Turkey,2026-06-11,136,2026.0
Turkey,Education in Turkey,Education_in_Turkey,2026-06-12,93,2026.0
Turkey,Education in Turkey,Education_in_Turkey,2026-06-13,102,2026.0
Turkey,Education in Turkey,Education_in_Turkey,2026-06-14,188,2026.0
Turkey,Education in Turkey,Education_in_Turkey,2026-06-15,116,2026.0
Turkey,Education in Turkey,Education_in_Turkey,2026-06-16,87,2026.0
Turkey,Education in Turkey,Education_in_Turkey,2026-06-17,91,2026.0
Turkey,Education in Turkey,Education_in_Turkey,2026-06-18,148,2026.0
Turkey,Education in Turkey,Education_in_Turkey,2026-06-19,142,2026.0
Turkey,Education in Turkey,Education_in_Turkey,2026-06-20,100,2026.0
Turkey,Education in Turkey,Education_in_Turkey,2026-06-21,114,2026.0
Turkey,Education in Turkey,Education_in_Turkey,2026-06-22,114,2026.0
Turkey,Education in Turkey,Education_in_Turkey,2026-06-23,89,2026.0
Turkey,Education in Turkey,Education_in_Turkey,2026-06-24,156,2026.0
Turkey,Education in Turkey,Education_in_Turkey,2026-06-25,95,2026.0
Turkey,Education in Turkey,Education_in_Turkey,2026-06-26,98,2026.0
Turkey,Education in Turkey,Education_in_Turkey,2026-06-27,76,2026.0
Turkey,Education in Turkey,Education_in_Turkey,2026-06-28,59,2026.0
Turkey,Education in Turkey,Education_in_Turkey,2026-06-29,65,2026.0
Turkey,Education in Turkey,Education_in_Turkey,2026-06-30,74,2026.0
Turkey,Education in Turkey,Education_in_Turkey,2026-07-01,80,2026.0
Turkey,Education in Turkey,Education_in_Turkey,2026-07-02,86,2026.0
Turkey,Education in Turkey,Education_in_Turkey,2026-07-03,74,2026.0
Turkey,Education in Turkey,Education_in_Turkey,2026-07-04,83,2026.0
Turkey,Education in Turkey,Education_in_Turkey,2026-07-05,86,2026.0
Turkey,Education in Turkey,Education_in_Turkey,2026-07-06,84,2026.0
Turkey,Education in Turkey,Education_in_Turkey,2026-07-07,77,2026.0
Turkey,Education in Turkey,Education_in_Turkey,2026-07-08,66,2026.0
Turkey,Education in Turkey,Education_in_Turkey,2026-07-09,63,2026.0
Turkey,Education in Turkey,Education_in_Turkey,2026-07-10,57,2026.0
Turkey,Education in Turkey,Education_in_Turkey,2026-07-11,63,2026.0
Turkey,Education in Turkey,Education_in_Turkey,2026-07-12,50,2026.0
Turkey,Education in Turkey,Education_in_Turkey,2026-07-13,77,2026.0
Turkey,Education in Turkey,Education_in_Turkey,2026-07-14,65,2026.0
Turkey,Education in Turkey,Education_in_Turkey,2026-07-15,69,2026.0
Turkey,Education in Turkey,Education_in_Turkey,2026-07-16,65,2026.0
Turkey,Education in Turkey,Education_in_Turkey,2026-07-17,60,2026.0
Turkey,Education in Turkey,Education_in_Turkey,2026-07-18,59,2026.0
Turkey,Education in Turkey,Education_in_Turkey,2026-07-19,46,2026.0
Turkey,Education in Turkey,Education_in_Turkey,2026-07-20,121,2026.0
Turkey,Education in Turkey,Education_in_Turkey,2026-07-21,85,2026.0
Turkey,Education in Turkey,Education_in_Turkey,2026-07-22,95,2026.0
Turkey,Education in Turkey,Education_in_Turkey,2026-07-23,65,2026.0
Turkey,Education in Turkey,Education_in_Turkey,2026-07-24,56,2026.0
Turkey,Education in Turkey,Education_in_Turkey,2026-07-25,85,2026.0
Turkey,Education in Turkey,Education_in_Turkey,2026-07-26,86,2026.0
Turkey,Education in Turkey,Education_in_Turkey,2026-07-27,58,2026.0
Turkey,Education in Turkey,Education_in_Turkey,2026-07-28,60,2026.0
Turkey,Education in Turkey,Education_in_Turkey,2026-07-29,72,2026.0
Turkey,Education in Turkey,Education_in_Turkey,2026-07-30,61,2026.0
Turkey,Government of Turkey,President_of_Turkey,2026-06-01,426,2026.0
Turkey,Government of Turkey,President_of_Turkey,2026-06-02,388,2026.0
Turkey,Government of Turkey,President_of_Turkey,2026-06-03,427,2026.0
Turkey,Government of Turkey,President_of_Turkey,2026-06-04,392,2026.0
Turkey,Government of Turkey,President_of_Turkey,2026-06-05,384,2026.0
Turkey,Government of Turkey,President_of_Turkey,2026-06-06,364,2026.0
Turkey,Government of Turkey,President_of_Turkey,2026-06-07,357,2026.0
Turkey,Government of Turkey,President_of_Turkey,2026-06-08,409,2026.0
Turkey,Government of Turkey,President_of_Turkey,2026-06-09,441,2026.0
Turkey,Government of Turkey,President_of_Turkey,2026-06-10,498,2026.0
Turkey,Government of Turkey,President_of_Turkey,2026-06-11,412,2026.0
Turkey,Government of Turkey,President_of_Turkey,2026-06-12,419,2026.0
Turkey,Government of Turkey,President_of_Turkey,2026-06-13,342,2026.0
Turkey,Government of Turkey,President_of_Turkey,2026-06-14,535,2026.0
Turkey,Government of Turkey,President_of_Turkey,2026-06-15,764,2026.0
Turkey,Government of Turkey,President_of_Turkey,2026-06-16,572,2026.0
Turkey,Government of Turkey,President_of_Turkey,2026-06-17,531,2026.0
Turkey,Government of Turkey,President_of_Turkey,2026-06-18,490,2026.0
Turkey,Government of Turkey,President_of_Turkey,2026-06-19,530,2026.0
Turkey,Government of Turkey,President_of_Turkey,2026-06-20,610,2026.0
Turkey,Government of Turkey,President_of_Turkey,2026-06-21,440,2026.0
Turkey,Government of Turkey,President_of_Turkey,2026-06-22,480,2026.0
Turkey,Government of Turkey,President_of_Turkey,2026-06-23,419,2026.0
Turkey,Government of Turkey,President_of_Turkey,2026-06-24,466,2026.0
Turkey,Government of Turkey,President_of_Turkey,2026-06-25,470,2026.0
Turkey,Government of Turkey,President_of_Turkey,2026-06-26,705,2026.0
Turkey,Government of Turkey,President_of_Turkey,2026-06-27,413,2026.0
Turkey,Government of Turkey,President_of_Turkey,2026-06-28,493,2026.0
Turkey,Government of Turkey,President_of_Turkey,2026-06-29,367,2026.0
Turkey,Government of Turkey,President_of_Turkey,2026-06-30,395,2026.0
Turkey,Government of Turkey,President_of_Turkey,2026-07-01,397,2026.0
Turkey,Government of Turkey,President_of_Turkey,2026-07-02,436,2026.0
Turkey,Government of Turkey,President_of_Turkey,2026-07-03,440,2026.0
Turkey,Government of Turkey,President_of_Turkey,2026-07-04,416,2026.0
Turkey,Government of Turkey,President_of_Turkey,2026-07-05,494,2026.0
Turkey,Government of Turkey,President_of_Turkey,2026-07-06,523,2026.0
Turkey,Government of Turkey,President_of_Turkey,2026-07-07,2434,2026.0
Turkey,Government of Turkey,President_of_Turkey,2026-07-08,1798,2026.0
Turkey,Government of Turkey,President_of_Turkey,2026-07-09,984,2026.0
Turkey,Government of Turkey,President_of_Turkey,2026-07-10,640,2026.0
Turkey,Government of Turkey,President_of_Turkey,2026-07-11,543,2026.0
Turkey,Government of Turkey,President_of_Turkey,2026-07-12,492,2026.0
Turkey,Government of Turkey,President_of_Turkey,2026-07-13,422,2026.0
Turkey,Government of Turkey,President_of_Turkey,2026-07-14,423,2026.0
Turkey,Government of Turkey,President_of_Turkey,2026-07-15,462,2026.0
Turkey,Government of Turkey,President_of_Turkey,2026-07-16,432,2026.0
Turkey,Government of Turkey,President_of_Turkey,2026-07-17,398,2026.0
Turkey,Government of Turkey,President_of_Turkey,2026-07-18,337,2026.0
Turkey,Government of Turkey,President_of_Turkey,2026-07-19,325,2026.0
Turkey,Government of Turkey,President_of_Turkey,2026-07-20,377,2026.0
Turkey,Government of Turkey,President_of_Turkey,2026-07-21,342,2026.0
Turkey,Government of Turkey,President_of_Turkey,2026-07-22,392,2026.0
Turkey,Government of Turkey,President_of_Turkey,2026-07-23,344,2026.0
Turkey,Government of Turkey,President_of_Turkey,2026-07-24,416,2026.0
Turkey,Government of Turkey,President_of_Turkey,2026-07-25,395,2026.0
Turkey,Government of Turkey,President_of_Turkey,2026-07-26,386,2026.0
Turkey,Government of Turkey,President_of_Turkey,2026-07-27,389,2026.0
Turkey,Government of Turkey,President_of_Turkey,2026-07-28,398,2026.0
Turkey,Government of Turkey,President_of_Turkey,2026-07-29,377,2026.0
Turkey,Government of Turkey,President_of_Turkey,2026-07-30,376,2026.0
Wales,History of Wales,History_of_Wales,2022-11-01,386,2022.0
Wales,History of Wales,History_of_Wales,2022-11-02,375,2022.0
Wales,History of Wales,History_of_Wales,2022-11-03,348,2022.0
Wales,History of Wales,History_of_Wales,2022-11-04,304,2022.0
Wales,History of Wales,History_of_Wales,2022-11-05,334,2022.0
Wales,History of Wales,History_of_Wales,2022-11-06,405,2022.0
Wales,History of Wales,History_of_Wales,2022-11-07,388,2022.0
Wales,History of Wales,History_of_Wales,2022-11-08,373,2022.0
Wales,History of Wales,History_of_Wales,2022-11-09,374,2022.0
Wales,History of Wales,History_of_Wales,2022-11-10,339,2022.0
Wales,History of Wales,History_of_Wales,2022-11-11,320,2022.0
Wales,History of Wales,History_of_Wales,2022-11-12,342,2022.0
Wales,History of Wales,History_of_Wales,2022-11-13,416,2022.0
Wales,History of Wales,History_of_Wales,2022-11-14,418,2022.0
Wales,History of Wales,History_of_Wales,2022-11-15,405,2022.0
Wales,History of Wales,History_of_Wales,2022-11-16,489,2022.0
Wales,History of Wales,History_of_Wales,2022-11-17,455,2022.0
Wales,History of Wales,History_of_Wales,2022-11-18,427,2022.0
Wales,History of Wales,History_of_Wales,2022-11-19,383,2022.0
Wales,History of Wales,History_of_Wales,2022-11-20,693,2022.0
Wales,History of Wales,History_of_Wales,2022-11-21,3419,2022.0
Wales,History of Wales,History_of_Wales,2022-11-22,1452,2022.0
Wales,History of Wales,History_of_Wales,2022-11-23,797,2022.0
Wales,History of Wales,History_of_Wales,2022-11-24,742,2022.0
Wales,History of Wales,History_of_Wales,2022-11-25,2143,2022.0
Wales,History of Wales,History_of_Wales,2022-11-26,849,2022.0
Wales,History of Wales,History_of_Wales,2022-11-27,785,2022.0
Wales,History of Wales,History_of_Wales,2022-11-28,779,2022.0
Wales,History of Wales,History_of_Wales,2022-11-29,2805,2022.0
Wales,History of Wales,History_of_Wales,2022-11-30,1449,2022.0
Wales,History of Wales,History_of_Wales,2022-12-01,649,2022.0
Wales,History of Wales,History_of_Wales,2022-12-02,536,2022.0
Wales,History of Wales,History_of_Wales,2022-12-03,457,2022.0
Wales,History of Wales,History_of_Wales,2022-12-04,469,2022.0
Wales,History of Wales,History_of_Wales,2022-12-05,505,2022.0
Wales,History of Wales,History_of_Wales,2022-12-06,408,2022.0
Wales,History of Wales,History_of_Wales,2022-12-07,456,2022.0
Wales,History of Wales,History_of_Wales,2022-12-08,399,2022.0
Wales,History of Wales,History_of_Wales,2022-12-09,461,2022.0
Wales,History of Wales,History_of_Wales,2022-12-10,455,2022.0
Wales,History of Wales,History_of_Wales,2022-12-11,434,2022.0
Wales,History of Wales,History_of_Wales,2022-12-12,443,2022.0
Wales,History of Wales,History_of_Wales,2022-12-13,485,2022.0
Wales,History of Wales,History_of_Wales,2022-12-14,378,2022.0
Wales,History of Wales,History_of_Wales,2022-12-15,400,2022.0
Wales,History of Wales,History_of_Wales,2022-12-16,366,2022.0
Wales,History of Wales,History_of_Wales,2022-12-17,328,2022.0
Wales,History of Wales,History_of_Wales,2022-12-18,297,2022.0
Wales,History of Wales,History_of_Wales,2022-12-19,367,2022.0
Wales,History of Wales,History_of_Wales,2022-12-20,399,2022.0
Wales,History of Wales,History_of_Wales,2022-12-21,338,2022.0
Wales,History of Wales,History_of_Wales,2022-12-22,297,2022.0
Wales,History of Wales,History_of_Wales,2022-12-23,267,2022.0
Wales,History of Wales,History_of_Wales,2022-12-24,284,2022.0
Wales,History of Wales,History_of_Wales,2022-12-25,295,2022.0
Wales,History of Wales,History_of_Wales,2022-12-26,375,2022.0
Wales,History of Wales,History_of_Wales,2022-12-27,316,2022.0
Wales,History of Wales,History_of_Wales,2022-12-28,339,2022.0
Wales,History of Wales,History_of_Wales,2022-12-29,339,2022.0
Wales,History of Wales,History_of_Wales,2022-12-30,329,2022.0
Wales,History of Wales,History_of_Wales,2022-12-31,309,2022.0
Wales,Welsh language,Welsh_language,2022-11-01,3828,2022.0
Wales,Welsh language,Welsh_language,2022-11-02,3221,2022.0
Wales,Welsh language,Welsh_language,2022-11-03,3015,2022.0
Wales,Welsh language,Welsh_language,2022-11-04,2982,2022.0
Wales,Welsh language,Welsh_language,2022-11-05,3039,2022.0
Wales,Welsh language,Welsh_language,2022-11-06,3118,2022.0
Wales,Welsh language,Welsh_language,2022-11-07,3141,2022.0
Wales,Welsh language,Welsh_language,2022-11-08,2976,2022.0
Wales,Welsh language,Welsh_language,2022-11-09,3044,2022.0
Wales,Welsh language,Welsh_language,2022-11-10,2882,2022.0
Wales,Welsh language,Welsh_language,2022-11-11,3002,2022.0
Wales,Welsh language,Welsh_language,2022-11-12,3081,2022.0
Wales,Welsh language,Welsh_language,2022-11-13,3025,2022.0
Wales,Welsh language,Welsh_language,2022-11-14,2954,2022.0
Wales,Welsh language,Welsh_language,2022-11-15,3581,2022.0
Wales,Welsh language,Welsh_language,2022-11-16,3529,2022.0
Wales,Welsh language,Welsh_language,2022-11-17,3790,2022.0
Wales,Welsh language,Welsh_language,2022-11-18,3728,2022.0
Wales,Welsh language,Welsh_language,2022-11-19,3660,2022.0
Wales,Welsh language,Welsh_language,2022-11-20,4840,2022.0
Wales,Welsh language,Welsh_language,2022-11-21,19839,2022.0
Wales,Welsh language,Welsh_language,2022-11-22,7142,2022.0
Wales,Welsh language,Welsh_language,2022-11-23,4703,2022.0
Wales,Welsh language,Welsh_language,2022-11-24,5215,2022.0
Wales,Welsh language,Welsh_language,2022-11-25,8438,2022.0
Wales,Welsh language,Welsh_language,2022-11-26,4706,2022.0
Wales,Welsh language,Welsh_language,2022-11-27,4647,2022.0
Wales,Welsh language,Welsh_language,2022-11-28,4219,2022.0
Wales,Welsh language,Welsh_language,2022-11-29,10386,2022.0
Wales,Welsh language,Welsh_language,2022-11-30,5803,2022.0
Wales,Welsh language,Welsh_language,2022-12-01,3892,2022.0
Wales,Welsh language,Welsh_language,2022-12-02,3601,2022.0
Wales,Welsh language,Welsh_language,2022-12-03,3460,2022.0
Wales,Welsh language,Welsh_language,2022-12-04,3852,2022.0
Wales,Welsh language,Welsh_language,2022-12-05,3511,2022.0
Wales,Welsh language,Welsh_language,2022-12-06,3595,2022.0
Wales,Welsh language,Welsh_language,2022-12-07,3074,2022.0
Wales,Welsh language,Welsh_language,2022-12-08,2961,2022.0
Wales,Welsh language,Welsh_language,2022-12-09,4034,2022.0
Wales,Welsh language,Welsh_language,2022-12-10,3377,2022.0
Wales,Welsh language,Welsh_language,2022-12-11,2948,2022.0
Wales,Welsh language,Welsh_language,2022-12-12,2618,2022.0
Wales,Welsh language,Welsh_language,2022-12-13,2940,2022.0
Wales,Welsh language,Welsh_language,2022-12-14,3226,2022.0
Wales,Welsh language,Welsh_language,2022-12-15,2589,2022.0
Wales,Welsh language,Welsh_language,2022-12-16,2470,2022.0
Wales,Welsh language,Welsh_language,2022-12-17,2650,2022.0
Wales,Welsh language,Welsh_language,2022-12-18,3866,2022.0
Wales,Welsh language,Welsh_language,2022-12-19,2777,2022.0
Wales,Welsh language,Welsh_language,2022-12-20,2949,2022.0
Wales,Welsh language,Welsh_language,2022-12-21,2533,2022.0
Wales,Welsh language,Welsh_language,2022-12-22,2467,2022.0
Wales,Welsh language,Welsh_language,2022-12-23,2302,2022.0
Wales,Welsh language,Welsh_language,2022-12-24,2259,2022.0
Wales,Welsh language,Welsh_language,2022-12-25,2451,2022.0
Wales,Welsh language,Welsh_language,2022-12-26,2582,2022.0
Wales,Welsh language,Welsh_language,2022-12-27,2642,2022.0
Wales,Welsh language,Welsh_language,2022-12-28,2691,2022.0
Wales,Welsh language,Welsh_language,2022-12-29,2383,2022.0
Wales,Welsh language,Welsh_language,2022-12-30,2395,2022.0
Wales,Welsh language,Welsh_language,2022-12-31,2434,2022.0
Wales,Politics of Wales,Senedd,2022-11-01,591,2022.0
Wales,Politics of Wales,Senedd,2022-11-02,527,2022.0
Wales,Politics of Wales,Senedd,2022-11-03,510,2022.0
Wales,Politics of Wales,Senedd,2022-11-04,542,2022.0
Wales,Politics of Wales,Senedd,2022-11-05,442,2022.0
Wales,Politics of Wales,Senedd,2022-11-06,482,2022.0
Wales,Politics of Wales,Senedd,2022-11-07,523,2022.0
Wales,Politics of Wales,Senedd,2022-11-08,526,2022.0
Wales,Politics of Wales,Senedd,2022-11-09,478,2022.0
Wales,Politics of Wales,Senedd,2022-11-10,485,2022.0
Wales,Politics of Wales,Senedd,2022-11-11,444,2022.0
Wales,Politics of Wales,Senedd,2022-11-12,430,2022.0
Wales,Politics of Wales,Senedd,2022-11-13,481,2022.0
Wales,Politics of Wales,Senedd,2022-11-14,573,2022.0
Wales,Politics of Wales,Senedd,2022-11-15,515,2022.0
Wales,Politics of Wales,Senedd,2022-11-16,733,2022.0
Wales,Politics of Wales,Senedd,2022-11-17,624,2022.0
Wales,Politics of Wales,Senedd,2022-11-18,551,2022.0
Wales,Politics of Wales,Senedd,2022-11-19,474,2022.0
Wales,Politics of Wales,Senedd,2022-11-20,562,2022.0
Wales,Politics of Wales,Senedd,2022-11-21,1194,2022.0
Wales,Politics of Wales,Senedd,2022-11-22,672,2022.0
Wales,Politics of Wales,Senedd,2022-11-23,772,2022.0
Wales,Politics of Wales,Senedd,2022-11-24,574,2022.0
Wales,Politics of Wales,Senedd,2022-11-25,754,2022.0
Wales,Politics of Wales,Senedd,2022-11-26,607,2022.0
Wales,Politics of Wales,Senedd,2022-11-27,601,2022.0
Wales,Politics of Wales,Senedd,2022-11-28,564,2022.0
Wales,Politics of Wales,Senedd,2022-11-29,856,2022.0
Wales,Politics of Wales,Senedd,2022-11-30,619,2022.0
Wales,Politics of Wales,Senedd,2022-12-01,611,2022.0
Wales,Politics of Wales,Senedd,2022-12-02,485,2022.0
Wales,Politics of Wales,Senedd,2022-12-03,428,2022.0
Wales,Politics of Wales,Senedd,2022-12-04,510,2022.0
Wales,Politics of Wales,Senedd,2022-12-05,595,2022.0
Wales,Politics of Wales,Senedd,2022-12-06,484,2022.0
Wales,Politics of Wales,Senedd,2022-12-07,467,2022.0
Wales,Politics of Wales,Senedd,2022-12-08,490,2022.0
Wales,Politics of Wales,Senedd,2022-12-09,486,2022.0
Wales,Politics of Wales,Senedd,2022-12-10,479,2022.0
Wales,Politics of Wales,Senedd,2022-12-11,461,2022.0
Wales,Politics of Wales,Senedd,2022-12-12,453,2022.0
Wales,Politics of Wales,Senedd,2022-12-13,458,2022.0
Wales,Politics of Wales,Senedd,2022-12-14,695,2022.0
Wales,Politics of Wales,Senedd,2022-12-15,380,2022.0
Wales,Politics of Wales,Senedd,2022-12-16,423,2022.0
Wales,Politics of Wales,Senedd,2022-12-17,360,2022.0
Wales,Politics of Wales,Senedd,2022-12-18,363,2022.0
Wales,Politics of Wales,Senedd,2022-12-19,372,2022.0
Wales,Politics of Wales,Senedd,2022-12-20,1210,2022.0
Wales,Politics of Wales,Senedd,2022-12-21,402,2022.0
Wales,Politics of Wales,Senedd,2022-12-22,401,2022.0
Wales,Politics of Wales,Senedd,2022-12-23,329,2022.0
Wales,Politics of Wales,Senedd,2022-12-24,313,2022.0
Wales,Politics of Wales,Senedd,2022-12-25,321,2022.0
Wales,Politics of Wales,Senedd,2022-12-26,343,2022.0
Wales,Politics of Wales,Senedd,2022-12-27,401,2022.0
Wales,Politics of Wales,Senedd,2022-12-28,323,2022.0
Wales,Politics of Wales,Senedd,2022-12-29,368,2022.0
Wales,Politics of Wales,Senedd,2022-12-30,353,2022.0
Wales,Politics of Wales,Senedd,2022-12-31,339,2022.0
Wales,Culture of Wales,Mari_Lwyd,2022-11-01,2282,2022.0
Wales,Culture of Wales,Mari_Lwyd,2022-11-02,1454,2022.0
Wales,Culture of Wales,Mari_Lwyd,2022-11-03,1062,2022.0
Wales,Culture of Wales,Mari_Lwyd,2022-11-04,1026,2022.0
Wales,Culture of Wales,Mari_Lwyd,2022-11-05,761,2022.0
Wales,Culture of Wales,Mari_Lwyd,2022-11-06,683,2022.0
Wales,Culture of Wales,Mari_Lwyd,2022-11-07,766,2022.0
Wales,Culture of Wales,Mari_Lwyd,2022-11-08,721,2022.0
Wales,Culture of Wales,Mari_Lwyd,2022-11-09,616,2022.0
Wales,Culture of Wales,Mari_Lwyd,2022-11-10,648,2022.0
Wales,Culture of Wales,Mari_Lwyd,2022-11-11,621,2022.0
Wales,Culture of Wales,Mari_Lwyd,2022-11-12,665,2022.0
Wales,Culture of Wales,Mari_Lwyd,2022-11-13,881,2022.0
Wales,Culture of Wales,Mari_Lwyd,2022-11-14,1011,2022.0
Wales,Culture of Wales,Mari_Lwyd,2022-11-15,1066,2022.0
Wales,Culture of Wales,Mari_Lwyd,2022-11-16,1049,2022.0
Wales,Culture of Wales,Mari_Lwyd,2022-11-17,1348,2022.0
Wales,Culture of Wales,Mari_Lwyd,2022-11-18,1503,2022.0
Wales,Culture of Wales,Mari_Lwyd,2022-11-19,1327,2022.0
Wales,Culture of Wales,Mari_Lwyd,2022-11-20,1149,2022.0
Wales,Culture of Wales,Mari_Lwyd,2022-11-21,1157,2022.0
Wales,Culture of Wales,Mari_Lwyd,2022-11-22,1469,2022.0
Wales,Culture of Wales,Mari_Lwyd,2022-11-23,1842,2022.0
Wales,Culture of Wales,Mari_Lwyd,2022-11-24,1201,2022.0
Wales,Culture of Wales,Mari_Lwyd,2022-11-25,1121,2022.0
Wales,Culture of Wales,Mari_Lwyd,2022-11-26,1288,2022.0
Wales,Culture of Wales,Mari_Lwyd,2022-11-27,1283,2022.0
Wales,Culture of Wales,Mari_Lwyd,2022-11-28,1534,2022.0
Wales,Culture of Wales,Mari_Lwyd,2022-11-29,2567,2022.0
Wales,Culture of Wales,Mari_Lwyd,2022-11-30,2636,2022.0
Wales,Culture of Wales,Mari_Lwyd,2022-12-01,2825,2022.0
Wales,Culture of Wales,Mari_Lwyd,2022-12-02,2750,2022.0
Wales,Culture of Wales,Mari_Lwyd,2022-12-03,2575,2022.0
Wales,Culture of Wales,Mari_Lwyd,2022-12-04,2480,2022.0
Wales,Culture of Wales,Mari_Lwyd,2022-12-05,2546,2022.0
Wales,Culture of Wales,Mari_Lwyd,2022-12-06,2393,2022.0
Wales,Culture of Wales,Mari_Lwyd,2022-12-07,2362,2022.0
Wales,Culture of Wales,Mari_Lwyd,2022-12-08,2142,2022.0
Wales,Culture of Wales,Mari_Lwyd,2022-12-09,1919,2022.0
Wales,Culture of Wales,Mari_Lwyd,2022-12-10,2042,2022.0
Wales,Culture of Wales,Mari_Lwyd,2022-12-11,2202,2022.0
Wales,Culture of Wales,Mari_Lwyd,2022-12-12,2758,2022.0
Wales,Culture of Wales,Mari_Lwyd,2022-12-13,2424,2022.0
Wales,Culture of Wales,Mari_Lwyd,2022-12-14,2180,2022.0
Wales,Culture of Wales,Mari_Lwyd,2022-12-15,2518,2022.0
Wales,Culture of Wales,Mari_Lwyd,2022-12-16,2543,2022.0
Wales,Culture of Wales,Mari_Lwyd,2022-12-17,2524,2022.0
Wales,Culture of Wales,Mari_Lwyd,2022-12-18,2737,2022.0
Wales,Culture of Wales,Mari_Lwyd,2022-12-19,3041,2022.0
Wales,Culture of Wales,Mari_Lwyd,2022-12-20,3607,2022.0
Wales,Culture of Wales,Mari_Lwyd,2022-12-21,5005,2022.0
Wales,Culture of Wales,Mari_Lwyd,2022-12-22,5301,2022.0
Wales,Culture of Wales,Mari_Lwyd,2022-12-23,4214,2022.0
Wales,Culture of Wales,Mari_Lwyd,2022-12-24,5783,2022.0
Wales,Culture of Wales,Mari_Lwyd,2022-12-25,7569,2022.0
Wales,Culture of Wales,Mari_Lwyd,2022-12-26,3989,2022.0
Wales,Culture of Wales,Mari_Lwyd,2022-12-27,3179,2022.0
Wales,Culture of Wales,Mari_Lwyd,2022-12-28,1868,2022.0
Wales,Culture of Wales,Mari_Lwyd,2022-12-29,1611,2022.0
Wales,Culture of Wales,Mari_Lwyd,2022-12-30,1345,2022.0
Wales,Culture of Wales,Mari_Lwyd,2022-12-31,2896,2022.0
Australia,Australia,Australia,2026-06-01,14059,2026.0
Australia,Australia,Australia,2026-06-02,14863,2026.0
Australia,Australia,Australia,2026-06-03,14307,2026.0
Australia,Australia,Australia,2026-06-04,15085,2026.0
Australia,Australia,Australia,2026-06-05,17752,2026.0
Australia,Australia,Australia,2026-06-06,18647,2026.0
Australia,Australia,Australia,2026-06-07,21094,2026.0
Australia,Australia,Australia,2026-06-08,21800,2026.0
Australia,Australia,Australia,2026-06-09,30790,2026.0
Australia,Australia,Australia,2026-06-10,30048,2026.0
Australia,Australia,Australia,2026-06-11,23974,2026.0
Australia,Australia,Australia,2026-06-12,23046,2026.0
Australia,Australia,Australia,2026-06-13,21096,2026.0
Australia,Australia,Australia,2026-06-14,25087,2026.0
Australia,Australia,Australia,2026-06-15,21882,2026.0
Australia,Australia,Australia,2026-06-16,22903,2026.0
Australia,Australia,Australia,2026-06-17,22066,2026.0
Australia,Australia,Australia,2026-06-18,24297,2026.0
Australia,Australia,Australia,2026-06-19,28203,2026.0
Australia,Australia,Australia,2026-06-20,20489,2026.0
Australia,Australia,Australia,2026-06-21,20867,2026.0
Australia,Australia,Australia,2026-06-22,23759,2026.0
Australia,Australia,Australia,2026-06-23,22028,2026.0
Australia,Australia,Australia,2026-06-24,21464,2026.0
Australia,Australia,Australia,2026-06-25,21329,2026.0
Australia,Australia,Australia,2026-06-26,20737,2026.0
Australia,Australia,Australia,2026-06-27,20349,2026.0
Australia,Australia,Australia,2026-06-28,21182,2026.0
Australia,Australia,Australia,2026-06-29,21222,2026.0
Australia,Australia,Australia,2026-06-30,21101,2026.0
Australia,Australia,Australia,2026-07-01,20525,2026.0
Australia,Australia,Australia,2026-07-02,21383,2026.0
Australia,Australia,Australia,2026-07-03,31700,2026.0
Australia,Australia,Australia,2026-07-04,20770,2026.0
Australia,Australia,Australia,2026-07-05,20625,2026.0
Australia,Australia,Australia,2026-07-06,20298,2026.0
Australia,Australia,Australia,2026-07-07,19690,2026.0
Australia,Australia,Australia,2026-07-08,23982,2026.0
Australia,Australia,Australia,2026-07-09,23865,2026.0
Australia,Australia,Australia,2026-07-10,19824,2026.0
Australia,Australia,Australia,2026-07-11,18574,2026.0
Australia,Australia,Australia,2026-07-12,21739,2026.0
Australia,Australia,Australia,2026-07-13,19281,2026.0
Australia,Australia,Australia,2026-07-14,18509,2026.0
Australia,Australia,Australia,2026-07-15,16239,2026.0
Australia,Australia,Australia,2026-07-16,18892,2026.0
Australia,Australia,Australia,2026-07-17,19101,2026.0
Australia,Australia,Australia,2026-07-18,20615,2026.0
Australia,Australia,Australia,2026-07-19,17715,2026.0
Australia,Australia,Australia,2026-07-20,17530,2026.0
Australia,Australia,Australia,2026-07-21,17557,2026.0
Australia,Australia,Australia,2026-07-22,16397,2026.0
Australia,Australia,Australia,2026-07-23,16869,2026.0
Australia,Australia,Australia,2026-07-24,17923,2026.0
Australia,Australia,Australia,2026-07-25,16281,2026.0
Australia,Australia,Australia,2026-07-26,17391,2026.0
Australia,Australia,Australia,2026-07-27,18128,2026.0
Australia,Australia,Australia,2026-07-28,19978,2026.0
Australia,Australia,Australia,2026-07-29,20059,2026.0
Australia,Australia,Australia,2026-07-30,19887,2026.0
Belgium,Belgium,Belgium,,0,
Belgium,Belgium,Belgium,2026-06-01,6593,2026.0
Belgium,Belgium,Belgium,2026-06-02,7132,2026.0
Belgium,Belgium,Belgium,2026-06-03,7238,2026.0
Belgium,Belgium,Belgium,2026-06-04,6915,2026.0
Belgium,Belgium,Belgium,2026-06-05,6805,2026.0
Belgium,Belgium,Belgium,2026-06-06,6715,2026.0
Belgium,Belgium,Belgium,2026-06-07,6514,2026.0
Belgium,Belgium,Belgium,2026-06-08,8530,2026.0
Belgium,Belgium,Belgium,2026-06-09,7515,2026.0
Belgium,Belgium,Belgium,2026-06-10,6956,2026.0
Belgium,Belgium,Belgium,2026-06-11,7814,2026.0
Belgium,Belgium,Belgium,2026-06-12,7228,2026.0
Belgium,Belgium,Belgium,2026-06-13,7343,2026.0
Belgium,Belgium,Belgium,2026-06-14,8537,2026.0
Belgium,Belgium,Belgium,2026-06-15,23529,2026.0
Belgium,Belgium,Belgium,2026-06-16,10290,2026.0
Belgium,Belgium,Belgium,2026-06-17,8630,2026.0
Belgium,Belgium,Belgium,2026-06-18,7721,2026.0
Belgium,Belgium,Belgium,2026-06-19,7292,2026.0
Belgium,Belgium,Belgium,2026-06-20,7979,2026.0
Belgium,Belgium,Belgium,2026-06-21,23177,2026.0
Belgium,Belgium,Belgium,2026-06-22,10578,2026.0
Belgium,Belgium,Belgium,2026-06-23,8021,2026.0
Belgium,Belgium,Belgium,2026-06-24,8009,2026.0
Belgium,Belgium,Belgium,2026-06-25,7914,2026.0
Belgium,Belgium,Belgium,2026-06-26,7580,2026.0
Belgium,Belgium,Belgium,2026-06-27,16754,2026.0
Belgium,Belgium,Belgium,2026-06-28,8315,2026.0
Belgium,Belgium,Belgium,2026-06-29,7854,2026.0
Belgium,Belgium,Belgium,2026-06-30,9381,2026.0
Belgium,Belgium,Belgium,2026-07-01,40025,2026.0
Belgium,Belgium,Belgium,2026-07-02,21380,2026.0
Belgium,Belgium,Belgium,2026-07-03,11161,2026.0
Belgium,Belgium,Belgium,2026-07-04,10473,2026.0
Belgium,Belgium,Belgium,2026-07-05,11728,2026.0
Belgium,Belgium,Belgium,2026-07-06,35420,2026.0
Belgium,Belgium,Belgium,2026-07-07,117296,2026.0
Belgium,Belgium,Belgium,2026-07-08,21105,2026.0
Belgium,Belgium,Belgium,2026-07-09,14611,2026.0
Belgium,Belgium,Belgium,2026-07-10,52514,2026.0
Belgium,Belgium,Belgium,2026-07-11,18594,2026.0
Belgium,Belgium,Belgium,2026-07-12,10339,2026.0
Belgium,Belgium,Belgium,2026-07-13,9337,2026.0
Belgium,Belgium,Belgium,2026-07-14,9170,2026.0
Belgium,Belgium,Belgium,2026-07-15,8635,2026.0
Belgium,Belgium,Belgium,2026-07-16,7899,2026.0
Belgium,Belgium,Belgium,2026-07-17,7743,2026.0
Belgium,Belgium,Belgium,2026-07-18,8179,2026.0
Belgium,Belgium,Belgium,2026-07-19,9363,2026.0
Belgium,Belgium,Belgium,2026-07-20,8183,2026.0
Belgium,Belgium,Belgium,2026-07-21,9017,2026.0
Belgium,Belgium,Belgium,2026-07-22,7729,2026.0
Belgium,Belgium,Belgium,2026-07-23,6849,2026.0
Belgium,Belgium,Belgium,2026-07-24,6493,2026.0
Belgium,Belgium,Belgium,2026-07-25,5926,2026.0
Belgium,Belgium,Belgium,2026-07-26,6311,2026.0
Belgium,Belgium,Belgium,2026-07-27,6322,2026.0
Belgium,Belgium,Belgium,2026-07-28,6339,2026.0
Belgium,Belgium,Belgium,2026-07-29,5954,2026.0
Belgium,Belgium,Belgium,2026-07-30,5880,2026.0
Bosnia_and_Herzegovina,Bosnia_and_Herzegovina,Bosnia_and_Herzegovina,2026-06-01,6996,2026.0
Bosnia_and_Herzegovina,Bosnia_and_Herzegovina,Bosnia_and_Herzegovina,2026-06-02,7128,2026.0
Bosnia_and_Herzegovina,Bosnia_and_Herzegovina,Bosnia_and_Herzegovina,2026-06-03,7208,2026.0
Bosnia_and_Herzegovina,Bosnia_and_Herzegovina,Bosnia_and_Herzegovina,2026-06-04,7305,2026.0
Bosnia_and_Herzegovina,Bosnia_and_Herzegovina,Bosnia_and_Herzegovina,2026-06-05,8096,2026.0
Bosnia_and_Herzegovina,Bosnia_and_Herzegovina,Bosnia_and_Herzegovina,2026-06-06,8316,2026.0
Bosnia_and_Herzegovina,Bosnia_and_Herzegovina,Bosnia_and_Herzegovina,2026-06-07,8629,2026.0
Bosnia_and_Herzegovina,Bosnia_and_Herzegovina,Bosnia_and_Herzegovina,2026-06-08,9724,2026.0
Bosnia_and_Herzegovina,Bosnia_and_Herzegovina,Bosnia_and_Herzegovina,2026-06-09,9861,2026.0
Bosnia_and_Herzegovina,Bosnia_and_Herzegovina,Bosnia_and_Herzegovina,2026-06-10,11485,2026.0
Bosnia_and_Herzegovina,Bosnia_and_Herzegovina,Bosnia_and_Herzegovina,2026-06-11,18066,2026.0
Bosnia_and_Herzegovina,Bosnia_and_Herzegovina,Bosnia_and_Herzegovina,2026-06-12,185071,2026.0
Bosnia_and_Herzegovina,Bosnia_and_Herzegovina,Bosnia_and_Herzegovina,2026-06-13,46533,2026.0
Bosnia_and_Herzegovina,Bosnia_and_Herzegovina,Bosnia_and_Herzegovina,2026-06-14,18810,2026.0
Bosnia_and_Herzegovina,Bosnia_and_Herzegovina,Bosnia_and_Herzegovina,2026-06-15,13918,2026.0
Bosnia_and_Herzegovina,Bosnia_and_Herzegovina,Bosnia_and_Herzegovina,2026-06-16,12576,2026.0
Bosnia_and_Herzegovina,Bosnia_and_Herzegovina,Bosnia_and_Herzegovina,2026-06-17,14735,2026.0
Bosnia_and_Herzegovina,Bosnia_and_Herzegovina,Bosnia_and_Herzegovina,2026-06-18,87950,2026.0
Bosnia_and_Herzegovina,Bosnia_and_Herzegovina,Bosnia_and_Herzegovina,2026-06-19,23411,2026.0
Bosnia_and_Herzegovina,Bosnia_and_Herzegovina,Bosnia_and_Herzegovina,2026-06-20,12465,2026.0
Bosnia_and_Herzegovina,Bosnia_and_Herzegovina,Bosnia_and_Herzegovina,2026-06-21,12606,2026.0
Bosnia_and_Herzegovina,Bosnia_and_Herzegovina,Bosnia_and_Herzegovina,2026-06-22,11275,2026.0
Bosnia_and_Herzegovina,Bosnia_and_Herzegovina,Bosnia_and_Herzegovina,2026-06-23,12410,2026.0
Bosnia_and_Herzegovina,Bosnia_and_Herzegovina,Bosnia_and_Herzegovina,2026-06-24,40246,2026.0
Bosnia_and_Herzegovina,Bosnia_and_Herzegovina,Bosnia_and_Herzegovina,2026-06-25,25774,2026.0
Bosnia_and_Herzegovina,Bosnia_and_Herzegovina,Bosnia_and_Herzegovina,2026-06-26,42480,2026.0
Bosnia_and_Herzegovina,Bosnia_and_Herzegovina,Bosnia_and_Herzegovina,2026-06-27,27988,2026.0
Bosnia_and_Herzegovina,Bosnia_and_Herzegovina,Bosnia_and_Herzegovina,2026-06-28,36676,2026.0
Bosnia_and_Herzegovina,Bosnia_and_Herzegovina,Bosnia_and_Herzegovina,2026-06-29,31051,2026.0
Bosnia_and_Herzegovina,Bosnia_and_Herzegovina,Bosnia_and_Herzegovina,2026-06-30,40626,2026.0
Bosnia_and_Herzegovina,Bosnia_and_Herzegovina,Bosnia_and_Herzegovina,2026-07-01,127350,2026.0
Bosnia_and_Herzegovina,Bosnia_and_Herzegovina,Bosnia_and_Herzegovina,2026-07-02,306138,2026.0
Bosnia_and_Herzegovina,Bosnia_and_Herzegovina,Bosnia_and_Herzegovina,2026-07-03,32254,2026.0
Bosnia_and_Herzegovina,Bosnia_and_Herzegovina,Bosnia_and_Herzegovina,2026-07-04,16249,2026.0
Bosnia_and_Herzegovina,Bosnia_and_Herzegovina,Bosnia_and_Herzegovina,2026-07-05,12723,2026.0
Bosnia_and_Herzegovina,Bosnia_and_Herzegovina,Bosnia_and_Herzegovina,2026-07-06,13236,2026.0
Bosnia_and_Herzegovina,Bosnia_and_Herzegovina,Bosnia_and_Herzegovina,2026-07-07,12535,2026.0
Bosnia_and_Herzegovina,Bosnia_and_Herzegovina,Bosnia_and_Herzegovina,2026-07-08,10357,2026.0
Bosnia_and_Herzegovina,Bosnia_and_Herzegovina,Bosnia_and_Herzegovina,2026-07-09,10076,2026.0
Bosnia_and_Herzegovina,Bosnia_and_Herzegovina,Bosnia_and_Herzegovina,2026-07-10,11552,2026.0
Bosnia_and_Herzegovina,Bosnia_and_Herzegovina,Bosnia_and_Herzegovina,2026-07-11,12206,2026.0
Bosnia_and_Herzegovina,Bosnia_and_Herzegovina,Bosnia_and_Herzegovina,2026-07-12,11103,2026.0
Bosnia_and_Herzegovina,Bosnia_and_Herzegovina,Bosnia_and_Herzegovina,2026-07-13,9370,2026.0
Bosnia_and_Herzegovina,Bosnia_and_Herzegovina,Bosnia_and_Herzegovina,2026-07-14,8851,2026.0
Bosnia_and_Herzegovina,Bosnia_and_Herzegovina,Bosnia_and_Herzegovina,2026-07-15,8314,2026.0
Bosnia_and_Herzegovina,Bosnia_and_Herzegovina,Bosnia_and_Herzegovina,2026-07-16,7298,2026.0
Bosnia_and_Herzegovina,Bosnia_and_Herzegovina,Bosnia_and_Herzegovina,2026-07-17,7028,2026.0
Bosnia_and_Herzegovina,Bosnia_and_Herzegovina,Bosnia_and_Herzegovina,2026-07-18,7122,2026.0
Bosnia_and_Herzegovina,Bosnia_and_Herzegovina,Bosnia_and_Herzegovina,2026-07-19,7267,2026.0
Bosnia_and_Herzegovina,Bosnia_and_Herzegovina,Bosnia_and_Herzegovina,2026-07-20,6609,2026.0
Bosnia_and_Herzegovina,Bosnia_and_Herzegovina,Bosnia_and_Herzegovina,2026-07-21,6513,2026.0
Bosnia_and_Herzegovina,Bosnia_and_Herzegovina,Bosnia_and_Herzegovina,2026-07-22,6345,2026.0
Bosnia_and_Herzegovina,Bosnia_and_Herzegovina,Bosnia_and_Herzegovina,2026-07-23,6629,2026.0
Bosnia_and_Herzegovina,Bosnia_and_Herzegovina,Bosnia_and_Herzegovina,2026-07-24,5920,2026.0
Bosnia_and_Herzegovina,Bosnia_and_Herzegovina,Bosnia_and_Herzegovina,2026-07-25,5710,2026.0
Bosnia_and_Herzegovina,Bosnia_and_Herzegovina,Bosnia_and_Herzegovina,2026-07-26,6779,2026.0
Bosnia_and_Herzegovina,Bosnia_and_Herzegovina,Bosnia_and_Herzegovina,2026-07-27,6220,2026.0
Bosnia_and_Herzegovina,Bosnia_and_Herzegovina,Bosnia_and_Herzegovina,2026-07-28,6313,2026.0
Bosnia_and_Herzegovina,Bosnia_and_Herzegovina,Bosnia_and_Herzegovina,2026-07-29,6120,2026.0
Bosnia_and_Herzegovina,Bosnia_and_Herzegovina,Bosnia_and_Herzegovina,2026-07-30,6100,2026.0
England,England,England,2022-11-01,18859,2022.0
England,England,England,2022-11-02,17397,2022.0
England,England,England,2022-11-03,17503,2022.0
England,England,England,2022-11-04,17263,2022.0
England,England,England,2022-11-05,17915,2022.0
England,England,England,2022-11-06,18434,2022.0
England,England,England,2022-11-07,17656,2022.0
England,England,England,2022-11-08,18174,2022.0
England,England,England,2022-11-09,19236,2022.0
England,England,England,2022-11-10,29497,2022.0
England,England,England,2022-11-11,17837,2022.0
England,England,England,2022-11-12,17001,2022.0
England,England,England,2022-11-13,34260,2022.0
England,England,England,2022-11-14,20816,2022.0
England,England,England,2022-11-15,19673,2022.0
England,England,England,2022-11-16,20886,2022.0
England,England,England,2022-11-17,19424,2022.0
England,England,England,2022-11-18,19269,2022.0
England,England,England,2022-11-19,17593,2022.0
England,England,England,2022-11-20,22916,2022.0
England,England,England,2022-11-21,90724,2022.0
England,England,England,2022-11-22,28236,2022.0
England,England,England,2022-11-23,22876,2022.0
England,England,England,2022-11-24,22274,2022.0
England,England,England,2022-11-25,58425,2022.0
England,England,England,2022-11-26,27858,2022.0
England,England,England,2022-11-27,22093,2022.0
England,England,England,2022-11-28,23090,2022.0
England,England,England,2022-11-29,47521,2022.0
England,England,England,2022-11-30,29426,2022.0
England,England,England,2022-12-01,22697,2022.0
England,England,England,2022-12-02,16965,2022.0
England,England,England,2022-12-03,17136,2022.0
England,England,England,2022-12-04,27187,2022.0
England,England,England,2022-12-05,20821,2022.0
England,England,England,2022-12-06,22018,2022.0
England,England,England,2022-12-07,17634,2022.0
England,England,England,2022-12-08,16774,2022.0
England,England,England,2022-12-09,18320,2022.0
England,England,England,2022-12-10,47518,2022.0
England,England,England,2022-12-11,23386,2022.0
England,England,England,2022-12-12,17487,2022.0
England,England,England,2022-12-13,17196,2022.0
England,England,England,2022-12-14,16420,2022.0
England,England,England,2022-12-15,15567,2022.0
England,England,England,2022-12-16,13990,2022.0
England,England,England,2022-12-17,14049,2022.0
England,England,England,2022-12-18,14477,2022.0
England,England,England,2022-12-19,15610,2022.0
England,England,England,2022-12-20,14289,2022.0
England,England,England,2022-12-21,13395,2022.0
England,England,England,2022-12-22,13279,2022.0
England,England,England,2022-12-23,12470,2022.0
England,England,England,2022-12-24,11874,2022.0
England,England,England,2022-12-25,11468,2022.0
England,England,England,2022-12-26,13368,2022.0
England,England,England,2022-12-27,14306,2022.0
England,England,England,2022-12-28,13090,2022.0
England,England,England,2022-12-29,12640,2022.0
England,England,England,2022-12-30,12799,2022.0
England,England,England,2022-12-31,12475,2022.0
Germany,Germany,Germany,,0,
Ghana,Ghana,Ghana,,0,
Iran,Iran,Iran,2022-11-01,21777,2022.0
Iran,Iran,Iran,2022-11-02,26157,2022.0
Iran,Iran,Iran,2022-11-03,23182,2022.0
Iran,Iran,Iran,2022-11-04,21596,2022.0
Iran,Iran,Iran,2022-11-05,19747,2022.0
Iran,Iran,Iran,2022-11-06,18936,2022.0
Iran,Iran,Iran,2022-11-07,19054,2022.0
Iran,Iran,Iran,2022-11-08,18947,2022.0
Iran,Iran,Iran,2022-11-09,17763,2022.0
Iran,Iran,Iran,2022-11-10,19138,2022.0
Iran,Iran,Iran,2022-11-11,17720,2022.0
Iran,Iran,Iran,2022-11-12,17154,2022.0
Iran,Iran,Iran,2022-11-13,18658,2022.0
Iran,Iran,Iran,2022-11-14,29182,2022.0
Iran,Iran,Iran,2022-11-15,30019,2022.0
Iran,Iran,Iran,2022-11-16,21918,2022.0
Iran,Iran,Iran,2022-11-17,21799,2022.0
Iran,Iran,Iran,2022-11-18,20193,2022.0
Iran,Iran,Iran,2022-11-19,21226,2022.0
Iran,Iran,Iran,2022-11-20,27107,2022.0
Iran,Iran,Iran,2022-11-21,78184,2022.0
Iran,Iran,Iran,2022-11-22,34977,2022.0
Iran,Iran,Iran,2022-11-23,24258,2022.0
Iran,Iran,Iran,2022-11-24,22764,2022.0
Iran,Iran,Iran,2022-11-25,59514,2022.0
Iran,Iran,Iran,2022-11-26,26584,2022.0
Iran,Iran,Iran,2022-11-27,27252,2022.0
Iran,Iran,Iran,2022-11-28,32490,2022.0
Iran,Iran,Iran,2022-11-29,70111,2022.0
Iran,Iran,Iran,2022-11-30,34128,2022.0
Iran,Iran,Iran,2022-12-01,20914,2022.0
Iran,Iran,Iran,2022-12-02,14214,2022.0
Iran,Iran,Iran,2022-12-03,13477,2022.0
Iran,Iran,Iran,2022-12-04,18921,2022.0
Iran,Iran,Iran,2022-12-05,17268,2022.0
Iran,Iran,Iran,2022-12-06,14560,2022.0
Iran,Iran,Iran,2022-12-07,13472,2022.0
Iran,Iran,Iran,2022-12-08,15075,2022.0
Iran,Iran,Iran,2022-12-09,13740,2022.0
Iran,Iran,Iran,2022-12-10,15582,2022.0
Iran,Iran,Iran,2022-12-11,14230,2022.0
Iran,Iran,Iran,2022-12-12,16165,2022.0
Iran,Iran,Iran,2022-12-13,16551,2022.0
Iran,Iran,Iran,2022-12-14,16454,2022.0
Iran,Iran,Iran,2022-12-15,13423,2022.0
Iran,Iran,Iran,2022-12-16,12611,2022.0
Iran,Iran,Iran,2022-12-17,12756,2022.0
Iran,Iran,Iran,2022-12-18,14065,2022.0
Iran,Iran,Iran,2022-12-19,13617,2022.0
Iran,Iran,Iran,2022-12-20,13114,2022.0
Iran,Iran,Iran,2022-12-21,12334,2022.0
Iran,Iran,Iran,2022-12-22,12319,2022.0
Iran,Iran,Iran,2022-12-23,12018,2022.0
Iran,Iran,Iran,2022-12-24,11599,2022.0
Iran,Iran,Iran,2022-12-25,11131,2022.0
Iran,Iran,Iran,2022-12-26,12532,2022.0
Iran,Iran,Iran,2022-12-27,13318,2022.0
Iran,Iran,Iran,2022-12-28,12237,2022.0
Iran,Iran,Iran,2022-12-29,11998,2022.0
Iran,Iran,Iran,2022-12-30,12079,2022.0
Iran,Iran,Iran,2022-12-31,11251,2022.0
Netherlands,Netherlands,Netherlands,2022-11-01,18771,2022.0
Netherlands,Netherlands,Netherlands,2022-11-02,21320,2022.0
Netherlands,Netherlands,Netherlands,2022-11-03,19227,2022.0
Netherlands,Netherlands,Netherlands,2022-11-04,19161,2022.0
Netherlands,Netherlands,Netherlands,2022-11-05,18932,2022.0
Netherlands,Netherlands,Netherlands,2022-11-06,32688,2022.0
Netherlands,Netherlands,Netherlands,2022-11-07,22202,2022.0
Netherlands,Netherlands,Netherlands,2022-11-08,20261,2022.0
Netherlands,Netherlands,Netherlands,2022-11-09,19582,2022.0
Netherlands,Netherlands,Netherlands,2022-11-10,18092,2022.0
Netherlands,Netherlands,Netherlands,2022-11-11,18362,2022.0
Netherlands,Netherlands,Netherlands,2022-11-12,17543,2022.0
Netherlands,Netherlands,Netherlands,2022-11-13,19045,2022.0
Netherlands,Netherlands,Netherlands,2022-11-14,19326,2022.0
Netherlands,Netherlands,Netherlands,2022-11-15,19347,2022.0
Netherlands,Netherlands,Netherlands,2022-11-16,19765,2022.0
Netherlands,Netherlands,Netherlands,2022-11-17,19578,2022.0
Netherlands,Netherlands,Netherlands,2022-11-18,19111,2022.0
Netherlands,Netherlands,Netherlands,2022-11-19,18509,2022.0
Netherlands,Netherlands,Netherlands,2022-11-20,24877,2022.0
Netherlands,Netherlands,Netherlands,2022-11-21,80649,2022.0
Netherlands,Netherlands,Netherlands,2022-11-22,29884,2022.0
Netherlands,Netherlands,Netherlands,2022-11-23,23138,2022.0
Netherlands,Netherlands,Netherlands,2022-11-24,22556,2022.0
Netherlands,Netherlands,Netherlands,2022-11-25,67192,2022.0
Netherlands,Netherlands,Netherlands,2022-11-26,25740,2022.0
Netherlands,Netherlands,Netherlands,2022-11-27,23246,2022.0
Netherlands,Netherlands,Netherlands,2022-11-28,23225,2022.0
Netherlands,Netherlands,Netherlands,2022-11-29,43539,2022.0
Netherlands,Netherlands,Netherlands,2022-11-30,32091,2022.0
Netherlands,Netherlands,Netherlands,2022-12-01,25232,2022.0
Netherlands,Netherlands,Netherlands,2022-12-02,21428,2022.0
Netherlands,Netherlands,Netherlands,2022-12-03,84008,2022.0
Netherlands,Netherlands,Netherlands,2022-12-04,27894,2022.0
Netherlands,Netherlands,Netherlands,2022-12-05,21517,2022.0
Netherlands,Netherlands,Netherlands,2022-12-06,20538,2022.0
Netherlands,Netherlands,Netherlands,2022-12-07,19184,2022.0
Netherlands,Netherlands,Netherlands,2022-12-08,18512,2022.0
Netherlands,Netherlands,Netherlands,2022-12-09,76303,2022.0
Netherlands,Netherlands,Netherlands,2022-12-10,34790,2022.0
Netherlands,Netherlands,Netherlands,2022-12-11,20664,2022.0
Netherlands,Netherlands,Netherlands,2022-12-12,19406,2022.0
Netherlands,Netherlands,Netherlands,2022-12-13,18295,2022.0
Netherlands,Netherlands,Netherlands,2022-12-14,17349,2022.0
Netherlands,Netherlands,Netherlands,2022-12-15,15797,2022.0
Netherlands,Netherlands,Netherlands,2022-12-16,14046,2022.0
Netherlands,Netherlands,Netherlands,2022-12-17,13750,2022.0
Netherlands,Netherlands,Netherlands,2022-12-18,14581,2022.0
Netherlands,Netherlands,Netherlands,2022-12-19,16921,2022.0
Netherlands,Netherlands,Netherlands,2022-12-20,15332,2022.0
Netherlands,Netherlands,Netherlands,2022-12-21,13768,2022.0
Netherlands,Netherlands,Netherlands,2022-12-22,13203,2022.0
Netherlands,Netherlands,Netherlands,2022-12-23,13332,2022.0
Netherlands,Netherlands,Netherlands,2022-12-24,13243,2022.0
Netherlands,Netherlands,Netherlands,2022-12-25,22531,2022.0
Netherlands,Netherlands,Netherlands,2022-12-26,15446,2022.0
Netherlands,Netherlands,Netherlands,2022-12-27,15481,2022.0
Netherlands,Netherlands,Netherlands,2022-12-28,15572,2022.0
Netherlands,Netherlands,Netherlands,2022-12-29,14085,2022.0
Netherlands,Netherlands,Netherlands,2022-12-30,13492,2022.0
Netherlands,Netherlands,Netherlands,2022-12-31,12355,2022.0
Paraguay,Paraguay,Paraguay,2026-06-01,2984,2026.0
Paraguay,Paraguay,Paraguay,2026-06-02,2900,2026.0
Paraguay,Paraguay,Paraguay,2026-06-03,3010,2026.0
Paraguay,Paraguay,Paraguay,2026-06-04,3087,2026.0
Paraguay,Paraguay,Paraguay,2026-06-05,3132,2026.0
Paraguay,Paraguay,Paraguay,2026-06-06,3427,2026.0
Paraguay,Paraguay,Paraguay,2026-06-07,3594,2026.0
Paraguay,Paraguay,Paraguay,2026-06-08,3833,2026.0
Paraguay,Paraguay,Paraguay,2026-06-09,4123,2026.0
Paraguay,Paraguay,Paraguay,2026-06-10,4485,2026.0
Paraguay,Paraguay,Paraguay,2026-06-11,6639,2026.0
Paraguay,Paraguay,Paraguay,2026-06-12,18637,2026.0
Paraguay,Paraguay,Paraguay,2026-06-13,85880,2026.0
Paraguay,Paraguay,Paraguay,2026-06-14,9777,2026.0
Paraguay,Paraguay,Paraguay,2026-06-15,9228,2026.0
Paraguay,Paraguay,Paraguay,2026-06-16,6159,2026.0
Paraguay,Paraguay,Paraguay,2026-06-17,5288,2026.0
Paraguay,Paraguay,Paraguay,2026-06-18,4904,2026.0
Paraguay,Paraguay,Paraguay,2026-06-19,6500,2026.0
Paraguay,Paraguay,Paraguay,2026-06-20,33828,2026.0
Paraguay,Paraguay,Paraguay,2026-06-21,9664,2026.0
Paraguay,Paraguay,Paraguay,2026-06-22,7352,2026.0
Paraguay,Paraguay,Paraguay,2026-06-23,5027,2026.0
Paraguay,Paraguay,Paraguay,2026-06-24,4935,2026.0
Paraguay,Paraguay,Paraguay,2026-06-25,7281,2026.0
Paraguay,Paraguay,Paraguay,2026-06-26,19584,2026.0
Paraguay,Paraguay,Paraguay,2026-06-27,8386,2026.0
Paraguay,Paraguay,Paraguay,2026-06-28,7531,2026.0
Paraguay,Paraguay,Paraguay,2026-06-29,117808,2026.0
Paraguay,Paraguay,Paraguay,2026-06-30,86296,2026.0
Paraguay,Paraguay,Paraguay,2026-07-01,17669,2026.0
Paraguay,Paraguay,Paraguay,2026-07-02,9154,2026.0
Paraguay,Paraguay,Paraguay,2026-07-03,8345,2026.0
Paraguay,Paraguay,Paraguay,2026-07-04,116535,2026.0
Paraguay,Paraguay,Paraguay,2026-07-05,43363,2026.0
Paraguay,Paraguay,Paraguay,2026-07-06,20833,2026.0
Paraguay,Paraguay,Paraguay,2026-07-07,25627,2026.0
Paraguay,Paraguay,Paraguay,2026-07-08,14497,2026.0
Paraguay,Paraguay,Paraguay,2026-07-09,12722,2026.0
Paraguay,Paraguay,Paraguay,2026-07-10,7219,2026.0
Paraguay,Paraguay,Paraguay,2026-07-11,5440,2026.0
Paraguay,Paraguay,Paraguay,2026-07-12,5628,2026.0
Paraguay,Paraguay,Paraguay,2026-07-13,5266,2026.0
Paraguay,Paraguay,Paraguay,2026-07-14,4633,2026.0
Paraguay,Paraguay,Paraguay,2026-07-15,5103,2026.0
Paraguay,Paraguay,Paraguay,2026-07-16,4942,2026.0
Paraguay,Paraguay,Paraguay,2026-07-17,3832,2026.0
Paraguay,Paraguay,Paraguay,2026-07-18,4134,2026.0
Paraguay,Paraguay,Paraguay,2026-07-19,5681,2026.0
Paraguay,Paraguay,Paraguay,2026-07-20,6954,2026.0
Paraguay,Paraguay,Paraguay,2026-07-21,4929,2026.0
Paraguay,Paraguay,Paraguay,2026-07-22,4035,2026.0
Paraguay,Paraguay,Paraguay,2026-07-23,3893,2026.0
Paraguay,Paraguay,Paraguay,2026-07-24,3318,2026.0
Paraguay,Paraguay,Paraguay,2026-07-25,2966,2026.0
Paraguay,Paraguay,Paraguay,2026-07-26,3515,2026.0
Paraguay,Paraguay,Paraguay,2026-07-27,3124,2026.0
Paraguay,Paraguay,Paraguay,2026-07-28,3020,2026.0
Paraguay,Paraguay,Paraguay,2026-07-29,2955,2026.0
Paraguay,Paraguay,Paraguay,2026-07-30,2762,2026.0
Portugal,Portugal,Portugal,,0,
Turkey,Turkey,Turkey,2026-06-01,11503,2026.0
Turkey,Turkey,Turkey,2026-06-02,11677,2026.0
Turkey,Turkey,Turkey,2026-06-03,11565,2026.0
Turkey,Turkey,Turkey,2026-06-04,11729,2026.0
Turkey,Turkey,Turkey,2026-06-05,11635,2026.0
Turkey,Turkey,Turkey,2026-06-06,12107,2026.0
Turkey,Turkey,Turkey,2026-06-07,14036,2026.0
Turkey,Turkey,Turkey,2026-06-08,15515,2026.0
Turkey,Turkey,Turkey,2026-06-09,14438,2026.0
Turkey,Turkey,Turkey,2026-06-10,15033,2026.0
Turkey,Turkey,Turkey,2026-06-11,15732,2026.0
Turkey,Turkey,Turkey,2026-06-12,15858,2026.0
Turkey,Turkey,Turkey,2026-06-13,18143,2026.0
Turkey,Turkey,Turkey,2026-06-14,35523,2026.0
Turkey,Turkey,Turkey,2026-06-15,17672,2026.0
Turkey,Turkey,Turkey,2026-06-16,13276,2026.0
Turkey,Turkey,Turkey,2026-06-17,13180,2026.0
Turkey,Turkey,Turkey,2026-06-18,14056,2026.0
Turkey,Turkey,Turkey,2026-06-19,19150,2026.0
Turkey,Turkey,Turkey,2026-06-20,35991,2026.0
Turkey,Turkey,Turkey,2026-06-21,19212,2026.0
Turkey,Turkey,Turkey,2026-06-22,17103,2026.0
Turkey,Turkey,Turkey,2026-06-23,15005,2026.0
Turkey,Turkey,Turkey,2026-06-24,16839,2026.0
Turkey,Turkey,Turkey,2026-06-25,23721,2026.0
Turkey,Turkey,Turkey,2026-06-26,56348,2026.0
Turkey,Turkey,Turkey,2026-06-27,14937,2026.0
Turkey,Turkey,Turkey,2026-06-28,13411,2026.0
Turkey,Turkey,Turkey,2026-06-29,12711,2026.0
Turkey,Turkey,Turkey,2026-06-30,12783,2026.0
Turkey,Turkey,Turkey,2026-07-01,12456,2026.0
Turkey,Turkey,Turkey,2026-07-02,12349,2026.0
Turkey,Turkey,Turkey,2026-07-03,12011,2026.0
Turkey,Turkey,Turkey,2026-07-04,11645,2026.0
Turkey,Turkey,Turkey,2026-07-05,11911,2026.0
Turkey,Turkey,Turkey,2026-07-06,12568,2026.0
Turkey,Turkey,Turkey,2026-07-07,20603,2026.0
Turkey,Turkey,Turkey,2026-07-08,16514,2026.0
Turkey,Turkey,Turkey,2026-07-09,14426,2026.0
Turkey,Turkey,Turkey,2026-07-10,12947,2026.0
Turkey,Turkey,Turkey,2026-07-11,11597,2026.0
Turkey,Turkey,Turkey,2026-07-12,11675,2026.0
Turkey,Turkey,Turkey,2026-07-13,15226,2026.0
Turkey,Turkey,Turkey,2026-07-14,14013,2026.0
Turkey,Turkey,Turkey,2026-07-15,11398,2026.0
Turkey,Turkey,Turkey,2026-07-16,11467,2026.0
Turkey,Turkey,Turkey,2026-07-17,11758,2026.0
Turkey,Turkey,Turkey,2026-07-18,11804,2026.0
Turkey,Turkey,Turkey,2026-07-19,12491,2026.0
Turkey,Turkey,Turkey,2026-07-20,12518,2026.0
Turkey,Turkey,Turkey,2026-07-21,11621,2026.0
Turkey,Turkey,Turkey,2026-07-22,15305,2026.0
Turkey,Turkey,Turkey,2026-07-23,13168,2026.0
Turkey,Turkey,Turkey,2026-07-24,11357,2026.0
Turkey,Turkey,Turkey,2026-07-25,13720,2026.0
Turkey,Turkey,Turkey,2026-07-26,11219,2026.0
Turkey,Turkey,Turkey,2026-07-27,11623,2026.0
Turkey,Turkey,Turkey,2026-07-28,11803,2026.0
Turkey,Turkey,Turkey,2026-07-29,10584,2026.0
Turkey,Turkey,Turkey,2026-07-30,10717,2026.0
Wales,Wales,Wales,2022-11-01,12988,2022.0
Wales,Wales,Wales,2022-11-02,9978,2022.0
Wales,Wales,Wales,2022-11-03,9477,2022.0
Wales,Wales,Wales,2022-11-04,8845,2022.0
Wales,Wales,Wales,2022-11-05,9014,2022.0
Wales,Wales,Wales,2022-11-06,9710,2022.0
Wales,Wales,Wales,2022-11-07,9256,2022.0
Wales,Wales,Wales,2022-11-08,9051,2022.0
Wales,Wales,Wales,2022-11-09,9067,2022.0
Wales,Wales,Wales,2022-11-10,9402,2022.0
Wales,Wales,Wales,2022-11-11,8795,2022.0
Wales,Wales,Wales,2022-11-12,9071,2022.0
Wales,Wales,Wales,2022-11-13,12183,2022.0
Wales,Wales,Wales,2022-11-14,10864,2022.0
Wales,Wales,Wales,2022-11-15,10502,2022.0
Wales,Wales,Wales,2022-11-16,11681,2022.0
Wales,Wales,Wales,2022-11-17,11597,2022.0
Wales,Wales,Wales,2022-11-18,12522,2022.0
Wales,Wales,Wales,2022-11-19,13460,2022.0
Wales,Wales,Wales,2022-11-20,28991,2022.0
Wales,Wales,Wales,2022-11-21,219429,2022.0
Wales,Wales,Wales,2022-11-22,69672,2022.0
Wales,Wales,Wales,2022-11-23,26777,2022.0
Wales,Wales,Wales,2022-11-24,25155,2022.0
Wales,Wales,Wales,2022-11-25,108593,2022.0
Wales,Wales,Wales,2022-11-26,30834,2022.0
Wales,Wales,Wales,2022-11-27,20363,2022.0
Wales,Wales,Wales,2022-11-28,20358,2022.0
Wales,Wales,Wales,2022-11-29,91711,2022.0
Wales,Wales,Wales,2022-11-30,38558,2022.0
Wales,Wales,Wales,2022-12-01,17495,2022.0
Wales,Wales,Wales,2022-12-02,11080,2022.0
Wales,Wales,Wales,2022-12-03,10409,2022.0
Wales,Wales,Wales,2022-12-04,11101,2022.0
Wales,Wales,Wales,2022-12-05,9973,2022.0
Wales,Wales,Wales,2022-12-06,9141,2022.0
Wales,Wales,Wales,2022-12-07,8565,2022.0
Wales,Wales,Wales,2022-12-08,7841,2022.0
Wales,Wales,Wales,2022-12-09,8375,2022.0
Wales,Wales,Wales,2022-12-10,10355,2022.0
Wales,Wales,Wales,2022-12-11,9198,2022.0
Wales,Wales,Wales,2022-12-12,8486,2022.0
Wales,Wales,Wales,2022-12-13,8315,2022.0
Wales,Wales,Wales,2022-12-14,8316,2022.0
Wales,Wales,Wales,2022-12-15,7228,2022.0
Wales,Wales,Wales,2022-12-16,6454,2022.0
Wales,Wales,Wales,2022-12-17,6503,2022.0
Wales,Wales,Wales,2022-12-18,7082,2022.0
Wales,Wales,Wales,2022-12-19,7093,2022.0
Wales,Wales,Wales,2022-12-20,9102,2022.0
Wales,Wales,Wales,2022-12-21,6382,2022.0
Wales,Wales,Wales,2022-12-22,6237,2022.0
Wales,Wales,Wales,2022-12-23,5907,2022.0
Wales,Wales,Wales,2022-12-24,5462,2022.0
Wales,Wales,Wales,2022-12-25,6045,2022.0
Wales,Wales,Wales,2022-12-26,6439,2022.0
Wales,Wales,Wales,2022-12-27,6694,2022.0
Wales,Wales,Wales,2022-12-28,6289,2022.0
Wales,Wales,Wales,2022-12-29,6492,2022.0
Wales,Wales,Wales,2022-12-30,6167,2022.0
Wales,Wales,Wales,2022-12-31,5998,2022.0
