"476060286336913408	neutral"
"477584843283259392	positive"
"478036760815878144	positive"
"478021085330673664	positive"
"477207573699891200	positive"
"477537690028900354	positive"
"477159887362093056	neutral"
"477134286311927808	neutral"
"477836170903453696	positive"
"478687151052165120	positive"
"478309890117865472	positive"
"478225634653503488	negative"
"477015863275446272	positive"
"477580468637143042	positive"
"477582059855028224	neutral"
"477133948762726400	positive"
"478687608433037312	positive"
"478362333475926017	positive"
"476700222480207872	positive"
"477589052167049217	neutral"
"478990851847495680	positive"
"477509749387591680	positive"
"478261720721686528	positive"
"477137762391314433	positive"
"477503869576941568	positive"
"477501363333496832	positive"
"477540690436833280	positive"
"478571232364101632	positive"
"477461531936825344	positive"
"477191347544129537	positive"
"477560145665212418	negative"
"478224503181697025	positive"
"478046890890903552	positive"
"477959450645385216	neutral"
"477021722143916032	positive"
"478684936506208256	negative"
"477549743082852352	negative"
"477017782379220992	neutral"
"476695440063463424	neutral"
"477933502818578433	positive"
"477917508276846592	positive"
"477543636825935872	positive"
"477533488288370688	negative"
"477184549043310592	negative"
"477917928990736385	negative"
"478233158295781376	positive"
"477494618905255936	positive"
"477442219142807553	neutral"
"477535618785112064	positive"
"476487325170802688	positive"
"477133513070608386	positive"
"477933142998016000	neutral"
"477153201473728512	positive"
"477359440304144384	positive"
"476045905259679746	positive"
"477532875282059264	negative"
"478992495674941441	negative"
"477871578223771648	positive"
"477537651126697985	positive"
"477933604199481347	positive"
"477207871202275329	positive"
"477945869489430528	positive"
"477494825869406208	negative"
"476472448465252353	positive"
"478970277628362752	positive"
"477553253723697152	positive"
"478974189949292545	positive"
"478989064562307072	negative"
"478683835639398400	positive"
"477026978294665216	positive"
"477543831001640960	neutral"
"478685127791226882	positive"
"477553513682059264	negative"
"477583228111298560	neutral"
"477183679450451968	positive"
"477133999375007744	neutral"
"477761069877055489	positive"
"476061650546872321	positive"
"477163595915337728	positive"
"477936795699937280	neutral"
"478965697432002560	positive"
"478233893225889793	positive"
"478685667191320577	positive"
"477153440205119489	positive"
"477509383069650944	positive"
"478571079154536448	positive"
"477543857798672384	positive"
"478233201874575361	positive"
"477560776694435841	positive"
"477944861056704512	positive"
"478582862157869056	negative"
"477533229311098880	negative"
"477159964499529728	positive"
"477917949433774080	positive"
"478223243640573952	neutral"
"477468316814942209	neutral"
"477501116062912513	negative"
"477537650543722496	positive"
"477870137291198464	negative"
"477191216962883585	negative"
"478687885692923905	positive"
"478204126049079296	positive"
"478084434067849216	positive"
"477161088132603904	negative"
"477956836495085568	positive"
"478009793068544000	positive"
"477472044586520578	positive"
"477208153533460480	negative"
"477504474563354624	positive"
"477936512064294913	positive"
"477353125767307264	neutral"
"477549956400959488	positive"
"478211936719339520	positive"
"478034904958398466	positive"
"477466955444944896	positive"
"477495234126168065	negative"
"478661328060813312	positive"
"477532718935584768	neutral"
"478608660739129344	positive"
"478837662606835712	positive"
"477537322008055808	positive"
"478308773027512320	positive"
"478311979703349250	negative"
"477470069933342720	positive"
"476490883236630528	neutral"
"477540594122625024	positive"
"478645541316739072	positive"
"478933829399617537	positive"
"478521477562896384	positive"
"477533530692796416	positive"
"477016606980452353	positive"
"477183679446646784	positive"
"478686038127169536	neutral"
"477944424614592513	positive"
"477191238056022016	positive"
"477866913305874432	neutral"
"477872067602579456	positive"
"477541626710339586	positive"
"477533762872684544	positive"
"477533105964974080	positive"
"477537447497437185	positive"
"477917759922507777	negative"
"477550152979578880	positive"
"478233165178634240	positive"
"478312399670632449	neutral"
"477494091224068096	positive"
"478971272165347328	positive"
"478611765044195328	neutral"
"478991919947583488	positive"
"477536476045918208	negative"
"477033027269562369	neutral"
"477511903171072000	positive"
"477495397448179712	positive"
"478610383549517824	neutral"
"477935970399297536	positive"
"477153455627567104	positive"
"478385673414520832	positive"
"477154240847425536	neutral"
"477537784807579649	positive"
"478205879360450561	negative"
"477553932995006465	negative"
"477501383067697152	positive"
"477957122584371202	positive"
"478012457353347072	negative"
"478990016367321088	negative"
"477541687904829440	positive"
"478612125636919296	neutral"
"477553815542312961	negative"
"477537394200047616	positive"
"477917495525773313	negative"
"477583154040295425	positive"
"478994469858344960	positive"
"478927256598097920	positive"
"477184072096444416	positive"
"477530238339907585	positive"
"477533498916368384	neutral"
"477162594050920449	positive"
"478262339507339264	positive"
"477495950278008832	positive"
"478233850322378754	positive"
"477184865415098368	positive"
"477451420829224960	neutral"
"478661924674994176	negative"
"478310202375421952	neutral"
"478989904433541121	positive"
"477494983214125057	negative"
"477537764263477249	positive"
"477936051307421697	positive"
"478583049492660225	negative"
"477107944463810560	positive"
"477238236558155776	positive"
"477537549901381632	positive"
"478974044885094400	positive"
"477360319724277760	neutral"
"477017375934808064	neutral"
"477584102682423296	positive"
"477498902250127360	positive"
"478310951754952705	positive"
"476061730842624000	positive"
"477164105069887488	positive"
"477466983500222469	neutral"
"478196863464927232	negative"
"476790855333056512	negative"
"478359593526235136	neutral"
"477505352565411840	negative"
"477136320821600256	positive"
"477160695830949888	negative"
"478685909148106752	negative"
"477917104717316096	positive"
"478686354914570240	positive"
"477228915434332160	neutral"
"477933428126777344	positive"
"477582451334979586	positive"
"478931003356880897	positive"
"477505875197050880	positive"
"477956995467972609	negative"
"477507981962395648	positive"
"477917585858502656	positive"
"478687303418658816	positive"
"477540508106244096	positive"
"479003740003766273	neutral"
"477533795646992384	negative"
"477543752454512643	neutral"
"478988343792132097	positive"
"477154469969682432	positive"
"478925106006089729	positive"
"478644938675322880	positive"
"477760960456065025	positive"
"477509360717815810	neutral"
"478231523175710720	neutral"
"477183954382880768	positive"
"476055282695823361	positive"
"477509782870298625	positive"
"477179064709419009	negative"
"477537676212834304	positive"
"477934705594363906	positive"
"478261473852923904	negative"
"477157776813461504	negative"
"477160271924850689	negative"
"477581171225026561	positive"
"477543804355248128	positive"
"478364681078198272	positive"
"477229470844076032	positive"
"477533181814800385	neutral"
"477552992481058817	negative"
"477163438498930688	positive"
"478230571445784576	neutral"
"477537074979958785	positive"
"477935255501152256	positive"
"478287470539603968	positive"
"477106127541260288	positive"
"478967708151586816	neutral"
"477936484373508096	positive"
"478613417758957569	positive"
"477537612522323968	positive"
"477531779575078912	positive"
"477033915148816385	positive"
"477537412693131264	positive"
"477933108164308992	positive"
"477945929086304257	positive"
"477495936650727424	neutral"
"477443181454163969	positive"
"478995520640540672	negative"
"477957530082373632	positive"
"477903967687806976	positive"
"478606466900033536	positive"
"477494940340326400	positive"
"477137151361290240	positive"
"477581359104274434	positive"
"478387090837618688	positive"
"477456322728714240	negative"
"477934893222363136	positive"
"476702818985054208	positive"
"477138070127378432	positive"
"477549675948437504	negative"
"477540753171042305	neutral"
"477906805712908288	positive"
"477549033997606912	neutral"
"478259408007618560	negative"
"477537503247728640	neutral"
"477179030379454465	positive"
"478009827256709120	positive"
"477135100539183104	positive"
"477201863310196737	positive"
"477934521195970561	positive"
"477042825402777600	neutral"
"477553060555001857	negative"
"477535006139899905	neutral"
"477502165830090752	positive"
"478233607044341760	positive"
"478967130407600128	positive"
"477501600077205504	positive"
"477535569107746816	neutral"
"477549089047867393	positive"
"477904172835422208	negative"
"477539920370999296	positive"
"476468355361431553	positive"
"477532829711355904	positive"
"477044211464671232	negative"
"477183641378754561	positive"
"477184271879532544	positive"
"477529787607822336	positive"
"477906690692497408	neutral"
"477540357299662848	negative"
"477043805556711425	positive"
"477034096149807104	positive"
"477643538092400643	positive"
"477164168605216769	negative"
"478687893272023041	positive"
"477244094658277378	positive"
"478821381204090881	positive"
"477075703209668608	positive"
"478683228069306368	positive"
"478569459205296129	positive"
"477534973252370432	positive"
"477501306739761152	positive"
"477537638870953985	positive"
"477201846894080000	positive"
"477184360748417024	positive"
"477549567832260608	positive"
"477539987924086784	positive"
"477228764137418753	positive"
"477184610011340800	positive"
"477042598519922689	neutral"
"476061449702637569	positive"
"477540343035232256	positive"
"477441448762028032	positive"
"477537498218778624	positive"
"477154141639176192	positive"
"477163005365747712	positive"
"477959484804190208	positive"
"477208162630508544	positive"
"478217495837671424	positive"
"477134631020822528	positive"
"478570690174410752	positive"
"477537416580845568	positive"
"477537281729761280	positive"
"477537335928946689	positive"
"477578695969079296	neutral"
"477537723503611904	positive"
"478201808272515073	positive"
"477944772074565632	positive"
"477231453546086400	positive"
"477508553243369472	neutral"
"477944112327307265	neutral"
"477509134674567169	neutral"
"478687020290949120	positive"
"478994904563994624	negative"
"477537310905348096	positive"
"478013794954661888	positive"
"477130115609264128	positive"
"478699563533230080	positive"
"477869428663930880	positive"
"477183846619054080	neutral"
"476488963252047872	positive"
"477917177941852160	negative"
"477185040837656578	negative"
"478834930538274816	neutral"
"478221106965258240	positive"
"477492575595556864	positive"
"478233256165666816	positive"
"477934128709386240	positive"
"478614410865704961	positive"
"478036644021280768	neutral"
"478932101560283136	positive"
"477153368486727681	negative"
"477225143861641216	positive"
"477532473484517376	neutral"
"477498536758484992	negative"
"478645696526966784	positive"
"477471332545081344	neutral"
"478569205366018048	neutral"
"477500437848137728	negative"
"477864534817112064	positive"
"477588370827145217	positive"
"478994388719124480	positive"
"477184875225968640	positive"
"477549304090206208	positive"
"477108389814607872	positive"
"477493352317726721	positive"
"477240450563440640	neutral"
"477532904810364928	positive"
"477945914662072320	positive"
"478684948539654144	negative"
"477974655957868544	neutral"
"477917565323603968	positive"
"476504016709779456	positive"
"477553881124454400	positive"
"477238775815622656	positive"
"477108405187149824	positive"
"478687628682727425	positive"
"477537358284595200	positive"
"477637402609991680	positive"
"477243548085940224	positive"
"477549577839837185	positive"
"477932725081751552	positive"
"477512284479442944	positive"
"477533232993681410	negative"
"478923806376210433	positive"
"478685364631400448	positive"
"477537095737942017	positive"
"478010062846582786	positive"
"478262162306387968	negative"
"477535442997215232	negative"
"478924710659383296	positive"
"477936127899234304	positive"
"478686608762609665	positive"
"477107442988634112	positive"
"477946033641512960	positive"
"476036529677434880	negative"
"477976407487045632	positive"
"478926296999673856	positive"
"477232688781201408	negative"
"478614431325114368	positive"
"477510558959161344	positive"
"478614217130377217	positive"
"477531955680931840	positive"
"477161542455410688	positive"
"477836722261479426	negative"
"477462936773210112	positive"
"477541130905464832	positive"
"477553907380805632	negative"
"478923858385190913	positive"
"477553882944782337	positive"
"478990625246040064	positive"
"477160521310162944	positive"
"478600644128174080	positive"
"477161974896541696	negative"
"477553223558246400	positive"
"477162159626280960	positive"
"478687891787231234	positive"
"477863987976339456	positive"
"477179092110823424	positive"
"477179035467137025	positive"
"477534918549839872	positive"
"478989678126039041	positive"
"477227206188355584	positive"
"477549091531259904	positive"
"478645986110484481	positive"
"477956751275606016	positive"
"477532910749110272	positive"
"478602510316220417	positive"
"477543996743753729	positive"
"478687837668114433	positive"
"478660990964215811	negative"
"477022467295576064	negative"
"477153423109140480	positive"
"478928504269307904	positive"
"477543840619184128	positive"
"477533415168688128	positive"
"477162206216613888	neutral"
"477154666342805505	neutral"
"477447422486908928	neutral"
"476787704316059648	positive"
"478233664669884416	positive"
"477537365670383618	positive"
"477179062977576960	positive"
"476039730799579137	positive"
"477533541291819009	negative"
"477027931299250176	negative"
"478686250791350272	positive"
"478223256902987777	neutral"
"477137225574924288	positive"
"477532351845515265	positive"
"477509040680239104	positive"
"477581346764619776	neutral"
"477537341364764673	positive"
"477508366030209024	positive"
"478686899377164289	neutral"
"477208021240512513	neutral"
"477560385491316736	negative"
"477585348848267264	positive"
"477039585009364992	neutral"
"478313890972184576	positive"
"478196021655511040	positive"
"478608240284934144	positive"
"476790299344502784	positive"
"478994437356683264	positive"
"477501944056254464	positive"
"477537508234764288	positive"
"477240850645532672	neutral"
"477154381222010881	positive"
"478603402445086720	neutral"
"477037884424216576	positive"
"478835773643710464	positive"
"477864065008959488	positive"
"477945465020104705	positive"
"477943971956944896	positive"
"477837780702072832	positive"
"477945557043130368	positive"
"478995070922682368	positive"
"477036123760656384	neutral"
"477153273393451008	positive"
"478995028681838593	positive"
"478963984373018625	neutral"
"477934924796665856	negative"
"478348797333241857	positive"
"478660812110708737	negative"
"478989865955373056	negative"
"478686852447076352	positive"
"477360996219387904	positive"
"478972540527075328	neutral"
"477549451708731393	positive"
"477509758119723009	positive"
"477234898801942529	positive"
"478687613742632962	positive"
"477510880582574083	positive"
"477226899048263681	positive"
"477584148627206147	positive"
"477946102860492800	positive"
"478684347852005376	neutral"
"477863854136123392	positive"
"478987849681760258	positive"
"476497662821535744	positive"
"477553789202100224	negative"
"478686153395437568	positive"
"477533318221955072	neutral"
"478967093774524416	neutral"
"478683178891501568	positive"
"478205767867457537	positive"
"477537626769989632	positive"
"478198216958443520	positive"
"477494597912768512	positive"
"477473877866459137	positive"
"478211092251176962	positive"
"478259871734054913	positive"
"478973181651218433	positive"
"477043994409844736	negative"
"477154081170288640	positive"
"477834724887388160	positive"
"477108298001313792	positive"
"477537746559705088	neutral"
"478660427283324928	positive"
"476792718837153792	positive"
"477230923142803456	positive"
"477160450610573312	negative"
"478233231142436864	positive"
"477865608634048512	positive"
"478966928011046914	positive"
"477207622199021570	positive"
"477961195027431424	positive"
"476485210616627200	positive"
"477588751364145152	negative"
"478205126327681024	negative"
"477460263658991618	positive"
"478992278728761344	positive"
"476483862701539328	positive"
"478686067235631105	positive"
"477638890216751104	positive"
"477975970126000129	positive"
"477105726347673600	positive"
"477162420419719168	positive"
"477207770739904512	positive"
"477464247358603264	positive"
"477501707480743938	positive"
"477463705345482752	neutral"
"477440365939535872	neutral"
"477550013535375360	neutral"
"477512164916203520	positive"
"477229803725017088	positive"
"477179089581637633	positive"
"478569660766367744	positive"
"477183787378696192	positive"
"477762243061633024	negative"
"477353606166089728	positive"
"477201868318584832	positive"
"477208180305313792	positive"
"477493074398937088	neutral"
"477960481563762688	negative"
"477130720310083584	positive"
"477508850514272256	positive"
"477207838134374401	positive"
"478233520955850752	neutral"
"477160898059317248	positive"
"477870898528391168	neutral"
"478994975137734656	neutral"
"477017387003162624	positive"
"478661152856358912	positive"
"477917465540702208	neutral"
"477532895696146432	positive"
"477588346244325376	positive"
"478233403071135745	positive"
"477506854818697216	neutral"
"478929080885059585	positive"
"477537282233085952	positive"
"478613318773374977	positive"
"477474734888595457	neutral"
"478600819369992193	positive"
"478989318459904000	negative"
"477162868412932096	positive"
"477553991627603968	positive"
"477505075384811520	positive"
"477541068255543296	neutral"
"477943907578560513	positive"
"478285512000544769	positive"
"477207631996547075	neutral"
"478034214114557952	positive"
"478685876005126147	positive"
"477017331785560064	positive"
"478307830852636672	neutral"
"478225867924332545	positive"
"477208179835940864	positive"
"479003740234461184	positive"
"477207613621665792	positive"
"476468801949552640	neutral"
"478995330248110083	positive"
"477559906141470720	positive"
"478309059125190657	positive"
"478233106986860544	positive"
"477537577747369986	positive"
"477162119029620736	positive"
"477936577294114816	positive"
"478381455827947521	neutral"
"478231737688805377	positive"
"478375826325372928	neutral"
"477466389792694272	positive"
"477537248838049792	positive"
"477540464023711744	positive"
"477241259837624320	positive"
"477135862757883904	negative"
"477105210590892032	neutral"
"477550265004867584	neutral"
"478233744789094400	positive"
"478613742486585344	negative"
"478995256730341377	neutral"
"478022260033601536	positive"
"477580828029878272	positive"
"476484441854836736	positive"
"477153016832077825	positive"
"477105130714972160	neutral"
"477553611694555136	positive"
"477580409690415104	positive"
"477501053043093505	positive"
"478996415482699776	neutral"
"478261006171250688	neutral"
"477471210154905602	positive"
"477537265842143233	neutral"
"478686882587344896	positive"
"477535002222407680	positive"
"478933173338796032	positive"
"478989312826937344	negative"
"478085902376251393	positive"
"477529865776660480	positive"
"477023472976404480	positive"
"477508871036997632	positive"
"478233191489490944	positive"
"476792395518857216	negative"
"478967710525554688	neutral"
"478923060611776512	positive"
"477224359724351488	positive"
"477468398885277696	positive"
"477537580842762243	positive"
"477549088846938114	positive"
"477541655441330176	positive"
"477542172502552576	positive"
"478036713319563264	positive"
"478582787617062912	positive"
"477544212624191488	positive"
"477552756988055552	positive"
"478037715326234624	neutral"
"477537589915033603	positive"
"477536699086831616	positive"
"477529263298453505	negative"
"478683880929521664	neutral"
"477139191399055361	positive"
"478357119599534080	negative"
"477108723874553857	negative"
"477532813562892289	negative"
"477160562384973825	positive"
"477553785452371971	negative"
"478684227865571328	neutral"
"478262506067357696	positive"
"478231267700649985	neutral"
"478931066292420608	positive"
"477023104708116480	positive"
"476705855514349568	positive"
"478206991207518208	positive"
"477349659183030272	negative"
"477537413883904000	neutral"
"477504581795315712	positive"
"476499739320795138	positive"
"477537062317719552	positive"
"477534486906036224	negative"
"478262340790796288	positive"
"477494650798755840	positive"
"478686262384029696	positive"
"478661782022934528	positive"
"477184673261445120	positive"
"477104470736637952	positive"
"478993694759333888	positive"
"477530422063431680	positive"
"477160061295267840	positive"
"477159994526552064	positive"
"478233341335179264	positive"
"478233315007143936	positive"
"477133680469876737	positive"
"477549881385422848	negative"
"477509882799607808	negative"
"477945913919696896	positive"
"477360055608553472	positive"
"478988149574483969	positive"
"477946059264520193	positive"
"477154455436423168	negative"
"477161535098589185	positive"
"477580882417815552	negative"
"477917982669033472	positive"
"477588367970807808	positive"
"477499340198789120	negative"
"477837042550722560	positive"
"477131379734376448	positive"
"477493584938029056	positive"
"476794008141070336	positive"
"477533270490378240	neutral"
"477201762722398208	positive"
"477580610165547008	positive"
"477543547294715905	negative"
"479003806512852992	positive"
"477549354530910209	neutral"
"478312395316936705	positive"
"477934590686818304	positive"
"477532609270915072	neutral"
"477462903629430784	neutral"
"478045987018399746	positive"
"478685665110929409	positive"
"477537553982435330	positive"
"477559919579635712	positive"
"477033358220734464	positive"
"477462182557679616	positive"
"477549210544660480	positive"
"477134724000153600	positive"
"477207570214424577	positive"
"477579159120920577	negative"
"478011864467902464	positive"
"478612077905321984	positive"
"477500476393410560	positive"
"477230170751762433	negative"
"477537590506434561	positive"
"478973862932402177	negative"
"477585509007761408	negative"
"478660468731817985	positive"
"477454380346535936	positive"
"477529557562826752	negative"
"477561071390441474	positive"
"477103062935298050	positive"
"477541487152877568	positive"
"477541604996431873	positive"
"477533031314366464	positive"
"479003747692331008	neutral"
"478685770027261952	positive"
"478832073474846720	positive"
"478684632318480384	neutral"
"478052513917456385	positive"
"477537129690841088	positive"
"477017217675325440	negative"
"477580064771407872	positive"
"477152922678353921	positive"
"477107855514800128	neutral"
"478687626489110528	neutral"
"477038324767408128	positive"
"477469800835604480	positive"
"477543690714750977	positive"
"476048113829175296	neutral"
"476502332507951104	neutral"
"477508872857341952	positive"
"478598974580858880	negative"
"478966814685544448	positive"
"477905605399957506	neutral"
"476490821731377152	positive"
"477871957896343552	negative"
"478996139060887552	positive"
"477549224444583936	positive"
"477537179326242816	positive"
"478685676376838144	positive"
"477136819617021952	positive"
"477502533473013761	positive"
"477164272708251648	negative"
"477537499871731713	positive"
"477945966373666816	positive"
"477016315132387328	positive"
"477536810000973824	positive"
"477207513742716928	negative"
"477201712915021826	negative"
"477553460989026304	positive"
"477537156097777665	positive"
"477871844717260800	positive"
"477509933874020352	positive"
"477154533383360513	positive"
"478262778550304768	positive"
"478608914875838464	neutral"
"478610332709974016	positive"
"477495131831300096	positive"
"476793573782720512	positive"
"477549791312764928	neutral"
"478309763789238272	positive"
"477975051703422976	negative"
"477534420623056896	positive"
"477109139311951872	neutral"
"478370263412015104	positive"
"477493344898011136	positive"
"477537432687362049	positive"
"477533032359149568	positive"
"477496414763618304	positive"
"478966350988447744	positive"
"479003684819714049	positive"
"477642098598899712	positive"
"478963095726198784	positive"
"477535123513282560	negative"
"477495247102963712	negative"
"477530081322364928	neutral"
"477917395924054016	positive"
"477508336360095744	negative"
"477163606942187520	neutral"
"478608800375525376	positive"
"477505068007456768	positive"
"477543951851745280	positive"
"477108371532042240	negative"
"477946126528561153	positive"
"477017288474775552	positive"
"478525694725877760	positive"
"477533125812047874	positive"
"478583176953360384	positive"
"477508852196188160	negative"
"478233141199769601	neutral"
"477544099898064896	positive"
"477531026429063169	positive"
"477354244693962752	neutral"
"478605822134853632	positive"
"477364829343084544	positive"
"477580878416056320	positive"
"477016201080881153	neutral"
"477957716334637056	positive"
"477494122228760576	negative"
"478933085560385536	positive"
"477159932438269952	positive"
"477932889972416512	positive"
"477225777679712256	neutral"
"478259838284488705	positive"
"477637576753709056	positive"
"477462720736796672	neutral"
"477107902637813760	negative"
"478922953707364352	neutral"
"477108310923943936	neutral"
"478380393947598849	positive"
"478205746069655554	positive"
"477361940969553920	positive"
"478684656221827072	neutral"
"477208215781146624	positive"
"477549179930431488	positive"
"477208098000883712	positive"
"478987939293462528	positive"
"478687781670367232	positive"
"478310762440822784	negative"
"477474830480973825	positive"
"476696711986167809	positive"
"477537128529006592	positive"
"478961722233872385	positive"
"478685463624957954	positive"
"477161856235094016	positive"
"477501209088389120	positive"
"477107491835502593	negative"
"477917840440578050	negative"
"477871982533292033	positive"
"477550137628426240	positive"
"477959939613540353	negative"
"477869760097828864	negative"
"477549104370028544	neutral"
"477453838450823168	positive"
"477495110469304320	positive"
"478613077508648960	positive"
"477506866780442624	positive"
"477543496174157827	positive"
"477865449561288705	positive"
"477448847388860417	positive"
"477494144084897792	positive"
"478035320584171520	positive"
"476701680722272256	positive"
"477104848593514497	neutral"
"478605858541031424	positive"
"477553963315654656	positive"
"478968701203795968	negative"
"478605684754624513	negative"
"478039107579703296	positive"
"477959118859554817	positive"
"477133139488538624	positive"
"477505822973755392	positive"
"478233323844960258	positive"
"477537801433784321	positive"
"477162181650546688	positive"
"477154160140644353	negative"
"477510089553620993	negative"
"478610663200145408	neutral"
"477976146186076160	neutral"
"478661319462518784	positive"
"478359312113598464	positive"
"477207775303696384	positive"
"476510737683472386	negative"
"477945528840241153	positive"
"478929818352750592	positive"
"478613287328677890	neutral"
"477184242808782849	positive"
"478701037964894208	positive"
"477936090557743106	positive"
"477936641706041344	positive"
"478610457805484032	positive"
"477454191179210752	neutral"
"477540566150819841	positive"
"477037487572156416	positive"
"479003652309278720	positive"
"477553482296483840	negative"
"477501487552028672	negative"
"477160082321735680	positive"
"478200874461052928	positive"
"477935341224357888	neutral"
"477549139010396161	positive"
"477162069456744449	neutral"
"478824732440408064	positive"
"477534756846854144	positive"
"478221810614697985	positive"
"477543779004850177	positive"
"477499859503964162	negative"
"477502015892103168	positive"
"477161030272167936	positive"
"477492857100451841	positive"
"477493785362845697	negative"
"477957655843987456	negative"
"477550130476765185	positive"
"478612057886298112	positive"
"478233659166961666	negative"
"478699626485514240	positive"
"478011239625277440	positive"
"477550366415147011	positive"
"477835710221672448	neutral"
"477587587813490688	positive"
"478685619779284994	positive"
"478604715723599875	neutral"
"478205435091386369	positive"
"478233106382848001	positive"
"477904029767700480	neutral"
"477533263981211648	positive"
"477184013334216704	positive"
"477533602826027008	positive"
"477501677197479936	positive"
"477153372597153792	neutral"
"477447485606998016	positive"
"477934910582558721	negative"
"477543710704431105	negative"
"477536469855526912	neutral"
"477131050397601792	positive"
"478598889553940482	positive"
"477541031949262849	negative"
"477179085060206592	positive"
"477227664692887552	positive"
"477530349090918401	positive"
"477549210120638464	neutral"
"477537132639420417	positive"
"478685479697530880	positive"
"477839218379464704	positive"
"478211051625127936	positive"
"476496644578344960	positive"
"479003649721778177	positive"
"477945241807630336	positive"
"477018330893537280	positive"
"477501418006261760	positive"
"477030942033584128	negative"
"478934076075032576	positive"
"477580223660044288	positive"
"478205280665481216	positive"
"478644723184193536	positive"
"478687082526023680	positive"
"478601151495942144	positive"
"477959344974082048	negative"
"477552756627365888	positive"
"478261461362696194	negative"
"478988032960245760	neutral"
"477917201954263040	negative"
"477533052684734464	positive"
"477944165771530240	positive"
"478010853762269184	positive"
"478992155667488768	positive"
"477532234061455360	positive"
"478233172694421504	positive"
"478994921450258433	positive"
"477137196621643776	positive"
"478367902329208833	positive"
"478967543156449280	neutral"
"477511769712107521	negative"
"477549242370633728	positive"
"477863835676602368	negative"
"477184672720760832	positive"
"477537428484665344	positive"
"477537157570375681	positive"
"477905470116876288	positive"
"477496539880095745	negative"
"477935082741985280	positive"
"477543660196610048	positive"
"477543293085970434	positive"
"478215501441953792	positive"
"477174731745935361	neutral"
"477501282643881984	positive"
"478990851998097408	positive"
"478718533418094592	negative"
"479710088723443712	positive"
"477181054046842880	positive"
"479950205086085120	negative"
"477554285765353472	neutral"
"480045153659670528	negative"
"479022189577248769	negative"
"479306278704263168	positive"
"478575757502210049	negative"
"477112952697266176	negative"
"479503310387699713	negative"
"477335193380859904	neutral"
"478300651508596737	negative"
"477554346096603136	negative"
"477207298193244160	negative"
"476832766689288192	positive"
"478061939932004352	positive"
"477850440349282304	neutral"
"480861231038070785	negative"
"480047021793898497	negative"
"479705675153805314	negative"
"477493954259075073	negative"
"479017515906244608	negative"
"477838806226599936	positive"
"481500037428822016	negative"
"480831640269504512	negative"
"477492941607288832	neutral"
"478062037147598848	positive"
"477179707994411008	negative"
"479008857620873217	negative"
"479303375142780929	negative"
"476816647471509504	positive"
"478308245526687746	negative"
"477182021375373314	negative"
"481009493380059136	negative"
"476099461236928512	negative"
"477500581792083970	negative"
"479732810304208897	negative"
"477178759896764416	negative"
"477177995661037569	neutral"
"477200871520870400	negative"
"479500145814671360	negative"
"480444917685448704	negative"
"480523496959651841	negative"
"478308194805383168	negative"
"481500357965930496	negative"
"479712293777719296	positive"
"480044367176937472	negative"
"477554382691909633	negative"
"481497849054523393	negative"
"477943639822589952	neutral"
"477535203615731712	negative"
"479731587798425600	negative"
"477181532168523776	neutral"
"481478228679614464	negative"
"477583028794183680	negative"
"477553635291713537	negative"
"480858189273899008	positive"
"479710509248577537	negative"
"477942947003269123	positive"
"477201070348058624	negative"
"477201104531652608	positive"
"479502796715081728	positive"
"477180968017485824	negative"
"479007606812704769	positive"
"481029358464016384	positive"
"480043305259237376	negative"
"477499943209287680	negative"
"480094694014066688	negative"
"477554539252699136	neutral"
"479700282784612352	negative"
"477181920355577856	negative"
"477158093181423616	negative"
"478567633915502592	negative"
"479712273960034304	negative"
"479709738058645504	positive"
"479712501698142209	negative"
"477492653274443776	negative"
"481500944883277824	negative"
"478729204268548096	positive"
"477554831314657280	neutral"
"479367602897055744	negative"
"480116147656749056	positive"
"480814359585636353	neutral"
"477115676499640320	negative"
"481499883933663232	positive"
"480832869083131905	neutral"
"477201166351101952	neutral"
"480044907839885312	negative"
"479699521883357184	positive"
"479310564594683905	positive"
"479710215102013441	positive"
"479714410190344193	negative"
"477942661979316224	positive"
"477177295270989824	positive"
"477584014422052864	neutral"
"481172371295191041	negative"
"477589587829604354	negative"
"477553527770726402	negative"
"477109981414981632	negative"
"478707270675488768	negative"
"479461601469140993	negative"
"481174859746406400	positive"
"479306182541459457	positive"
"479732383571136512	negative"
"480857987372683265	neutral"
"477941853963038721	negative"
"477200695800500224	negative"
"478069582461427712	negative"
"478702748561440768	positive"
"477182992616407040	negative"
"479348305005387776	negative"
"477177194620661760	positive"
"479303826311503872	negative"
"477157056148144128	negative"
"477591985097048065	negative"
"477944584748945408	negative"
"480425027058540544	negative"
"477496519948382209	negative"
"479732697804587009	negative"
"480046150998061056	positive"
"481500263098773505	negative"
"477111662877474816	negative"
"477182175834411009	negative"
"478307642343829505	negative"
"479349615314362369	negative"
"477536618698391552	negative"
"478591990272380928	positive"
"477182196382699521	negative"
"477181838855663618	negative"
"478255964807000064	negative"
"480019978251673601	positive"
"477206844063371264	negative"
"479939866952597504	positive"
"476166469282459648	neutral"
"477554975539605505	negative"
"481500327813066754	negative"
"481176865626132481	negative"
"479302602325495808	neutral"
"477182528697421825	negative"
"479700564163715072	negative"
"478591646938845185	negative"
"479367691585986560	negative"
"478699010308718592	negative"
"480047005243162624	negative"
"477584602509639680	negative"
"480044733537206273	negative"
"480026208974168064	negative"
"480641897883791360	negative"
"478783967647117312	negative"
"477178045170978816	negative"
"477201106016403456	negative"
"477179441756798978	negative"
"478257013378781184	negative"
"478673432532779008	negative"
"477206657605570562	negative"
"477844860855418880	positive"
"477179349364273152	positive"
"479706863978561537	negative"
"479349208848150529	neutral"
"477177481179299840	negative"
"477549037391187968	positive"
"477943310523568129	negative"
"480132116714618881	negative"
"477537139815501824	negative"
"477181861677240320	negative"
"480030462417858560	positive"
"477116999689326592	negative"
"477849704659947520	negative"
"477182369766457344	negative"
"480039816420028416	negative"
"480432275625365504	negative"
"478307442926055424	negative"
"479309009519140865	negative"
"480029239199014914	negative"
"479732289833041921	negative"
"480158513256095744	negative"
"478635446801801216	negative"
"477553814145597440	negative"
"479702686754160641	negative"
"476180751147614209	neutral"
"477369361376628736	negative"
"477942616634294273	negative"
"480815847158468608	negative"
"477942752777621504	negative"
"481497991157907456	negative"
"478308435558014976	negative"
"479716674614996992	negative"
"480542225420808192	negative"
"479716615336902656	negative"
"477496572352425985	negative"
"480038390453116928	negative"
"478664188739342336	negative"
"477198670903783424	negative"
"479713340118552576	negative"
"477182095689674752	positive"
"477116956416290817	positive"
"477553467893231616	negative"
"478720851307548672	positive"
"480424452157882368	neutral"
"478676869542592512	negative"
"481033391177863168	negative"
"478258196340293632	negative"
"477549196153987072	negative"
"479731410912440320	negative"
"480831382701101056	negative"
"481497924216446976	neutral"
"477199678031667200	negative"
"478573329524457472	positive"
"479697572605722625	positive"
"479349140694892545	negative"
"479309809465167873	negative"
"478253434383368192	positive"
"480438730466295808	positive"
"480834032096116737	negative"
"481500121650454529	negative"
"480174965170663424	positive"
"477201102446657537	negative"
"480858980516761600	negative"
"480860631176728576	positive"
"478304158928633856	positive"
"479709948738568192	negative"
"480858918738862080	negative"
"478567517615849472	negative"
"477943592938635264	positive"
"479715484641001472	negative"
"477915240500588545	positive"
"480119512147054592	positive"
"476823332269350912	positive"
"479483935798222848	negative"
"480028866413871104	negative"
"480428194785689600	negative"
"481500897915060224	negative"
"478570822161162241	negative"
"477498593482248192	negative"
"481498113967132673	positive"
"479713950020673537	negative"
"479730192407998464	positive"
"477591371176366080	negative"
"478570897284927488	positive"
"477391722268614657	negative"
"479700548867096576	positive"
"477549039077306368	negative"
"481174313421520897	positive"
"478571075790319616	neutral"
"481499620372410369	negative"
"481500544646004736	negative"
"480593822477737984	positive"
"478256989479264257	negative"
"480827272191291392	positive"
"477158430160195584	negative"
"477342882819743744	negative"
"480858517239115776	negative"
"478297486734684160	positive"
"479367816618184704	negative"
"477534494011174912	negative"
"481181530975645698	negative"
"477842141696106496	positive"
"480858931234078720	positive"
"479309141539057664	negative"
"477499036824375297	negative"
"478309638069571584	positive"
"479007558347550720	positive"
"477115036662378496	negative"
"478742025911947264	negative"
"481498562019475456	negative"
"479027167393628161	positive"
"477201204146360321	negative"
"480817411772665856	negative"
"477844947018989569	positive"
"476053218816823296	positive"
"478590489378430976	negative"
"477591098676609024	positive"
"477342977451245568	positive"
"479349442173480960	negative"
"477180990042169344	positive"
"477158356801445889	negative"
"480834111834447872	positive"
"480857903377555458	positive"
"477158517800177665	negative"
"477496373974028288	negative"
"480031541499019265	negative"
"480026114078048256	negative"
"480017208727588864	neutral"
"477537069229936642	positive"
"477404459232817152	negative"
"477554130802970624	negative"
"478575327090733057	negative"
"477847704769273856	negative"
"478301299167862784	positive"
"480047461348540416	negative"
"477553823276630016	negative"
"480040974945906689	neutral"
"479012805023387651	negative"
"480045535227686913	negative"
"481500312365060097	positive"
"480098212217634816	positive"
"477158407771013121	negative"
"477845650357227520	neutral"
"477115573998862337	negative"
"477535058556112896	negative"
"477182494387630080	negative"
"478252448713170944	negative"
"480858105312329729	positive"
"477182164832759808	negative"
"480425573630484480	positive"
"478257034953912320	negative"
"478728667242045440	negative"
"481499863994355712	positive"
"478754626401865728	negative"
"477206574268968961	neutral"
"477158349730242560	positive"
"477201202506399745	negative"
"477109455742840833	negative"
"479730805686951936	negative"
"478310119739244545	negative"
"479710784998494208	negative"
"477849401579163648	negative"
"478247700715282432	negative"
"477201203177078785	positive"
"478576100873105409	negative"
"476138064733954048	negative"
"479952434660671488	neutral"
"478261917254172672	negative"
"478702898537189376	negative"
"481498524039655424	negative"
"479461840096096256	neutral"
"479730704457035777	negative"
"479995774114467841	neutral"
"480858265543540737	positive"
"477181161803096064	negative"
"477553899327336448	neutral"
"478720605055750144	positive"
"478676349633056768	negative"
"480029680171360256	neutral"
"481499492680626178	negative"
"480042753817329664	negative"
"477537623784038400	positive"
"477537927367757825	neutral"
"479730527507722240	positive"
"476200091028451328	negative"
"480816102922936320	negative"
"477157706001031169	negative"
"481185325617004544	positive"
"480011726910668800	negative"
"479349734650683394	negative"
"479015683007979521	negative"
"480111893579694080	neutral"
"477206825427664896	negative"
"481182430532239360	negative"
"477553520938205184	negative"
"480029049348046848	positive"
"480619822582337536	negative"
"480107972987990017	negative"
"480859487319105536	positive"
"478307265771220992	negative"
"480602984632430593	positive"
"477843266151649280	positive"
"477110689656745984	negative"
"478249056108412928	positive"
"477537492296421376	positive"
"477112929645363202	negative"
"476080590857715712	negative"
"479699107377053696	negative"
"476810045859315712	negative"
"478261652396052480	negative"
"480002739158540289	positive"
"478571591463600128	negative"
"481499567138291712	negative"
"481500473719918592	negative"
"478258495444512768	positive"
"477181434289848320	negative"
"477181765132775424	negative"
"476067692974059520	negative"
"477963164529995777	negative"
"478776316733693952	negative"
"477158328217645058	negative"
"478308417585434624	negative"
"478749495136514048	negative"
"477158407103725569	negative"
"476817343063261184	negative"
"479021793227706368	positive"
"480831491812114433	negative"
"477534260195106816	positive"
"480859043687182337	negative"
"479714997145063425	positive"
"480038548733964289	negative"
"479700477903646720	negative"
"480861530204811266	positive"
"477116885985542144	positive"
"477206617679618049	negative"
"479911200420274176	negative"
"478250216202964992	positive"
"481185841176645633	positive"
"480039673654706176	negative"
"478298995039936514	negative"
"480097042417852417	negative"
"480419303523905536	neutral"
"480110235731111937	negative"
"477178150355361792	neutral"
"477554630952759297	negative"
"476149129710944256	neutral"
"477497350894538753	positive"
"480017252268253184	negative"
"479038863525310464	negative"
"479711101643288577	negative"
"477554285199114240	negative"
"477535049160863744	negative"
"478250164243931136	negative"
"478590307572137985	negative"
"477840958814683137	positive"
"480860184248459264	positive"
"479304644254916608	neutral"
"477585314102657024	negative"
"479349412398108672	negative"
"478567312321437697	negative"
"476805547141132288	negative"
"477182266704396288	negative"
"479303809790144512	negative"
"479710792284004352	negative"
"479713647405846528	negative"
"479308857865302016	negative"
"477500679557107712	negative"
"477111499379703808	negative"
"480560866933219328	positive"
"480029184656306176	positive"
"480031453074714625	negative"
"478301725779329024	negative"
"477942640416010240	neutral"
"480861263916851200	positive"
"481499239990951936	negative"
"477177377638711297	negative"
"479729930209873920	negative"
"480857897413255168	positive"
"477180275613392897	positive"
"478304319511724032	negative"
"477500296621723649	negative"
"481173628261003264	positive"
"480045900988166144	positive"
"477914550440697856	neutral"
"477493803708723202	negative"
"477157282678317056	positive"
"479479195903746049	negative"
"480168185153720320	negative"
"480442939114786816	negative"
"478257567643480064	positive"
"477942413697507328	negative"
"477498528713801729	negative"
"481175861224566784	negative"
"477537230735818752	negative"
"477942738894458880	negative"
"477182372840886272	negative"
"478568288231120896	negative"
"477181991838699520	negative"
"477554556780699648	positive"
"479310254727917568	negative"
"477182360270544896	negative"
"477495226194337793	negative"
"477367177017044992	negative"
"477115540960710656	negative"
"477157768949161984	negative"
"477942085815779328	positive"
"479028722486370305	negative"
"478675729068994560	neutral"
"477207296951717890	negative"
"480031897603436544	negative"
"479729914317651968	negative"
"477201101402300416	negative"
"480834050291404801	neutral"
"477182575111200770	positive"
"477553578023075840	negative"
"477376192719642624	negative"
"481499846772154368	negative"
"477554384323084288	negative"
"477943684114427907	negative"
"479010673847201792	neutral"
"477181619166380033	positive"
"478816678214905856	negative"
"479710352926449664	negative"
"476089077452660737	negative"
"478248923812093952	neutral"
"478255197178044416	negative"
"480428194626297856	positive"
"477341155475329024	positive"
"479349513274945536	negative"
"480034019644833792	negative"
"479707303839412224	positive"
"477157954366767105	negative"
"480858447835979776	positive"
"476137467062398976	negative"
"479961255026122752	negative"
"477157860028452865	negative"
"480013259479597058	negative"
"479731395527716865	negative"
"480011440632647681	negative"
"479349441582104577	negative"
"479698814371364864	positive"
"481499808826269697	negative"
"480551253869871104	negative"
"479730997584736257	negative"
"477536733614329856	neutral"
"476818471674990593	positive"
"480443311514464256	neutral"
"481182113136668672	positive"
"477180033459847168	positive"
"478251515132805120	positive"
"478673299057020930	positive"
"478730471501602818	negative"
"480439982868664321	negative"
"480424119616282625	negative"
"478261494111432704	negative"
"477115737283514368	neutral"
"478257824275767296	negative"
"479712612104826881	negative"
"477207381106237441	positive"
"477340395139919872	negative"
"479712501391974401	positive"
"481174729098018816	positive"
"478713835046436864	negative"
"480120973019320320	negative"
"477549387120267264	positive"
"477206554827964417	negative"
"480861132392251393	neutral"
"477395016755576833	negative"
"477582777487863808	negative"
"479712963096358912	positive"
"480858935524470787	negative"
"478569999930368000	negative"
"479367714901721088	negative"
"477943871402696704	negative"
"477182095823884289	positive"
"477180512985829376	negative"
"477554700271624192	negative"
"480047282646441984	negative"
"477200946846793728	negative"
"477182217005719552	negative"
"477493314774904832	neutral"
"480045791935885312	negative"
"477554345962397697	neutral"
"479349156226424832	negative"
"481499578517430272	negative"
"479730925933035520	positive"
"479006478456467457	positive"
"479939218706145281	positive"
"481498048699588608	negative"
"479691868759138305	positive"
"477847229747580929	negative"
"480127721146970113	negative"
"480043395927511041	negative"
"480859330200080385	negative"
"481174121221734400	positive"
"477595666190184448	negative"
"480046479466569728	negative"
"477158328049889280	negative"
"479469035826868225	negative"
"480861732223459328	negative"
"480442520757743618	positive"
"477554675642683393	negative"
"477537798296072192	positive"
"477157075454525441	negative"
"479348858330574848	negative"
"477207442338902016	negative"
"478751123705057280	positive"
"479698255740436480	positive"
"479459922132750336	negative"
"477553778728923136	negative"
"480430326007996416	negative"
"481176974547619842	negative"
"477157552447561728	negative"
"480827932454051840	negative"
"480861502467891203	positive"
"478572956692381697	negative"
"480861338097299456	negative"
"480045849645682688	positive"
"481177369357463552	negative"
"480825118688432128	positive"
"479024288746717184	neutral"
"477206905316589570	negative"
"480858226942947328	negative"
"481177242123649024	positive"
"479730647851089920	negative"
"476058048856080384	negative"
"480047606979383296	negative"
"479729754955059200	negative"
"478304177370959873	positive"
"480046254672453632	positive"
"477944149724127234	positive"
"479037884218220544	negative"
"479699917448155136	negative"
"477943135210045441	positive"
"479349132763484160	positive"
"477200188038459392	negative"
"477549173122686976	negative"
"477398145165701120	neutral"
"480646869232533506	positive"
"480828880966914048	positive"
"480832639180750848	positive"
"476141488553095168	positive"
"478795887854891008	neutral"
"479942735596908544	positive"
"478309420103774212	neutral"
"477943544943239169	negative"
"480985870515052544	negative"
"479348973485191172	negative"
"480046503231512576	negative"
"479730320624066560	negative"
"476110941742825473	negative"
"480828898666901504	negative"
"477944189192515584	negative"
"477944085484167169	positive"
"480128961028960256	negative"
"479008947823599616	negative"
"478254112765919232	neutral"
"480125139301203968	neutral"
"480858962099568640	negative"
"477200054399553536	negative"
"477116928784596992	negative"
"480046307491315712	negative"
"480017958820147200	positive"
"477583840056061952	neutral"
"480857857446141953	negative"
"477500669520519168	negative"
"477941991003934721	positive"
"477833317639680001	positive"
"477177884181008385	negative"
"477158255006068737	negative"
"477181391520940033	neutral"
"477207456062246912	negative"
"479959434656219136	positive"
"477369678616985601	negative"
"477158215306981376	positive"
"479936956366061568	positive"
"479697270691352576	negative"
"477181839652569091	negative"
"477158231949983745	negative"
"479349218617069569	negative"
"480616787105431552	positive"
"477537445014028289	positive"
"481498997291380736	positive"
"477553503175315456	neutral"
"480430981862936577	negative"
"476794317756194816	negative"
"477537933961211904	positive"
"477583162394951680	negative"
"477358186866147328	positive"
"480046243289530369	positive"
"477534928435830785	negative"
"479709129003372544	negative"
"477537208824786944	negative"
"477179839209029632	positive"
"478790583910023168	negative"
"477360028752814080	negative"
"477499487145844737	negative"
"477206697212010497	negative"
"480164329778868224	positive"
"477157978412691456	negative"
"477182233153765376	negative"
"478254599753986048	neutral"
"478298500937940992	neutral"
"479482357570080768	neutral"
"477944415357386752	positive"
"479309253451079680	neutral"
"480861440887517185	positive"
"479711292773916672	negative"
"478746705559437313	positive"
"478569218804551681	negative"
"479306930083868672	negative"
"480861552401076225	negative"
"477944260751532032	negative"
"477177891189714944	positive"
"478575970660532224	negative"
"477554814248046592	negative"
"478592046093975552	neutral"
"477201167865643008	negative"
"479710935259840512	positive"
"480110003245056003	negative"
"479704572710379521	negative"
"479730575486763008	negative"
"477541272857497600	negative"
"480860899490553856	negative"
"479698173548847104	positive"
"480819747530240000	neutral"
"480861557044572162	neutral"
"478571289431375872	positive"
"479710717181198337	neutral"
"479698665452617728	positive"
"479348840579887105	positive"
"477157832962240512	positive"
"477943497904115712	negative"
"477178786849382400	positive"
"477413251702333440	neutral"
"477158138748354561	negative"
"480171518471589889	positive"
"480433590149197825	negative"
"479310313075265536	negative"
"477179917973467136	neutral"
"479730663466102785	positive"
"480443906861969411	negative"
"476088490388881408	negative"
"477840274568527872	negative"
"480815311420416002	positive"
"479913970908667904	negative"
"480859922121252864	neutral"
"477206573366800384	negative"
"481187129067048961	negative"
"477962988717355009	negative"
"480042407212244992	positive"
"481498459087077376	negative"
"478677114229895169	negative"
"480815605835001856	negative"
"479710564479160320	negative"
"480194439126609922	neutral"
"477180574562779136	negative"
"478297845246611456	negative"
"480115598337134594	positive"
"478306175713566721	positive"
"480043942764089344	negative"
"481176822538076160	neutral"
"480818352059719680	positive"
"476143059025944577	neutral"
"477844908808495104	negative"
"477943123092701184	positive"
"477179320029298688	positive"
"477914655571333120	negative"
"479300267616129027	positive"
"479300567513038851	negative"
"480040693701017600	negative"
"479466192050991104	positive"
"479034017451614208	negative"
"479703557549989888	negative"
"477942459960262656	positive"
"480861380925325312	positive"
"480430149180350464	negative"
"478248871303589889	negative"
"480861690137812992	negative"
"480857120020377600	negative"
"477361907373195264	neutral"
"481499724336594944	negative"
"480861422646087680	negative"
"478307926290223104	negative"
"481174028707983360	positive"
"477376674330583041	positive"
"477182410074112001	negative"
"477182848446001155	negative"
"477845159527612416	positive"
"480134487331053568	negative"
"479714300551266304	negative"
"480859224994373632	negative"
"477116279258488832	negative"
"476096394173095936	positive"
"480827124639891456	negative"
"479731287264346112	negative"
"480417598434074626	negative"
"477201121501806593	negative"
"478677084882366464	positive"
"477180947549278209	negative"
"480860422770139137	negative"
"477200526493626369	negative"
"477157476857819136	negative"
"479704193964314624	negative"
"477178306367082496	positive"
"480046361594040320	positive"
"478570552731660288	negative"
"477382508636798976	negative"
"479729803206352896	negative"
"479707494936477697	negative"
"478774814359166976	positive"
"477587048858406912	positive"
"477943556561440768	negative"
"477387009091440641	neutral"
"479691574075719680	negative"
"480047475471179776	negative"
"477942935770918912	neutral"
"477549072262639617	negative"
"477179545678643201	positive"
"477942233334026240	negative"
"479698263067852800	positive"
"478059845120450560	negative"
"477178532242542594	negative"
"481182285493194753	negative"
"481181987823427584	positive"
"479921164996079616	negative"
"478664181559095296	positive"
"479730336507887616	negative"
"480857472589000705	negative"
"481478592124444672	positive"
"477849896658010112	negative"
"480858560675336193	negative"
"479730063379038208	negative"
"477206747212685313	negative"
"480603693457633280	positive"
"477553890251255808	negative"
"481499605704933377	negative"
"480102610591305728	positive"
"480861228391464965	positive"
"480858855564271616	negative"
"479303934923014145	negative"
"477942465203159040	neutral"
"479704195034263552	negative"
"480025945651175424	neutral"
"480044762490478592	negative"
"478672698122723328	positive"
"476833648570691584	negative"
"477495481141321729	negative"
"478673807314386944	positive"
"477181815145648128	negative"
"480815035082887168	negative"
"478592483602206720	negative"
"480832485472088064	positive"
"481497911922925569	negative"
"478664260503883777	negative"
"479013402862710784	negative"
"477942901163704323	positive"
"478249087985516545	negative"
"479009823640412160	negative"
"479692944715177984	positive"
"478591101885247488	positive"
"478297824207974401	positive"
"478262139397095424	positive"
"480814579891458049	positive"
"477373768231550976	negative"
"477157636274933760	negative"
"480569579815464962	negative"
"478769021048090624	negative"
"477845747707420672	negative"
"480180956629073920	negative"
"477207362173140992	negative"
"480861510198394880	negative"
"478717369104478208	negative"
"479468298170793984	negative"
"476809319238098944	positive"
"480858208295485440	positive"
"477182570707173376	negative"
"480860807312728064	positive"
"480043074190843904	negative"
"478251064534532096	negative"
"477116489527328768	negative"
"477843250859241473	positive"
"477554802927628288	negative"
"477943410729291776	positive"
"477207437154721792	negative"
"480859176462086144	negative"
"478573279775440896	positive"
"477941936045953025	positive"
"477177871128354817	positive"
"477843159725395968	neutral"
"480444848772636673	negative"
"480859591735914496	negative"
"479692132744445952	negative"
"477535843616555010	negative"
"481498141750206464	negative"
"478257736631984129	negative"
"478718167309905922	negative"
"480439240829194240	positive"
"477914941836754944	positive"
"479935027178786816	positive"
"476806915138543616	neutral"
"480858414449688576	negative"
"480584195790880768	positive"
"477495076361232385	negative"
"478576194422444033	negative"
"478261756239036416	positive"
"481498868069449729	negative"
"480106700826243072	negative"
"478258033253167104	negative"
"480121050815266816	positive"
"477366532809695232	negative"
"478068525031251969	negative"
"481175177045487617	negative"
"480443541055746048	positive"
"477592740314640385	negative"
"478252860892004353	negative"
"477943153102565376	positive"
"480095958840004609	negative"
"477201082125262850	negative"
"477178962108760064	negative"
"481501185015545856	negative"
"477199681911406592	positive"
"480107367624097792	negative"
"477843686026661888	negative"
"480047204464594945	positive"
"480046591567757313	negative"
"477590897446883328	neutral"
"477495704277901312	negative"
"480820059846098945	negative"
"478260378116587521	negative"
"477943623451815937	positive"
"480858064988672002	negative"
"477158059719294976	negative"
"478636220202094592	negative"
"477199083560394753	negative"
"479711400756277248	positive"
"480046083884982272	negative"
"477944156472762368	negative"
"477501377468301312	positive"
"477914618799472640	negative"
"480817220227178497	positive"
"477594693044551680	positive"
"479711293637541888	negative"
"477200481098276864	negative"
"477944766403862529	negative"
"477554845944000512	negative"
"477179800961155073	negative"
"477496381024645121	negative"
"478309282623279104	negative"
"477587792273215489	positive"
"477501265006436352	negative"
"479987542465343489	negative"
"479349895879344129	negative"
"477388124385861633	positive"
"478574187150594048	negative"
"477181781565648898	negative"
"477554071365099520	negative"
"479300364462989312	negative"
"478673424764526592	negative"
"479304783790997504	negative"
"480861141862584320	negative"
"477537824393007105	negative"
"481478805748727808	negative"
"477497553072951296	negative"
"477845273742295040	positive"
"479697167083638784	negative"
"477179897186488320	positive"
"477942731676065792	positive"
"477587373543284736	neutral"
"480526359002087424	positive"
"478249687561302016	negative"
"477553495185575936	negative"
"477537659351355393	negative"
"480832433861181440	negative"
"480136150548377600	positive"
"477368823482683392	negative"
"477178627722063873	negative"
"479030985489514496	negative"
"477182675149545473	negative"
"478305975938842624	negative"
"477179037174206464	negative"
"478727670838988800	positive"
"477915017786834944	negative"
"479493441739849729	negative"
"479349535463178242	negative"
"480029317888749569	negative"
"479301225532248065	neutral"
"479709922708701188	negative"
"477537423216226304	negative"
"477115910906318849	positive"
"480028966812516356	negative"
"479310420420083712	negative"
"477594481202454528	negative"
"477496730767077376	negative"
"477944057239306240	negative"
"480428664341811200	positive"
"480628548617519104	negative"
"477201193555349505	negative"
"479716633385390080	negative"
"478707625811394560	positive"
"480575662135054336	negative"
"479732591655137280	negative"
"480859058065244160	positive"
"480443475998310401	positive"
"480125306477367296	negative"
"478570781975523329	negative"
"477177375898497024	neutral"
"477537213912055810	positive"
"478591407368581120	negative"
"477179071407722496	positive"
"478567830108254208	positive"
"477158170985377792	negative"
"477493875750105088	negative"
"477494358028333056	negative"
"478261054569730049	negative"
"480042702084775936	negative"
"480440183226368000	positive"
"480041641773105153	negative"
"477158466168315904	negative"
"477554758023008256	neutral"
"477182174454480896	negative"
"477554875060858882	negative"
"480857083860893696	negative"
"478569064730615808	negative"
"481174410972639233	positive"
"477534993472696320	positive"
"478569858750509056	positive"
"479349225428635648	negative"
"477501331482370049	negative"
"479303929772392448	negative"
"478305817767452674	negative"
"479730713047351296	negative"
"477180345893150720	positive"
"477201161548615680	negative"
"477157946724712448	neutral"
"480028478461710336	negative"
"477112740646252544	negative"
"477182188056612864	positive"
"477157759360987136	negative"
"481498283496316928	negative"
"479710226623758336	positive"
"480118209958645762	negative"
"480857757101211649	positive"
"479972012807319552	positive"
"477493150001291265	negative"
"477161404815142913	positive"
"476820885274230784	positive"
"477486084490678273	positive"
"477082306772234241	positive"
"476403368135786497	positive"
"477154711230234624	positive"
"477200566914142208	negative"
"477484623102881793	negative"
"477199682658390016	positive"
"477501363123806208	positive"
"477486577820504065	negative"
"477479288619683840	positive"
"477487026775019521	neutral"
"477181692026040320	neutral"
"477501650702438400	positive"
"477178361375363072	positive"
"477102065249185792	positive"
"477178540786728962	positive"
"477072988144021506	positive"
"476410307733368832	positive"
"477178567600898049	positive"
"477132305723437056	neutral"
"477178536034181120	neutral"
"476416268913094656	positive"
"476049817232506880	neutral"
"477203072813248513	neutral"
"477382854184542208	neutral"
"477206491456602112	neutral"
"476194251269607424	positive"
"477056993564573696	neutral"
"477186411448115200	positive"
"477212560304140289	neutral"
"477084581758128128	positive"
"477439911847411713	positive"
"476403834437525506	positive"
"477014362448994304	neutral"
"477478575008796672	neutral"
"477416571456217088	neutral"
"477501778586767360	negative"
"477275294311538690	positive"
"477440504678727680	neutral"
"477186475617157121	negative"
"477180472930230272	positive"
"477165839595372545	neutral"
"476053836147466240	neutral"
"477464645469749248	positive"
"477114561624301568	positive"
"477182049036808192	negative"
"477132575949848576	negative"
"477017407823691776	neutral"
"477441494660313088	neutral"
"477182090904354816	positive"
"477478526170304512	neutral"
"477181969835368448	positive"
"477214174695931904	positive"
"477178506343116801	positive"
"477182260500627456	negative"
"477153443841183744	positive"
"477084283601821696	neutral"
"476285621322137600	neutral"
"476091062893936641	positive"
"477486546472300544	negative"
"477169801782378497	negative"
"477083387853692928	positive"
"477101808230625280	neutral"
"477016132747296768	positive"
"477501322497753088	positive"
"476086423201005570	negative"
"476363719870783488	neutral"
"476292922468741120	positive"
"477153946499174400	neutral"
"476454160779722753	positive"
"477478257663569921	positive"
"477034694010093569	positive"
"477014981267841025	positive"
"477200261425811456	positive"
"477202153715408897	positive"
"477208043273203712	neutral"
"477110258209660929	positive"
"477415651108077568	negative"
"476405022323130368	negative"
"477034912059764736	positive"
"477385535326273536	positive"
"477035001750368256	neutral"
"477111711913095168	negative"
"476402135408848896	neutral"
"477202237651836928	neutral"
"477214328706596864	neutral"
"477174404812525569	positive"
"477351139017781248	positive"
"477158292225929217	neutral"
"477465182785241088	positive"
"477133079195041793	neutral"
"477184389369962497	negative"
"477182247859412992	positive"
"477215246021455872	positive"
"477177109904097281	positive"
"477084186663084032	neutral"
"476825869458345985	neutral"
"476360372631269377	positive"
"476506519530651648	positive"
"477180338964541440	neutral"
"477417860784848897	positive"
"477501402101477376	negative"
"477180345654067200	positive"
"477448698335866880	negative"
"477143940790235138	neutral"
"477181852982079488	negative"
"477501720222638080	positive"
"477182082490191874	positive"
"477033390856626176	positive"
"477102143267422208	positive"
"477161406597722113	positive"
"477155103237881856	negative"
"477190308686737408	positive"
"477186430226411520	positive"
"476661371610734592	positive"
"477153448538800128	negative"
"477478987237560322	positive"
"477484484435394560	neutral"
"477202169847099392	positive"
"477485894719401985	positive"
"477203062239412224	negative"
"476062765111468036	negative"
"476415077176709122	neutral"
"477133584281501697	negative"
"477184111996436480	neutral"
"477206576512909312	positive"
"476828648901582848	negative"
"477015540112699392	neutral"
"476195030218985472	neutral"
"477501346510561280	positive"
"476359009810001920	neutral"
"477186747005435904	neutral"
"477229961447632898	positive"
"477213609953853440	positive"
"477134661752459264	positive"
"476348569687826432	positive"
"477071015735226368	positive"
"477070967764574208	positive"
"477060459523502081	neutral"
"477477535781892096	positive"
"477057266726621184	negative"
"477181202278125568	positive"
"477352282388836352	neutral"
"477200547229888512	negative"
"476349819204952064	neutral"
"476059391008190465	neutral"
"477181752835067904	positive"
"477114858119659521	neutral"
"477181079519252480	negative"
"477181235807416320	positive"
"477008750382174208	positive"
"477154547928805376	positive"
"477134703628017664	negative"
"477355231161094144	neutral"
"477493153457766400	negative"
"477182304750948352	positive"
"477186639488630784	positive"
"477102228764098560	neutral"
"477465326121021440	positive"
"477153637433876480	positive"
"477102067538874368	positive"
"477447374965854208	neutral"
"477437143858429952	positive"
"476094696469430273	positive"
"477213360959000576	negative"
"477274580793319425	positive"
"477178675725885441	positive"
"476100174524469248	neutral"
"477228893703643136	neutral"
"477214917570072576	positive"
"477208085363048448	negative"
"477081605715271680	neutral"
"477178578086670337	positive"
"477082363751456768	positive"
"477182385457729538	neutral"
"477486244386324480	negative"
"476061936400875521	negative"
"476713860703854592	negative"
"477013664835178496	neutral"
"477174087463481344	neutral"
"477154555428630529	positive"
"477153671847763968	negative"
"477061183665500162	neutral"
"477182314011959296	positive"
"477113258441052162	negative"
"477111015163711488	positive"
"476707821552017409	neutral"
"477478901115936768	neutral"
"477200435233583104	positive"
"476061246048190465	neutral"
"477442502518386688	positive"
"476458450554068993	negative"
"477501283310796801	negative"
"477187025280696320	positive"
"477412098176077825	negative"
"477181730567110656	neutral"
"477132487597260800	positive"
"477178562529595393	positive"
"477202115471740928	negative"
"476406052297408512	positive"
"477443676780912640	neutral"
"477186551382679552	positive"
"477501616384651264	negative"
"476660642284572673	neutral"
"477186588082839554	negative"
"476359638615867392	positive"
"477174066390913024	negative"
"477181599453151232	positive"
"476363840670949376	positive"
"477186429018071042	positive"
"477181570919706624	neutral"
"477180541159366657	positive"
"477230977451032576	positive"
"477169817989156864	negative"
"477186492654428161	neutral"
"477207983815155712	positive"
"476060983828701185	positive"
"477014172077940737	neutral"
"477110246201384960	positive"
"477214790423965698	negative"
"476665478459691009	neutral"
"477153844947075072	negative"
"477180219900444672	positive"
"477110997694439424	positive"
"477273761058525184	negative"
"477501481868734467	positive"
"477181796946161664	positive"
"477114427364605953	positive"
"477008712637620224	positive"
"477190539969044480	neutral"
"477102376852402176	positive"
"477180206583533568	positive"
"477181860024295426	positive"
"477083094101401600	neutral"
"476415168445165568	positive"
"477202101408645120	positive"
"477464974457978881	positive"
"476191103675543554	neutral"
"477169604922327040	neutral"
"477034817767608320	neutral"
"477352223135916032	neutral"
"477153314375626752	positive"
"476664472870719489	positive"
"477232074097573889	positive"
"477153365324218369	negative"
"477208211976499200	neutral"
"477181801912209408	negative"
"477208144591220736	positive"
"477181766017769472	negative"
"477181826893877249	negative"
"477031286587281409	positive"
"477180988653465600	positive"
"477186486526554113	positive"
"477144165277392896	neutral"
"476407271203680256	neutral"
"477143140726738944	neutral"
"477484367334604800	negative"
"477184190983598080	negative"
"476591328336166912	negative"
"477059903744249857	positive"
"477184444710002688	positive"
"476053260072386561	positive"
"476092033837584384	positive"
"477252373803307008	positive"
"477181836616286208	negative"
"477133707493396480	positive"
"477071597460021248	neutral"
"477082579120947200	positive"
"477202967469506561	negative"
"477416499247067136	positive"
"477165617989308416	positive"
"477444866251964416	neutral"
"477194559579906048	neutral"
"477113144960352256	positive"
"477444512004833281	neutral"
"477200162620977152	positive"
"477493450942603265	positive"
"476082908906926081	positive"
"477208022314651648	positive"
"477134129092653056	neutral"
"476044324904247296	positive"
"477101664550133760	positive"
"476599280430747648	positive"
"476660580057874432	neutral"
"477485458385940480	negative"
"477174373305315328	negative"
"476356651789086720	neutral"
"477411419747807232	neutral"
"477181278450483200	positive"
"477182204083060736	negative"
"476407699534798848	neutral"
"477046325184192513	neutral"
"477186902815031296	positive"
"477169545854345216	positive"
"477133460369588226	positive"
"477186620576518145	positive"
"476716434056179712	negative"
"477500935992651777	negative"
"477501351862104066	positive"
"477154182818852864	negative"
"477327421918961664	neutral"
"477113899612135425	negative"
"477014951086014464	neutral"
"477465704623390720	positive"
"477190771079405568	negative"
"477206547940913152	negative"
"477385393470308352	neutral"
"477182338166558721	positive"
"477134118053244928	neutral"
"477181195503935488	positive"
"477206549979340802	positive"
"477181260830212097	positive"
"477412880821002240	positive"
"477464274562871298	positive"
"476358600429170688	neutral"
"477487076200701952	negative"
"476822201740435456	positive"
"477180503972663297	neutral"
"477252344845856769	neutral"
"477178804016656384	positive"
"477113333192347648	positive"
"477154246790750208	negative"
"477112196615245824	neutral"
"477444133464702978	negative"
"476061193233518592	neutral"
"477190859092680704	negative"
"477082020502196225	positive"
"477386986391470081	neutral"
"477202610269990912	negative"
"476715827316932608	positive"
"476406163236720640	positive"
"477181564883726337	positive"
"476073364684300288	positive"
"476831762228596737	neutral"
"477181844010840064	positive"
"477113490503503872	positive"
"477082364376793088	positive"
"476820702142955520	negative"
"477178350750797824	positive"
"476714232860659712	positive"
"477485330434510849	positive"
"477485171848269825	neutral"
"477161281787805696	positive"
"476057877665165312	neutral"
"476081493048315904	neutral"
"476194910094106625	negative"
"477154626333331457	negative"
"477111228259909632	neutral"
"477046443748753411	positive"
"477169700778938368	neutral"
"477178441217757184	positive"
"477180894835666945	positive"
"476349004385513472	neutral"
"477182104187699201	negative"
"476831607694041088	positive"
"477177100676644864	neutral"
"476795417456549893	neutral"
"477186695985922048	positive"
"477178666049216512	neutral"
"476068896785846272	neutral"
"477181251292368896	neutral"
"477161820852342786	neutral"
"476353825113407488	neutral"
"477057422256009216	negative"
"477046526053974016	neutral"
"477492687335997440	negative"
"477035011473178626	neutral"
"477093697872736257	neutral"
"477161605658976257	neutral"
"477231361007579136	positive"
"477174128172994561	neutral"
"477182347746746369	positive"
"477180304021401600	positive"
"477206583961583616	positive"
"477323605693726720	positive"
"477478396176248832	positive"
"477485922015903744	negative"
"477165990120538112	neutral"
"477181791691096067	positive"
"476593473970110464	positive"
"477161463703158785	negative"
"477181772888043520	neutral"
"477384552730861568	negative"
"477132707261329409	positive"
"477208167957684224	neutral"
"477464345094270976	positive"
"477214631220346881	positive"
"477182238346334208	positive"
"477484159133167617	negative"
"476587176910520320	negative"
"477154020008935424	negative"
"477008654374158336	neutral"
"477110789644771328	neutral"
"476291604312240128	positive"
"477387051986587648	negative"
"477354899941105664	neutral"
"477200418091847680	neutral"
"477465460305195008	positive"
"476057282090766337	neutral"
"477324896889208832	positive"
"477180734927818752	neutral"
"477200225321615361	negative"
"477010909953392640	neutral"
"477057767749222400	neutral"
"477207983588274176	positive"
"477502289683296257	positive"
"476086337813368832	negative"
"477009185578573824	neutral"
"476713456679538688	neutral"
"477181124675129344	neutral"
"477187127420416000	neutral"
"477169901346369537	negative"
"477180338423468033	positive"
"477153855470579713	negative"
"477155261766205441	positive"
"477161724265922560	negative"
"477134267110420480	neutral"
"477046191558242304	neutral"
"477181595883798528	neutral"
"477181744269914112	positive"
"477186969911312384	neutral"
"477501488785551360	positive"
"477440474761142272	neutral"
"477154305209032704	positive"
"477186475902373888	positive"
"476194203077451777	negative"
"477182119975071745	positive"
"477032971577606144	neutral"
"477070943961878528	positive"
"477029918132277248	neutral"
"477411165057085440	negative"
"477153838135537666	negative"
"477190363363303425	positive"
"477181515793584130	neutral"
"477072181923688448	positive"
"477447690406486016	positive"
"477501802028744704	positive"
"477016720943906816	negative"
"477501897146773504	positive"
"477487033934303232	negative"
"477180557047386113	neutral"
"476088546525454337	positive"
"477169859428507649	positive"
"477439423487815680	neutral"
"477060754592391169	neutral"
"477443061962661888	neutral"
"476713860049944576	neutral"
"477184228086779905	neutral"
"477412210525097984	neutral"
"476403366550315008	positive"
"477134976824397825	neutral"
"477154380517756928	negative"
"477016604677779456	neutral"
"477184352158486528	neutral"
"477072967420362752	positive"
"477178409496227840	positive"
"477135011611955200	positive"
"477111545990631424	positive"
"477180528458612738	neutral"
"477478491537932290	positive"
"477202165379768320	negative"
"477181385489543168	negative"
"477134891063447552	neutral"
"477161447953149953	negative"
"477213411500367872	positive"
"477187211059019776	negative"
"477010939473326080	neutral"
"477186583700180992	neutral"
"476502409255321600	neutral"
"477181956585947136	negative"
"477484797796024322	negative"
"476088475146784769	neutral"
"477503268143505408	negative"
"477161432673697792	negative"
"476825427642953728	neutral"
"476063467049205762	positive"
"477190552710955009	neutral"
"476357858456383492	neutral"
"476357037077827584	neutral"
"477199618015776768	positive"
"477154139823026177	positive"
"477182111888072705	positive"
"477180357645991937	positive"
"477149545177317376	negative"
"477202892198531072	positive"
"477190497916563456	negative"
"477014154755465216	positive"
"477178754200915968	positive"
"477213122147934209	negative"
"477122868111618048	positive"
"477184469162414080	positive"
"477437933549785088	neutral"
"477158258441199616	negative"
"477155174105251840	neutral"
"477093328123871232	negative"
"477083925039558656	neutral"
"477085040912764928	neutral"
"477071492430057472	neutral"
"477178326759378944	positive"
"477412406482984960	positive"
"477351081476116480	positive"
"477153642966167552	neutral"
"477503275827478528	neutral"
"477502010984378369	positive"
"476718845839691777	neutral"
"477143079833460736	positive"
"477486131723124737	positive"
"476504634358788096	neutral"
"477182088945631232	neutral"
"477503051884810241	negative"
"477178468061286400	positive"
"477154465628581889	positive"
"477165758674657280	negative"
"477501480899862528	positive"
"477154752254320640	neutral"
"477484883330084864	neutral"
"477182075469320192	positive"
"477181969957400577	negative"
"477501230496112640	neutral"
"477203263243055104	positive"
"477206506434093056	positive"
"477479161926152193	neutral"
"477199634830356480	positive"
"476831706054275072	positive"
"477199516492238848	neutral"
"477484964351471616	neutral"
"477072336647356416	positive"
"477015518877339649	positive"
"477144354822160384	positive"
"477186875250466816	positive"
"477180483126558720	neutral"
"477153709454266368	positive"
"477477761661956096	positive"
"477181981889814528	positive"
"477009598793412608	positive"
"477033850783014912	neutral"
"477083075814629376	neutral"
"477169770392190976	positive"
"477186469853814786	neutral"
"477203145702248448	negative"
"477165699342032896	neutral"
"477448933480747008	neutral"
"477353900715294721	neutral"
"477180989316542464	neutral"
"476505318503878656	neutral"
"477178656825946112	neutral"
"477186419878686721	neutral"
"476715272045223936	negative"
"477153943383183360	negative"
"477165940111462400	neutral"
"476454635642036224	positive"
"476189764526559233	neutral"
"477273625381191681	neutral"
"477186959979597825	neutral"
"477153687182131200	neutral"
"476830759286603776	positive"
"477440484852236288	positive"
"477010686816833536	positive"
"476291900589088768	neutral"
"476046616689139712	positive"
"476288044082147330	negative"
"477181055342874624	negative"
"477178469882036225	negative"
"477351707978907648	negative"
"477387549015830528	positive"
"477184512078905344	negative"
"477200455521423360	positive"
"477207974180823041	positive"
"477031832915939328	positive"
"477186718320193536	positive"
"476353107475980288	positive"
"477501327732269057	negative"
"477154115269959680	negative"
"477199760420384768	negative"
"477212929247678464	negative"
"477084325708857344	neutral"
"477501283369111555	positive"
"477134645545676800	neutral"
"477486083337248769	negative"
"476601712417849344	negative"
"477203074252288000	neutral"
"477410392575315968	neutral"
"477154548742889473	neutral"
"477190906211467264	negative"
"477110963569586176	neutral"
"477180345943875585	neutral"
"477161748404113408	positive"
"477165537743495168	positive"
"477186949531578368	neutral"
"477122629951062016	positive"
"477411513956040704	positive"
"477484212740952064	neutral"
"477012242534506496	neutral"
"477009249667936256	positive"
"476459242493599744	neutral"
"477071134387884032	positive"
"477214368036560897	positive"
"477113190082306048	positive"
"477058897597845504	positive"
"477153432835719168	positive"
"477181501704921088	neutral"
"477441028920602625	neutral"
"477199701025243137	negative"
"477081848301223936	positive"
"477194135796219904	neutral"
"477444482971869184	neutral"
"477154238246969346	negative"
"476454348780625920	neutral"
"477181979168108545	negative"
"477448828266627072	negative"
"477181307450298368	neutral"
"477178492573212672	negative"
"477501365661335552	positive"
"477478147458629632	neutral"
"477178813366153218	positive"
"477154747888467968	positive"
"477206529007816705	positive"
"477502278023524352	positive"
"476713768412798977	negative"
"477174422508670976	negative"
"477158213851168769	neutral"
"477493004085633025	neutral"
"476606306112274432	positive"
"477181868882661376	positive"
"477083638127796224	neutral"
"476824194383351809	positive"
"477349749868466176	neutral"
"477187193593540608	negative"
"477013020841758721	neutral"
"477169665287143424	positive"
"477202261517811712	positive"
"477447731565187072	neutral"
"477111579419217921	positive"
"476601732374757376	positive"
"477184346571702272	positive"
"477110775677341696	neutral"
"477501373995433984	positive"
"477349605265260545	negative"
"477181642877206528	positive"
"477133866227212289	neutral"
"477131659352223744	positive"
"477186645733539840	positive"
"477033240830558208	positive"
"476079693674733568	neutral"
"477111191505235968	positive"
"477181856467525632	negative"
"477206575795298304	positive"
"477178588819501057	neutral"
"477181736565342208	positive"
"477083011285286912	positive"
"477447063735894016	positive"
"477275929220091905	positive"
"477131676921765888	negative"
"477178622361747456	positive"
"477501765319802880	positive"
"477174294838280192	positive"
"477186830853361664	negative"
"477206574432145408	positive"
"477178483647324161	neutral"
"477187070536871936	positive"
"476830920029110272	positive"
"477084905310920708	positive"
"477035476700770304	negative"
"477142636076490752	positive"
"477447206799032321	positive"
"477492949823934466	negative"
"477058825380708352	negative"
"477014450327678976	positive"
"476454407165325312	neutral"
"477492595942125568	neutral"
"477274673990737920	neutral"
"477202072073666560	negative"
"477008805520498688	neutral"
"477464853003898880	positive"
"476069154722942977	positive"
"477155487004495873	positive"
"477326045767426048	positive"
"477206583579918337	positive"
"477082698046275585	positive"
"477493388086767616	neutral"
"477083596994650113	positive"
"477501707044528128	positive"
"477181473154269184	neutral"
"477493062462373888	neutral"
"477212534748237826	neutral"
"477181494583377921	neutral"
"477008667083292672	neutral"
"477410980150779906	neutral"
"477061338729316352	positive"
"477485468607447042	neutral"
"477202574375153664	positive"
"477149708625125376	positive"
"477177063070126080	neutral"
"476061668212895745	positive"
"477208066555785217	positive"
"477186991332020224	positive"
"476514843949010945	positive"
"477208089201217536	neutral"
"477169641765482496	positive"
"477161588252999680	positive"
"476072507410087936	neutral"
"477178354849030144	positive"
"477155253507620864	negative"
"477351957628473344	neutral"
"476286914446626816	neutral"
"477014659887689729	positive"
"477008728323919872	positive"
"477180468664991744	negative"
"477143316111167488	neutral"
"477082560624082945	negative"
"477178749088047104	positive"
"476718326727868416	neutral"
"477493301499539456	negative"
"477484291346014208	positive"
"477184462980403200	positive"
"477110163577401344	neutral"
"476508032239538176	positive"
"476360515279912960	neutral"
"477131769250988032	positive"
"477153994993713152	neutral"
"477180538441461760	neutral"
"477178781879500800	positive"
"476354665236688896	positive"
"477186377465876481	positive"
"477114907242934272	positive"
"477101748775944192	positive"
"477011600331665408	negative"
"477154433315262464	neutral"
"477134330532081664	positive"
"477072868304375808	neutral"
"477492665093980160	positive"
"477486239369527296	positive"
"477158274727698434	negative"
"477081815690543104	positive"
"477182035849535489	negative"
"477181776268644353	neutral"
"476355727733170176	positive"
"477181826843570178	negative"
"477110172863983617	negative"
"477501869284028416	positive"
"477015515974492160	neutral"
"477477348288126977	neutral"
"477015380599140353	positive"
"477123135624736768	negative"
"476075822189510656	neutral"
"477133519463149569	neutral"
"477199652228300800	positive"
"477030472225411072	neutral"
"477444327707127808	positive"
"477186409108090880	positive"
"477477986888056832	positive"
"477177059933171712	positive"
"477178580942585857	positive"
"477203089812762624	negative"
"476094344135319553	neutral"
"477502109387350016	negative"
"477486281924935680	negative"
"477202084022857729	negative"
"476062555950297088	positive"
"477082851192500224	neutral"
"477178541462003713	neutral"
"477178546155433984	positive"
"477058798633242624	negative"
"477056981895618560	positive"
"477479046150766592	positive"
"477180894696853505	positive"
"477011218788397056	positive"
"477015413197639680	neutral"
"477153423108751360	negative"
"477132652009365504	neutral"
"477352632131256320	neutral"
"477199662072745984	neutral"
"477112909081096193	positive"
"477181003208097792	negative"
"477182083966971906	positive"
"477501504161456128	neutral"
"477352173013958657	positive"
"477190117090537474	negative"
"477214394934628352	negative"
"477153601371246592	positive"
"477134717544722432	positive"
"477101910051155969	neutral"
"477017392489693184	neutral"
"477202401510690816	negative"
"476347870376108033	neutral"
"476093868518019072	neutral"
"477182046075625472	negative"
"477503294274027522	negative"
"477142985012817921	positive"
"477131670777495554	neutral"
"477161897448316928	positive"
"477202476979216384	neutral"
"477190491901923330	positive"
"477111553125535745	negative"
"477182298874322945	negative"
"477484902884343808	neutral"
"477174062998102016	negative"
"476509773580734464	neutral"
"476405119970332672	neutral"
"477032263084158976	neutral"
"477180207585951744	neutral"
"476665006122356736	neutral"
"477143688083030017	negative"
"477501442287489024	positive"
"476458120060088320	positive"
"477030823305416704	negative"
"477101484165705728	positive"
"477208116409274369	neutral"
"477202171901931520	positive"
"477492885529427968	neutral"
"477155380397883392	neutral"
"477013657478377472	neutral"
"477155086268116992	neutral"
"477072894787215360	neutral"
"477143265998012416	neutral"
"476666291512967168	neutral"
"477190773163565056	positive"
"477186921240616960	negative"
"477143104148213760	positive"
"477325774786015233	neutral"
"477208013388791809	negative"
"477186727015358465	positive"
"477202221445439488	neutral"
"477187059988172803	positive"
"477132767688273920	negative"
"477169746220417025	positive"
"477386309560852480	neutral"
"476821957518712832	positive"
"477485438878220288	neutral"
"477503400339206146	positive"
"477298222390452225	positive"
"477113714702057473	neutral"
"477493128891355137	neutral"
"477486879588098048	neutral"
"477208135728234496	positive"
"477444538043072512	positive"
"477448100416872448	positive"
"477485646416605187	positive"
"476758479924109312	negative"
"477194149578698752	neutral"
"477501362230398977	negative"
"477182212249354240	negative"
"477186583221645315	positive"
"477180405427486721	positive"
"477161665293979648	neutral"
"477169816080744449	neutral"
"477415645517447168	positive"
"476592007692165121	positive"
"476593779760066562	positive"
"477484220005113856	negative"
"477174207420592130	positive"
"477485665878163456	neutral"
"477184448929497088	positive"
"477411922665422849	positive"
"477502231189917697	negative"
"477155434433097728	positive"
"477186856879022080	neutral"
"477181962692476929	negative"
"477487115639336961	negative"
"477180445059465216	neutral"
"477180968911261696	neutral"
"477501543885725696	positive"
"477447534881693696	neutral"
"476406044143652864	neutral"
"476364483347357696	positive"
"476417071098920961	positive"
"477502175955152897	negative"
"477276316840914945	positive"
"477208168318377985	negative"
"477165889280679937	neutral"
"477194292348612608	positive"
"477484372573315072	negative"
"476456316408692736	positive"
"477202508625219584	negative"
"477410692170260480	neutral"
"476456319415635969	neutral"
"477178743715545088	positive"
"477165883383894017	neutral"
"477015778534129664	positive"
"477153431107698688	neutral"
"477212996616196096	neutral"
"477154943896657920	neutral"
"476194878884683776	negative"
"477202118320082944	positive"
"477155374295162884	positive"
"477132438767169536	neutral"
"477214928315891712	positive"
"476453841224097793	positive"
"476401843304546306	neutral"
"477214421283266560	positive"
"477184112361766913	positive"
"477158211406299136	positive"
"476088889577594881	neutral"
"477165799267115009	positive"
"477190350079918081	positive"
"477112780344938497	neutral"
"477202497774178304	positive"
"476363853958492160	positive"
"476758990605410305	neutral"
"477276768718450689	neutral"
"477032612288937985	positive"
"477501284665155585	positive"
"477122744950071296	neutral"
"477186562048798721	neutral"
"477186482138918912	neutral"
"476661228568186880	positive"
"477184156279906304	negative"
"477478672010842112	neutral"
"477181725240733696	negative"
"477165615954677760	negative"
"477186642180984832	negative"
"477180327358509057	neutral"
"476794967516803073	neutral"
"476829792307003392	negative"
"477144160034897920	positive"
"477072652423557120	neutral"
"477501657417543680	positive"
"476083507207229442	positive"
"477033109620527104	neutral"
"477501853916098560	positive"
"477144006275919872	positive"
"477060159168978944	positive"
"477208062798094337	positive"
"477182117676199936	neutral"
"477181590863618049	negative"
"477199515234353152	negative"
"476282786069102592	positive"
"477178522176598017	neutral"
"477154471852924929	negative"
"477180217736167424	positive"
"477229496127344640	positive"
"476074827514937344	neutral"
"477200065098833921	positive"
"477445088008617984	neutral"
"477112369101819904	neutral"
"477478657095901184	positive"
"477101804690235392	positive"
"477149719119273985	neutral"
"477178395529195521	positive"
"477274278019100672	neutral"
"477186567258521600	positive"
"477228952906264576	neutral"
"477153377873588224	negative"
"476821031441948674	positive"
"477061054762332160	positive"
"477154878662270977	neutral"
"477013929303240704	neutral"
"477200041699196929	neutral"
"477161415233794048	negative"
"477484703830642688	neutral"
"477153640461787136	positive"
"477444071036690434	negative"
"476084948655681536	neutral"
"476459861778386944	positive"
"477439975290437632	neutral"
"477155313804931073	neutral"
"476599152953274368	neutral"
"476758491357806593	positive"
"477133128252022784	neutral"
"477486428600156160	neutral"
"477213386162204672	neutral"
"477186462387953664	positive"
"477203231437631488	positive"
"477133775768678400	neutral"
"477187059548160001	positive"
"477212879020498945	positive"
"476076371727638528	neutral"
"477501847574675456	positive"
"477484906076184576	neutral"
"477487150607257601	positive"
"477178727756222464	positive"
"477199819409477632	negative"
"477214474324033536	negative"
"477184384622002177	neutral"
"477202891619729408	positive"
"477143099463188481	positive"
"477478611503824896	positive"
"477208021899427840	positive"
"477181696438435842	positive"
"477479283687161856	positive"
"476087438822354945	positive"
"477111510578106369	negative"
"477111421818634240	negative"
"477501524805812224	neutral"
"477484246219894784	positive"
"477057760924663809	positive"
"477186685478793216	positive"
"477181192853135360	positive"
"477169629895598080	neutral"
"477275909578182656	positive"
"477178786539384832	neutral"
"477208167571816448	negative"
"477439191564177408	neutral"
"477177053893378048	positive"
"477154834731532290	positive"
"477485863169835008	negative"
"477412486010773504	positive"
"478991668121583616	negative"
"477534384292380672	positive"
"476701917905567744	positive"
"478570045535424512	positive"
"478610613933834240	positive"
"478213892146204672	positive"
"478646041475317761	positive"
"477504864453660672	negative"
"477018003159412736	neutral"
"477103258243039232	neutral"
"477530952202072064	positive"
"476497397703778305	neutral"
"477493894020874242	positive"
"477207578082951168	positive"
"477535449926234113	neutral"
"477207794639441921	negative"
"477543513899274240	positive"
"476048033272971265	positive"
"477509574774493185	positive"
"478993557781762048	neutral"
"477537516397277184	positive"
"477943706608078848	positive"
"477589005421510656	negative"
"477154302805692416	positive"
"478227325956665345	positive"
"477467390419410944	negative"
"478087334215573504	negative"
"477232803843543040	negative"
"477943678334271488	positive"
"477153680463265792	positive"
"477943709666127873	positive"
"477541585601589249	positive"
"477543490042077184	positive"
"478262643174952960	negative"
"477501782529032192	positive"
"477509620735307776	positive"
"477533180422275073	neutral"
"478260424840728576	positive"
"477943868118536192	positive"
"477498197813002240	negative"
"477917813210767361	positive"
"478686472308920320	positive"
"478686258823065600	positive"
"477034775241187328	positive"
"477542537993809922	positive"
"477537590271172608	neutral"
"478385485971484672	positive"
"478224500396658689	positive"
"478233966613643265	positive"
"478685697449005056	positive"
"478008558127423488	positive"
"478687739496632320	positive"
"478995452948668416	negative"
"477530099567185920	negative"
"477500260017647616	positive"
"477178983033757696	positive"
"478996020479553536	positive"
"477553879987802113	positive"
"477501675150643201	negative"
"477944122549223424	positive"
"477549399124770817	positive"
"477871017897906177	positive"
"478528120538931200	neutral"
"478925098146361344	positive"
"478929223957381120	positive"
"477471303440429056	positive"
"477589800170438656	positive"
"477553208135806978	negative"
"476479984882561024	positive"
"477137005575303169	positive"
"477183740612210689	neutral"
"477542362005397506	positive"
"477132017176707072	neutral"
"477501486432124928	positive"
"477107546407202816	positive"
"477917130055491584	positive"
"477016825440796672	neutral"
"477039864647389184	positive"
"477537371442126848	positive"
"477867738413924352	neutral"
"477229412476547072	positive"
"478030903453556736	negative"
"477163148047577088	positive"
"477937325419552768	negative"
"477356738057109504	positive"
"477106872328011776	negative"
"477160940257812480	positive"
"477133420913770497	positive"
"477541813373243392	negative"
"477541757581004800	neutral"
"478197638345809920	positive"
"478600878492897280	positive"
"477207912159649792	negative"
"477104199075766274	neutral"
"477440345689833472	positive"
"477462485214035972	positive"
"477866574301659136	positive"
"477537387292000256	positive"
"478686113012654080	positive"
"476786695392993280	neutral"
"476704220855681025	positive"
"477871302616031234	positive"
"477501812912566275	positive"
"478931277903458306	positive"
"477137647966507008	positive"
"477179071693344769	positive"
"477534607190265856	positive"
"478990568173731840	positive"
"478969248317206529	neutral"
"477944042475769856	positive"
"477560341962833920	positive"
"477541613636296704	positive"
"478925380984655872	positive"
"477359682743726080	positive"
"477134680320274432	neutral"
"478966316414808064	neutral"
"477493445796188160	positive"
"478262431681368067	positive"
"477461514371096578	positive"
"477107500123045888	positive"
"477503221368623104	positive"
"477537319252414464	positive"
"478233992500490241	negative"
"477506596118200321	positive"
"477224127304970240	positive"
"477507987276181504	neutral"
"477543583646760960	positive"
"477537109524623360	positive"
"477164013718351873	negative"
"478820362814488576	negative"
"477641273512165377	positive"
"478201160986554368	negative"
"477579400020779008	positive"
"477493584405344257	negative"
"477944703959445504	neutral"
"478923201855389696	positive"
"477505002890461185	positive"
"477106395527917568	neutral"
"477509309656334337	negative"
"478371314067972098	positive"
"477581729419370496	positive"
"477185135134400513	positive"
"477102342631063552	positive"
"477448500784144384	neutral"
"477536953551040512	positive"
"478198567153446912	positive"
"477867930643083264	neutral"
"478018252988493824	neutral"
"477583731461746688	neutral"
"477540974076231680	neutral"
"477936929229389825	positive"
"478687825341067264	positive"
"477553279573164032	positive"
"477534339672973313	negative"
"478686881593688064	positive"
"476054358367694848	positive"
"477154411915902976	negative"
"477473786204135424	positive"
"478989410134790145	positive"
"478660660050415618	neutral"
"477243852252643328	positive"
"477152973429428224	neutral"
"478686537576878080	positive"
"478198851506294785	positive"
"477530295734784000	positive"
"477933159623843840	positive"
"478660628794454016	positive"
"477917558881153024	negative"
"477179000347836416	positive"
"477498636490649600	positive"
"477137385286033408	positive"
"477035832017055744	neutral"
"477536198735327233	neutral"
"477202065131704322	positive"
"477537474798166017	positive"
"477134612582252544	positive"
"477863855247605761	positive"
"477471172997951488	positive"
"478085348703371264	negative"
"477137853995319296	positive"
"476464794862882817	neutral"
"478683524359155712	negative"
"477543929286381569	positive"
"477959481931096065	negative"
"478824311835222016	positive"
"477185210166296577	positive"
"478923868619702272	positive"
"478216012475928576	positive"
"476482028779880448	positive"
"478687859595956224	positive"
"477537775357423616	positive"
"477635950399344640	negative"
"477585273455652864	positive"
"477640177410523137	positive"
"478233176595496960	positive"
"477501078045347842	negative"
"477202103983562752	negative"
"477502081830776832	negative"
"478645989851406336	positive"
"477509579161763840	neutral"
"478582763205824512	negative"
"477154252721491970	positive"
"477537191200321536	positive"
"477537315532075009	positive"
"477529944499949568	positive"
"477543589518794753	positive"
"478078403539898368	positive"
"477454309886402560	positive"
"477504583032643584	positive"
"477533287972626432	negative"
"478072300219035648	positive"
"478993381562257409	positive"
"477590247719460864	positive"
"478992180405870592	negative"
"477589393423990784	positive"
"477917861546299393	positive"
"477533115385012224	positive"
"477531504143499264	positive"
"477537333495873536	positive"
"477041744107028480	neutral"
"477932990405025793	positive"
"478522416420102144	neutral"
"477103628180664320	positive"
"478686861397745664	positive"
"477511070609702913	positive"
"478080677729300480	positive"
"478354678762450944	neutral"
"477586455267532801	positive"
"478233359643312130	positive"
"477135990604443648	positive"
"478232438372843520	positive"
"477500435708661760	negative"
"477226184435331072	positive"
"477459657003241472	positive"
"478224665736126465	positive"
"478287494656847872	positive"
"478375713045610498	neutral"
"478685777615142912	positive"
"477183924398215168	positive"
"477553012815060992	positive"
"477106060696629248	neutral"
"477553841148526592	positive"
"477231216286904320	positive"
"477108076936310786	positive"
"477138027915919360	neutral"
"478008876890345474	positive"
"477467346224050176	positive"
"477444322103533568	neutral"
"478686268713205760	positive"
"477543828204048385	positive"
"477201803247775744	positive"
"477454056172949504	positive"
"477537547267354624	negative"
"477543894561734657	positive"
"477135012899209216	positive"
"477532553537019905	positive"
"477543530144219136	positive"
"477588305341841408	positive"
"478823678244057088	positive"
"477936853019279362	positive"
"478223265455149056	neutral"
"477160166660399104	positive"
"477537333626273792	positive"
"477560156189130753	positive"
"477444057119981569	positive"
"477498355741102081	positive"
"478687312922947584	positive"
"477936842340569088	negative"
"479003764507291649	positive"
"477934037563371520	positive"
"477933167299813376	positive"
"478994237519065088	negative"
"478229823899590656	positive"
"478685910775910400	positive"
"477536813238976512	positive"
"477584526349463552	positive"
"479003831750373376	neutral"
"477511647641473024	neutral"
"478063710351933441	neutral"
"477041008996524032	positive"
"477871123540238336	positive"
"478990990854733826	neutral"
"478233226713255936	positive"
"478603314633121793	positive"
"478354651012927488	positive"
"478262135752261633	positive"
"477234282667073538	neutral"
"478684410162970624	positive"
"477838770134212608	negative"
"478988714719191041	positive"
"478233065651585024	positive"
"476059284812627969	positive"
"477160855000584192	positive"
"478233994602237952	positive"
"477956899791319040	neutral"
"479003787281981440	positive"
"478209869816688640	negative"
"477906664130347008	negative"
"477552804987293697	positive"
"477175013741588480	positive"
"478608392714334208	positive"
"477583193722208256	positive"
"477035830629126144	neutral"
"477160072360230912	positive"
"477917531228090369	positive"
"478612976790818816	neutral"
"478212683833958400	positive"
"478644839299694592	neutral"
"477580268681699328	neutral"
"477454011272925186	positive"
"478687235022532608	positive"
"477207937455099905	positive"
"477130829190430721	neutral"
"477109539419205632	neutral"
"477202135143440384	positive"
"478685235413266432	negative"
"477549924205072384	neutral"
"478203692987211778	positive"
"476703069607309313	positive"
"478988150321074176	neutral"
"478605922672332800	positive"
"477130082654224385	neutral"
"477185278604750848	neutral"
"477508795250143232	positive"
"477903774993088512	positive"
"477161220567728128	positive"
"477039573768228865	neutral"
"478826161934319617	neutral"
"477945988553121792	positive"
"477494131754037248	neutral"
"477021409135562752	positive"
"478996119784288257	neutral"
"478010353058451457	positive"
"477539834886914048	positive"
"477028712165425152	positive"
"478078310417977344	neutral"
"477041624221253634	positive"
"476505988187824128	neutral"
"477179114466852864	positive"
"477439509936619520	neutral"
"478570769128357890	positive"
"477549470935416832	positive"
"477137068188246016	positive"
"477207925924978690	positive"
"477958018685218818	negative"
"477549100917727232	positive"
"477350705549033472	negative"
"478227004446502913	neutral"
"478927168789954561	positive"
"477153765158825985	positive"
"478683466561638400	positive"
"477038976780357632	neutral"
"477201776069054464	positive"
"477532908631388160	neutral"
"477550132380979200	negative"
"477543531796389888	positive"
"477542030634397697	positive"
"478014108978016256	neutral"
"477529291161620480	positive"
"478687933944180736	positive"
"477076192776830976	positive"
"477497664313913346	neutral"
"478685526363348992	positive"
"478609994217041920	positive"
"477225604282986496	positive"
"478262206509752320	neutral"
"478012633644163072	neutral"
"478926829802520577	neutral"
"477469100877160448	negative"
"478929886460272640	positive"
"478972946636341248	neutral"
"478061525056249857	negative"
"477492936150892544	positive"
"477137494484729856	neutral"
"478311443360911360	neutral"
"478684444446846976	positive"
"477029403739058176	neutral"
"478213571755917312	neutral"
"478611122040619008	negative"
"477543713913454592	positive"
"477510142955892736	positive"
"478011590378524674	positive"
"478683900621750274	positive"
"478361355444293634	neutral"
"477533165469597697	neutral"
"478993725226352640	negative"
"477201821568884739	positive"
"477138715949531136	neutral"
"477510727549190144	positive"
"477543568165588992	positive"
"477232491229904896	positive"
"477509895764197378	positive"
"478582991632211968	negative"
"476061673246441472	positive"
"477544273639137281	neutral"
"477185004490211328	neutral"
"477553645798428672	positive"
"477535211073581057	positive"
"477026772572446720	positive"
"478993204906188801	positive"
"478992564423389184	negative"
"477077345065795584	neutral"
"477498874941042688	positive"
"477134329609744385	positive"
"478048098753986560	positive"
"477537624530223104	positive"
"477975869269749760	positive"
"477137965828034560	positive"
"477358397453369344	positive"
"477579202112126976	neutral"
"478606795959595009	positive"
"477235979070472192	negative"
"477474604433174528	positive"
"477541986275438592	positive"
"477202142458302465	positive"
"477946084111556608	positive"
"477185166104743936	positive"
"477917046374948864	neutral"
"477633953113710592	neutral"
"476056641528668160	negative"
"478932819465760768	positive"
"477560523337129984	positive"
"478606803576836097	neutral"
"476322947779796992	neutral"
"478261409067696128	negative"
"477021432258756609	neutral"
"477040867383848960	positive"
"478988198362624000	positive"
"478992947862843392	positive"
"477153701011136512	neutral"
"478353367685931008	positive"
"477871229614186497	positive"
"477580191871418368	positive"
"477462316271689728	positive"
"477759943932907520	neutral"
"477138820094128128	neutral"
"477445035865034752	neutral"
"477495914051809280	positive"
"477208179848142849	neutral"
"478524623135318017	positive"
"477933986325725184	neutral"
"478604076792705025	positive"
"477944335447519232	positive"
"478973579938115585	positive"
"477134064080916480	negative"
"477543770817560576	negative"
"477549039832285184	negative"
"477549440195366912	neutral"
"477544029992013825	positive"
"477934604054458369	positive"
"478685540804333568	positive"
"477039943525486592	positive"
"478608017160548352	positive"
"476328487113195520	positive"
"478835559256059904	neutral"
"478606606385438720	positive"
"478231651353649153	neutral"
"476787466465472514	neutral"
"477543928066215937	positive"
"477160579883204610	positive"
"477549411888013314	positive"
"478261682095931392	neutral"
"477529565523611648	positive"
"477544123776237568	positive"
"478967786798981121	positive"
"478262214684852224	negative"
"478609056102641665	positive"
"477537395609325568	positive"
"477586223284768768	positive"
"477537315292975104	positive"
"477537350378352641	positive"
"478614573936021504	neutral"
"477042882705367040	positive"
"478661580885065728	positive"
"477201889637834752	negative"
"478233567139348480	positive"
"476479614710464512	positive"
"477561634496331777	positive"
"477506137193840640	negative"
"477134840304009216	positive"
"477103425243869184	positive"
"477535270225858560	positive"
"477946135902842880	positive"
"477553356022763520	positive"
"478521862671335425	positive"
"478195774606815232	neutral"
"478233036245323776	positive"
"478020414112014338	positive"
"478263014005964801	negative"
"477934107343998976	positive"
"477871642924703744	positive"
"477554050523602944	positive"
"477534693852602369	positive"
"477561404183310336	negative"
"477587855209164801	neutral"
"477945721933803520	positive"
"477543780992942080	negative"
"477531582635712513	positive"
"477108911799934976	positive"
"478307890357628929	neutral"
"478216015625457664	positive"
"478995313240182784	positive"
"477537748891336704	positive"
"478833939860054016	positive"
"477934677203124224	positive"
"477904125846233088	positive"
"478968320079572992	neutral"
"477501300393771008	positive"
"478971220114046976	positive"
"477537032148123648	negative"
"477076884606316545	positive"
"477537611238866944	neutral"
"477581050789367809	positive"
"477162989939077120	positive"
"478197803601375233	positive"
"478612762374209536	positive"
"478222791368790016	positive"
"478233990701150208	neutral"
"478968487789207552	neutral"
"476496255372517377	neutral"
"477943878306103296	positive"
"478206416243937280	neutral"
"477975138525523968	positive"
"478209018662752256	positive"
"477580116650778624	positive"
"477201947720564736	positive"
"477934598450868225	positive"
"477549470188830721	negative"
"476786222140882945	positive"
"477590072527945728	positive"
"477451991095181312	positive"
"478233457454505984	positive"
"477160121785925632	positive"
"477104410187685889	positive"
"477590139154100225	positive"
"477016278805516288	neutral"
"476052332137181184	positive"
"477450018492674048	positive"
"478926132184506368	neutral"
"478380456212058112	positive"
"476698617005477889	neutral"
"476058681986252800	positive"
"477034364447252480	positive"
"477943933444444161	positive"
"478974134806794240	positive"
"477451648034279426	positive"
"477549121415311360	positive"
"478967112728600576	positive"
"477191125766533120	positive"
"477510469490458624	positive"
"478213465643827201	positive"
"477024903682854912	neutral"
"477537041698545664	positive"
"477029342027841537	neutral"
"478613409299435520	positive"
"477162526405574656	positive"
"477944251376865280	positive"
"477905999265681409	neutral"
"478526724595261441	positive"
"477201640856903680	negative"
"478214790637441024	positive"
"477191247560331264	positive"
"477960246867279872	positive"
"478685891335311360	positive"
"477943928268673024	positive"
"479003726695636992	positive"
"477553304286027777	neutral"
"478611974881050624	positive"
"478602055423381505	positive"
"477580618000105473	positive"
"477871594983788544	positive"
"477208260907261952	negative"
"477542524035543041	positive"
"477109289358614528	positive"
"477537333420777473	positive"
"477241564377255937	positive"
"477540163661615104	positive"
"478601929195405312	positive"
"477103160910417921	positive"
"477509123777384448	positive"
"477474120381108225	positive"
"477027539043381248	positive"
"478224279826612224	positive"
"477201971179298816	negative"
"477935674159804416	positive"
"477537584554721280	negative"
"477934485783064577	positive"
"477934485783064576	positive"
"477510205672927232	positive"
"477191031666921473	positive"
"477553357104893952	positive"
"477135993208729600	positive"
"478582824262307841	neutral"
"478686130699653120	positive"
"477107228206313473	positive"
"478601151294607361	negative"
"477208272630734848	negative"
"477202089463263233	negative"
"478613363757703169	neutral"
"478233923156475904	neutral"
"477553063293902848	neutral"
"477534102443155456	negative"
"477492617677000705	positive"
"477238719519666176	positive"
"477917790309871616	positive"
"478924821305126912	neutral"
"477191163494297601	neutral"
"478233109809594368	negative"
"478645701044621312	positive"
"478969525136658432	positive"
"477162337255043073	positive"
"478987743029370882	positive"
"478388909957607424	neutral"
"477553272996507648	negative"
"477543604903493632	positive"
"477207969265106945	positive"
"477533756492763136	positive"
"478962177681133569	positive"
"478701514023010304	neutral"
"477460505305419776	negative"
"477017130580574208	positive"
"477918037681913856	positive"
"477944082686541824	positive"
"477537436218564608	positive"
"478197648134901761	positive"
"477533045885378560	negative"
"476504312534024192	positive"
"477584024651972608	positive"
"477154219582300161	neutral"
"477863749861122051	positive"
"477502888705413120	positive"
"478823033675984896	positive"
"477549525192556544	positive"
"477943853073592320	positive"
"477917624110956545	positive"
"478831946366459904	neutral"
"477541256709799936	negative"
"477018473353445377	neutral"
"478570812115398656	neutral"
"476323510823161856	positive"
"477461073621028864	negative"
"477944352673898496	positive"
"477583710527954944	positive"
"477207859089121280	positive"
"477932823014547457	positive"
"477549061114187776	positive"
"477030917022973952	positive"
"477133257923108864	positive"
"478924998996815873	positive"
"478687787902701569	positive"
"477024474735599616	positive"
"478222063178907648	positive"
"477553219317403650	negative"
"479003772405182464	neutral"
"477207587008835584	neutral"
"477532299727085568	positive"
"477839195202138112	positive"
"477583232871833600	positive"
"476500255316668418	positive"
"477537697956126720	positive"
"477136365327777792	positive"
"478214859382071296	negative"
"477532803135848448	positive"
"477553831039885312	positive"
"477976627385606144	positive"
"477561238444974081	positive"
"477473247852646400	positive"
"477185047460458496	positive"
"477550387801911296	positive"
"477906023148429312	neutral"
"477537181402415104	positive"
"477537425175371776	positive"
"477358211088281600	positive"
"478234027229732864	positive"
"477584449509789698	positive"
"478019146756947968	positive"
"478961938693496832	positive"
"477161657689718784	neutral"
"477541887545327618	positive"
"477161470959296512	positive"
"478684530686304257	positive"
"477207502388355072	neutral"
"478310814278225920	negative"
"477552749937455104	neutral"
"477958972839055360	neutral"
"478610952116375553	negative"
"477917769296793600	positive"
"478687696119164928	positive"
"477510164346441729	positive"
"478687621741174784	positive"
"477450231731073024	neutral"
"478059986929471488	neutral"
"478685171588141056	positive"
"478645187061624832	positive"
"477906171450621952	neutral"
"477131134602838016	neutral"
"478571062515363840	positive"
"477161882198224896	positive"
"477541412679196672	positive"
"477543141906841600	positive"
"478222027183382528	positive"
"477533011425361920	positive"
"477154793824452609	negative"
"477510466218909697	positive"
"477553393108783107	negative"
"477136330837618688	positive"
"477934189351038977	negative"
"477506260451872768	positive"
"477543733408587776	positive"
"477032855462100994	neutral"
"478034007549308929	negative"
"477349779546963968	negative"
"477022844946485248	neutral"
"477537580452679680	positive"
"478974048480010240	positive"
"477550010931089408	negative"
"478971518299684864	positive"
"477581245661315073	positive"
"477500197715443712	neutral"
"477229694736023553	neutral"
"477184717599830016	positive"
"477549502363369475	positive"
"477153074067161089	negative"
"478686136857276416	positive"
"477164291259260928	neutral"
"476500335653974016	positive"
"478213881413005312	positive"
"477160977075818498	negative"
"477871324107649024	neutral"
"477588223804190720	positive"
"477584223470358529	positive"
"478024268937457664	neutral"
"478233438445522944	positive"
"477535078898077697	negative"
"477076140570718208	neutral"
"477503786919809024	positive"
"478988925982109698	positive"
"478929241786970112	positive"
"477451011729002500	neutral"
"476700201801900033	positive"
"477537554716061698	positive"
"477933059119919104	neutral"
"477153799141081088	positive"
"477160067759083521	negative"
"477154770189160448	positive"
"477510190221107201	neutral"
"477160608094117888	positive"
"477550263046508545	positive"
"478661681887715329	positive"
"478685457216446465	positive"
"478076804553388032	positive"
"477537417688518657	positive"
"477232621316222976	neutral"
"477154269356097536	positive"
"477162621787848705	negative"
"477464418964357120	neutral"
"476480514535473152	neutral"
"477450589639823360	negative"
"477163835598835713	neutral"
"477532648231821312	negative"
"477552867050401794	negative"
"477553879467708416	positive"
"478046831860256768	neutral"
"477540917310939137	positive"
"477440427528712193	negative"
"478687204210769921	positive"
"477162976898609152	positive"
"477537640892203008	positive"
"477535861547237376	positive"
"477958101589430273	negative"
"477589791392169985	positive"
"477501527570268160	neutral"
"477207513553993729	positive"
"477154676207783936	negative"
"477039214924943360	positive"
"478261438583422976	positive"
"478661532834742272	negative"
"477871512528375808	positive"
"477584426680217600	positive"
"477161047720464384	negative"
"478521670257618944	neutral"
"478606964361281536	positive"
"478008645742260224	positive"
"477499170199457793	negative"
"478023287306350592	positive"
"477934679866490881	positive"
"477580749403467776	neutral"
"478964232357433344	neutral"
"477133192793567232	positive"
"478216062148698112	positive"
"477542186905370624	neutral"
"477578931277545472	positive"
"477537129544052737	positive"
"478314539587358720	neutral"
"477867104264134659	neutral"
"476471393102880768	positive"
"477163866393432064	positive"
"477580822636400640	positive"
"477163796335980544	positive"
"477160271686164480	positive"
"478229770510290944	neutral"
"478992986542731264	positive"
"476492168295493632	positive"
"477179024603488256	positive"
"477232593360809984	positive"
"477871872965488641	positive"
"477868408193941504	positive"
"477549541399351296	positive"
"478687922070511616	positive"
"477028918021857281	positive"
"477537084652404737	positive"
"478933086189531137	positive"
"477553195406098434	neutral"
"477537135743213568	positive"
"477510104275623936	positive"
"477536086294822912	positive"
"477160836130426880	positive"
"478990801075445762	positive"
"477153214153121792	positive"
"478225998430101504	neutral"
"477137628585021441	neutral"
"476484708881408000	positive"
"477863588632485888	positive"
"477957455620866049	neutral"
"477544205695602688	positive"
"477207851538984960	negative"
"478261675007553536	positive"
"476469224467337216	positive"
"477933527213043712	positive"
"477838556333735936	positive"
"477016717982302208	positive"
"477537161122959360	negative"
"477871810336546816	positive"
"477537091446779904	positive"
"477502818882822144	positive"
"478197221973061632	positive"
"477104705177681920	neutral"
"477587029203492864	positive"
"478215787405377536	negative"
"477581073799720961	positive"
"476038022421422082	negative"
"477022204002312192	neutral"
"478609475712974848	positive"
"477102815438204928	positive"
"478614738448838656	neutral"
"477154244039290880	positive"
"477510062181982208	positive"
"477975350652444673	positive"
"477533428305641473	negative"
"478211110105911296	positive"
"476506508318879744	negative"
"477549159726473216	positive"
"477944618617950208	positive"
"478994793255948288	negative"
"478215411931291648	positive"
"478686086244204544	positive"
"477207765954203649	positive"
"477959126182416384	neutral"
"477975667670548480	neutral"
"477544153946284034	positive"
"477944977251901440	negative"
"478924041299169281	neutral"
"478684868876857346	positive"
"477540081491009536	neutral"
"477492639227314176	positive"
"477509916270153728	positive"
"478687262117343232	positive"
"477231502627856384	positive"
"477937051741224961	positive"
"476702986027024384	positive"
"478995599510233088	neutral"
"478926481574612993	neutral"
"477027329148219392	positive"
"477537718021677056	positive"
"478609233852633089	neutral"
"478964309733965824	positive"
"478685850893438976	positive"
"477228351888064512	neutral"
"478065447221592064	positive"
"477580420981473280	positive"
"477537218849177600	positive"
"478931428949131264	negative"
"478310115645591552	positive"
"478008355328241665	positive"
"478599443445342210	negative"
"478373212644855808	negative"
"477958708962811904	positive"
"478395125068886017	positive"
"477537475066204161	negative"
"477184193718276096	positive"
"477553472817344512	neutral"
"478825535108579328	positive"
"478016192011960321	positive"
"477501613980938241	positive"
"477161013410668546	positive"
"477184783756165120	neutral"
"478212914810482688	positive"
"478311966923325441	negative"
"477934702628585472	positive"
"477544083200958464	positive"
"478225477241667584	positive"
"478684487950163968	positive"
"478612788206923776	neutral"
"477016651918233601	positive"
"477917114654007296	positive"
"478212030201995264	positive"
"478011324803186688	neutral"
"477943736186318848	positive"
"476059622613454848	neutral"
"478212670530002945	neutral"
"477537110606368770	positive"
"477530352626696192	positive"
"477207691434000386	positive"
"477360457389711360	neutral"
"477945303341862914	positive"
"477029347870912512	neutral"
"477542053346562048	positive"
"476044120260349952	positive"
"478685569996701696	positive"
"477473352605380608	positive"
"477208013972193280	negative"
"478826068829552640	positive"
"478924168549769219	positive"
"477138777643552770	positive"
"477553660054888448	positive"
"477494303304859650	positive"
"477870019473584128	negative"
"477542698166272000	positive"
"477537314525425664	positive"
"477184130812088320	neutral"
"477933480773701632	positive"
"478228956911779840	neutral"
"478684905254043648	positive"
"477530421157052416	neutral"
"478356004661235714	positive"
"477870411175436289	positive"
"478017727614177280	positive"
"477933396581445632	positive"
"477106998652469248	negative"
"477529388401954816	positive"
"477201760554328064	positive"
"477032342075097088	neutral"
"477589345160138753	positive"
"477043352706510849	positive"
"477541912765685760	positive"
"477104412494954496	neutral"
"478356775289122816	neutral"
"477535073462681601	neutral"
"478687027030814720	negative"
"477207699076419584	positive"
"477917439679033344	positive"
"478011358957424641	positive"
"477031883931262976	positive"
"477553291744665601	positive"
"478660567880572928	positive"
"477536914393026560	positive"
"478995874895634432	negative"
"477553444157665280	neutral"
"477865718491672577	positive"
"478961018224533504	positive"
"477153589337395200	positive"
"477227933203849216	positive"
"477536990175322112	neutral"
"478685835697479680	neutral"
"477532900695740417	positive"
"478968462313017344	positive"
"477580305105031168	positive"
"476498525317251072	negative"
"477496975148204033	positive"
"477161750761336833	positive"
"478233666901266432	positive"
"477106926791454720	positive"
"477102659095113728	neutral"
"477153690479235072	positive"
"477494615017152513	negative"
"476703464928849921	positive"
"478233494892838912	positive"
"479003691497062402	positive"
"477532621371498497	negative"
"477537075135139840	positive"
"477042793769345024	positive"
"478988328201895937	negative"
"478020112486641664	positive"
"477507244079075328	positive"
"478524750315024385	positive"
"477539652417904640	positive"
"477208041851351040	positive"
"478973743210201088	positive"
"478687887672635393	positive"
"477502676113317888	positive"
"477016121414279168	neutral"
"477202143477129218	positive"
"479003795251150848	positive"
"477553166612172801	positive"
"479003686643826688	positive"
"477459335979622402	neutral"
"477202145679134720	positive"
"477041954203910144	positive"
"477164102180413440	negative"
"479003692490706944	positive"
"477190786678026240	positive"
"476363014313369600	neutral"
"477165898223341568	negative"
"477182079763894275	neutral"
"477186475574841344	neutral"
"477154317355327488	positive"
"477061023656992768	positive"
"477165700914900992	negative"
"477181878357991424	neutral"
"477072573076090880	neutral"
"477015142564376576	neutral"
"476415101420208130	positive"
"477186672275103744	negative"
"477034593653383168	positive"
"477174080395681792	neutral"
"477010230283616256	neutral"
"477492782517334017	positive"
"477181916458672128	positive"
"477033702871285760	neutral"
"476405238807920641	neutral"
"477012301619286016	neutral"
"477415701586911233	neutral"
"477485581908594688	negative"
"476824990126325761	neutral"
"477181761365880832	positive"
"477178325446557697	neutral"
"477153604374388736	positive"
"476190763882393601	neutral"
"477181674979995649	neutral"
"477182091575427072	negative"
"477186992305106944	positive"
"477181966966456320	negative"
"476098159634944001	neutral"
"477178412894003201	positive"
"476402041292455936	negative"
"477485168676974593	negative"
"476097459802742785	positive"
"476099120927883265	negative"
"477184423717138432	neutral"
"477447631682015232	neutral"
"477180454756679680	positive"
"477439359835451392	neutral"
"477202030868828160	neutral"
"477503516932440065	neutral"
"477384274057105408	neutral"
"477486507326844930	negative"
"477252340550873088	neutral"
"477194122902917121	positive"
"477008895253417984	neutral"
"477213715477979137	positive"
"477153520182104064	negative"
"477492577357156352	negative"
"477438331093934083	neutral"
"477186584358707200	positive"
"477169555119149056	neutral"
"476606025370320896	negative"
"477012824552513536	neutral"
"477161548897849344	positive"
"477184273900769280	negative"
"477190772106993664	positive"
"477180579344293888	negative"
"477178603830919168	positive"
"477111869304356866	neutral"
"477083417671380992	positive"
"476718496131592192	positive"
"477181780240658432	negative"
"477114203980173312	neutral"
"477133410037551104	positive"
"476595948047441921	neutral"
"476071383513194496	neutral"
"477181362743410689	positive"
"477181331911487488	negative"
"477169903586525184	positive"
"477153662104772609	negative"
"477486264069804032	negative"
"477178455302238208	negative"
"477178327393120256	positive"
"477161896509186049	negative"
"477477618905001984	negative"
"477501349727174657	positive"
"477184064672526336	neutral"
"477134903617007616	positive"
"476078070668218369	negative"
"476084547579564032	neutral"
"477143081318248448	neutral"
"477181823274201088	neutral"
"477186454532018176	neutral"
"477154660139020288	neutral"
"477215012830724096	neutral"
"477081840960802816	neutral"
"476668217789014017	positive"
"477228893112262656	positive"
"477155083432759296	negative"
"477208103893467137	neutral"
"477190562294935552	positive"
"476831643525980162	neutral"
"477186709570875392	positive"
"476402080983179264	positive"
"476606579781808128	negative"
"476403590399930368	negative"
"477181223299588096	positive"
"477161332920156160	positive"
"477177054136262658	neutral"
"476660377166426112	negative"
"477503220734910464	negative"
"476828680036286464	positive"
"476405342759170048	neutral"
"477083191061512192	neutral"
"477178367305723905	positive"
"477187240565952513	positive"
"477084483414261762	positive"
"477131927023931392	positive"
"476505987869081600	neutral"
"477208094544384000	negative"
"477011234298937344	positive"
"477154951798325248	positive"
"477485247538688001	negative"
"477182372761182208	positive"
"477102223236018177	positive"
"476060507737456641	negative"
"477082743327948800	neutral"
"477178627495575552	positive"
"477214170329255937	negative"
"477214516841680896	negative"
"477502024825962496	positive"
"477178528471863296	positive"
"477060949564608512	neutral"
"477132965118746624	neutral"
"477182041931264003	negative"
"476458243779493888	neutral"
"477161838782607360	negative"
"477134298429259776	neutral"
"477252456288485376	neutral"
"477501972774256640	positive"
"477202096907776001	neutral"
"476075573723533312	positive"
"477187081111097344	positive"
"477083020147449857	positive"
"477154378285977601	negative"
"477384549635092480	positive"
"476354727551442944	neutral"
"476718086826233857	neutral"
"477178815290949632	positive"
"477178398658154497	positive"
"477014538093871104	positive"
"477184333858746368	positive"
"477182120213762049	negative"
"477174264836018176	positive"
"476510002073440256	negative"
"477208171648651264	negative"
"477202170543345664	negative"
"477231677216145408	neutral"
"476364817209380865	positive"
"477161341699239938	negative"
"476716716748468226	neutral"
"477213726827765760	positive"
"477153891704774656	neutral"
"477448366402461696	positive"
"477174122636533760	negative"
"477133266378838017	neutral"
"477190314113761280	neutral"
"477502006245216256	positive"
"477194742519046144	neutral"
"477161776254320640	positive"
"477440315729522689	neutral"
"477169925686304768	positive"
"477501522490560512	positive"
"477180525623259136	negative"
"477443285082841088	neutral"
"476038785289826304	neutral"
"477502316069658624	neutral"
"476668401364922368	positive"
"477030625602699264	positive"
"477485629362946048	positive"
"477208026768609280	neutral"
"476459609331630080	neutral"
"477213525123682304	neutral"
"477181461053726721	negative"
"477133657870962688	neutral"
"477143503458148352	negative"
"477492767354941440	positive"
"477144037858627584	neutral"
"477194514826682368	negative"
"477190645656723456	positive"
"477202860980334592	negative"
"477441385583636480	negative"
"477178399727693825	positive"
"477169986226499584	positive"
"476824615273385985	positive"
"476402661328453632	neutral"
"477032552625356800	neutral"
"477206569319288833	positive"
"477180337207128064	positive"
"477382614664626176	neutral"
"477181761756360705	positive"
"477034102219354112	neutral"
"477014232936886272	neutral"
"477442827782488064	neutral"
"477135048567951360	neutral"
"477083424306384896	positive"
"477208166287953921	negative"
"477154321025728513	neutral"
"477178599087169536	neutral"
"477500992691662848	negative"
"477442905217323009	neutral"
"477492727689404417	negative"
"477186839493619713	positive"
"477131600657133568	positive"
"477182096918978561	negative"
"476079180753272833	neutral"
"477012474961489920	neutral"
"477181088494657536	neutral"
"477059329917337601	positive"
"477015314992209920	neutral"
"477112983147909121	positive"
"476358201152393216	neutral"
"476666209857855489	positive"
"477134572463742976	neutral"
"477017026352136192	positive"
"476796600883638273	positive"
"477155210943799296	negative"
"477178874867236864	neutral"
"477084167398649856	positive"
"477153844380860416	negative"
"477155464484904962	neutral"
"477112291008446464	positive"
"476601517735038976	positive"
"477199769098399745	positive"
"477143379135184896	neutral"
"477184429107204096	negative"
"477013468835770368	positive"
"477131927678234624	positive"
"477071388386152450	neutral"
"477112237489139712	neutral"
"477350602200973312	negative"
"477178889349775360	neutral"
"477180822865190912	neutral"
"476401195226259456	neutral"
"477181188226813953	positive"
"477033802112729089	neutral"
"477149746017353729	negative"
"477111481864306688	neutral"
"476049031593201664	neutral"
"477215244016959488	negative"
"477178524151738368	neutral"
"476590470726832128	positive"
"477153461524393984	neutral"
"476188528339324928	positive"
"477186475147014144	neutral"
"476093656454033409	neutral"
"477010595703963649	positive"
"477186412253417473	positive"
"476291441673900032	negative"
"476403211046486016	neutral"
"477154535874764801	negative"
"477181010350592001	neutral"
"476355680866422784	neutral"
"476045072098529280	neutral"
"477178523929825280	neutral"
"476796292035661825	positive"
"476080943162486784	positive"
"477182161917726720	neutral"
"477186754152509441	neutral"
"477046452632694784	neutral"
"477122938354036736	positive"
"477154928751038464	neutral"
"477202506519695360	positive"
"477181866685239298	positive"
"477385507924475904	negative"
"477190741626605568	negative"
"477154685078753280	negative"
"476457407296864258	neutral"
"477134159018590208	positive"
"477084532706131968	neutral"
"477182196726263809	positive"
"477181390849863681	negative"
"477082496589656064	neutral"
"477477558171086850	neutral"
"477181080551043072	positive"
"477178421919772672	positive"
"477083273085325312	positive"
"477178635330154496	neutral"
"477181116034453504	negative"
"477190755509747713	negative"
"477487104998801408	positive"
"477187216859758593	negative"
"477501013201387521	negative"
"477165645268668416	neutral"
"477417202271125504	neutral"
"477446109921427456	neutral"
"477111890259107840	negative"
"477353803709427712	neutral"
"477181820518535169	positive"
"477232031382777858	positive"
"477132809044107264	neutral"
"477035021438418944	neutral"
"477174238361972737	negative"
"477203105591742464	negative"
"477084372282392576	neutral"
"477154447056207872	negative"
"476830243865776128	negative"
"477181652032962560	negative"
"477485014800551936	negative"
"477202372452564992	neutral"
"476362797543350272	neutral"
"477203084184403969	positive"
"476454075337166848	neutral"
"477484216926474240	positive"
"477186430255366145	neutral"
"477154941971464193	positive"
"477153593997684736	neutral"
"477439649627910145	positive"
"477134402690875392	positive"
"477184287415222272	neutral"
"477153605896896512	positive"
"477186591895457792	positive"
"477493399067455489	neutral"
"476359519706943489	neutral"
"476054906995220480	positive"
"477202874871844866	positive"
"476405989587947520	positive"
"477123498075099137	positive"
"477165623781629953	positive"
"477060290308476928	neutral"
"477181978983145474	positive"
"477059969221537792	positive"
"477182268507578368	positive"
"477060016613384192	positive"
"476502863728746496	neutral"
"477112602095390720	positive"
"477154674529693696	negative"
"477486400938717184	negative"
"477013333070348288	positive"
"477213581423820800	neutral"
"477012756789338112	neutral"
"476413922766233600	negative"
"477502143159468032	positive"
"477181810536099841	neutral"
"477486887490187264	positive"
"477493421104300033	positive"
"477133819817230337	neutral"
"476059778355970048	negative"
"477181681158205441	positive"
"476293401923432450	positive"
"477384577179070464	positive"
"476416810427101184	positive"
"477500889201397760	neutral"
"477206495764160512	negative"
"477153924609478656	neutral"
"477158204775071744	positive"
"477438035714670592	positive"
"477032681432416256	positive"
"477155357748633600	neutral"
"477484299524923392	neutral"
"477202018260750336	negative"
"477213422229422080	neutral"
"477194814992441344	positive"
"477154864091627520	negative"
"477180536809472000	positive"
"476607206503489536	neutral"
"477060358302367745	positive"
"477101898320060416	positive"
"477477867094573056	negative"
"477178486654656513	neutral"
"477486816879054849	neutral"
"477187218339934208	positive"
"477493145962553344	neutral"
"476511573599854592	neutral"
"477501344257826816	neutral"
"477493336056819713	neutral"
"477134758267613185	positive"
"476665745544593408	neutral"
"477184388581441536	negative"
"477492705996451840	neutral"
"477479222844608513	neutral"
"476827349862731777	neutral"
"477154576508809216	negative"
"477149748336799744	positive"
"476824767040069632	neutral"
"477013253436891137	neutral"
"477486616466829314	positive"
"477503278515642369	positive"
"476085148455538689	positive"
"477384663045263361	negative"
"477114042922696704	positive"
"477058210462187521	positive"
"476082954448297984	neutral"
"477134143764312064	positive"
"477349861856411649	positive"
"477182205664321536	negative"
"477184452427534338	neutral"
"477492614300991489	positive"
"477182291970887680	positive"
"477479354130120704	neutral"
"476415018104553473	neutral"
"477501910618882048	neutral"
"477447488836624384	neutral"
"477082518920114176	positive"
"477153337801211904	negative"
"476090805128790016	negative"
"477143062947569664	neutral"
"477132925754814466	positive"
"477181920179019777	positive"
"477180947805126656	positive"
"477181598698184704	positive"
"477443936374366208	positive"
"477212542607962113	positive"
"477181051723612160	neutral"
"476831557869907969	positive"
"477202654381506561	positive"
"477501044700626944	positive"
"477445590989930496	positive"
"476057379512274945	positive"
"477112963841937408	positive"
"476408299462471680	positive"
"477502084208537600	positive"
"476410511526232066	neutral"
"477182050118959104	positive"
"477190307985903617	neutral"
"477202226742829056	negative"
"477415649715945472	neutral"
"476716795672293376	positive"
"477186973237784576	neutral"
"476408270970556416	positive"
"477010939531644928	positive"
"477202347400376320	negative"
"476091382377893889	neutral"
"477492737441542144	neutral"
"477503269992816640	positive"
"477194643558264832	negative"
"477190673725394945	neutral"
"477501347806195712	neutral"
"477143224289488899	positive"
"477155484802482176	negative"
"477133939958501377	positive"
"477190797322768384	neutral"
"477178784802566144	neutral"
"477178845746188288	neutral"
"476417072030027776	positive"
"477202485233213441	positive"
"477485331197861889	positive"
"477438329118793728	positive"
"477438831998689281	negative"
"477202389553147904	negative"
"477181601973932033	neutral"
"476404094941159425	positive"
"477182176321359872	positive"
"477442412533796864	positive"
"477409559330308096	positive"
"477465773993361408	neutral"
"477180298724003840	negative"
"477111944756084736	negative"
"477012658915655680	neutral"
"477132521852125184	neutral"
"477484774756339712	positive"
"476832018806751232	neutral"
"477478353725693952	positive"
"477149703944302593	neutral"
"477186428384714752	negative"
"477324607490244610	neutral"
"477014895515672577	neutral"
"477200366766133248	neutral"
"477447695729455104	neutral"
"477181848217735168	positive"
"477132044859080704	neutral"
"477182282529132545	positive"
"477484832197718016	neutral"
"477144263487012864	positive"
"477213446920871938	negative"
"477186779880390656	positive"
"477180361097478144	neutral"
"477154474159783937	neutral"
"477081701592469505	neutral"
"476606197249089536	neutral"
"477181849165639682	positive"
"477202695703777281	negative"
"477194787003850753	neutral"
"477133436314869762	positive"
"477031027366694912	neutral"
"477182249692332032	neutral"
"477486868385501185	neutral"
"477149625586315264	neutral"
"477486759098327041	positive"
"477202721087307776	neutral"
"477352658836017152	positive"
"477180402369433600	positive"
"477502073500884992	positive"
"477181822720540672	negative"
"477479273440509952	positive"
"477161819615027201	neutral"
"476071588228780032	neutral"
"477181029539524608	neutral"
"477182108210040832	neutral"
"477114552916516864	positive"
"477503155757137920	positive"
"477186373976199168	positive"
"477203126169001984	neutral"
"477178509958209538	neutral"
"477181806626611202	negative"
"477351032486244352	positive"
"477199602999783425	neutral"
"477013589933322242	positive"
"477202293524545536	negative"
"476063402633474048	neutral"
"477071524181315584	positive"
"477154354131398656	neutral"
"477153514636865536	negative"
"477180659749109760	neutral"
"477178629164511232	positive"
"476100188931915776	negative"
"477178415012139010	positive"
"476414486795272192	neutral"
"477501292814680064	positive"
"476355192452292608	neutral"
"477190656054423554	positive"
"477143900243890177	positive"
"477445231957139457	positive"
"477014827533996032	neutral"
"477501235982258177	positive"
"477134906586185729	negative"
"477202094806401026	positive"
"477493079180845057	positive"
"477014496423055361	positive"
"477057892286472192	neutral"
"477046235229351936	neutral"
"477353281183043585	neutral"
"477132657801699329	neutral"
"477230821179658240	neutral"
"477180505054789634	neutral"
"477325568086519808	negative"
"477169616557334528	neutral"
"476280953124704256	positive"
"477182045287092226	neutral"
"477479380956889090	neutral"
"477232323025317889	positive"
"477081759860129792	positive"
"477182346785857537	neutral"
"477181735700930561	positive"
"476088738133446656	neutral"
"476061753239805952	neutral"
"476280456090886144	neutral"
"477181824477958144	negative"
"477178410373242881	positive"
"477180228326785024	negative"
"477501223877103617	positive"
"477158202610442240	neutral"
"476074426711441408	neutral"
"477017218819977216	positive"
"477178754725195776	positive"
"477178539733553153	positive"
"476452544789508096	neutral"
"476404683133972480	neutral"
"477082684452528128	positive"
"476072572107640832	negative"
"477206585996234752	positive"
"477186663399960578	positive"
"477184224332484608	positive"
"477200198259593216	positive"
"477181124041388032	neutral"
"476456408343674880	neutral"
"477186559486087168	positive"
"476454050272411649	positive"
"476600474679115777	neutral"
"477485571020169216	positive"
"477154673191682049	negative"
"477447680533475328	neutral"
"477203084809367553	negative"
"476347847546531841	neutral"
"477208241974177792	neutral"
"477194176040558592	negative"
"477153983690059776	positive"
"477059336670552065	positive"
"477413028485267456	neutral"
"477213235704119296	positive"
"477181887178616834	negative"
"477465591876300802	neutral"
"477113214832893953	neutral"
"476660211382775808	neutral"
"477034806686253056	positive"
"477154131975487488	neutral"
"477186889661698050	neutral"
"477182390117609473	positive"
"477484414008451076	neutral"
"477208235884441601	positive"
"477208010092064768	positive"
"477153625228455937	neutral"
"476506677869809664	neutral"
"477174154203246593	neutral"
"477501438390992896	positive"
"477133380417368065	negative"
"477501710437322752	neutral"
"477142633911812096	neutral"
"477174089333747713	positive"
"476667101105913856	positive"
"476832303134834688	neutral"
"477202092071731200	positive"
"477436992314437632	neutral"
"477202487678484480	negative"
"477143174251442176	positive"
"477383021109456896	neutral"
"477355886835294208	positive"
"476360120750731264	positive"
"477502172020871168	positive"
"477182015561682947	negative"
"477180464424165376	positive"
"477182142091255808	negative"
"477180266520543234	neutral"
"477154338721521664	positive"
"477202302936555520	positive"
"477493215701270529	negative"
"477228275979534336	positive"
"477190395038683137	positive"
"477206528706244612	negative"
"477122722972307456	positive"
"477031585741811712	neutral"
"477180767861489664	negative"
"477213474255163395	neutral"
"477501682973036545	neutral"
"477190626019381248	neutral"
"477178789948952578	positive"
"476288073639014400	positive"
"476412495221891072	neutral"
"477477962820755456	negative"
"477200423476920320	neutral"
"477202886867582977	negative"
"477154932358123520	neutral"
"477186708853620738	neutral"
"477202616699478018	negative"
"477034299611697153	neutral"
"477479382597246976	neutral"
"477230544057798656	negative"
"477016276830019584	neutral"
"476824844219072514	neutral"
"477492663072337920	negative"
"477178358048911360	positive"
"477487146903678977	positive"
"477447594528878593	neutral"
"477032083760873472	neutral"
"476417076249501696	neutral"
"477215277742968832	positive"
"476060758783299584	negative"
"477058968934551552	neutral"
"476362980964069379	neutral"
"477158214505861120	negative"
"477178786795249664	positive"
"477182302586687489	positive"
"477213302326448128	neutral"
"477187115403329538	positive"
"477186793469534208	neutral"
"477202020001386497	negative"
"477387626228371457	neutral"
"477446711351062530	neutral"
"476660517897904128	positive"
"477082864907874307	neutral"
"477113383805001729	neutral"
"477181515411886080	positive"
"477203053850800128	negative"
"477134958474309632	neutral"
"477208091725799424	positive"
"477057111826771968	positive"
"477181230354407425	neutral"
"476716036314923008	neutral"
"477501302344122369	positive"
"477186491115139073	negative"
"477060691422355456	positive"
"477484629541146624	negative"
"477202681308520448	neutral"
"477501427691294720	neutral"
"477479261100457985	neutral"
"477186585281036288	neutral"
"476062123618205696	positive"
"477202233231040513	positive"
"477011126614757376	neutral"
"477010710925672448	positive"
"477155488472133632	neutral"
"477011693323952128	positive"
"477178538399760384	positive"
"476455481834487808	positive"
"476192441138032640	positive"
"477206522414379008	negative"
"477387684973793280	positive"
"477202066331283458	negative"
"477178622785363969	positive"
"477169726461050880	neutral"
"477446281569128450	positive"
"477085079861088257	negative"
"477154921637478401	neutral"
"477186381114904577	neutral"
"477181861806878721	neutral"
"477144098735140865	neutral"
"477465667935809536	positive"
"477199928574640128	neutral"
"477111657949589504	neutral"
"477181973950365697	negative"
"477202181095837696	negative"
"477182179701948416	positive"
"476666196759416833	negative"
"477479227802275841	positive"
"477503213995048960	negative"
"476099835754336256	neutral"
"477142698630332416	neutral"
"477202309697376257	negative"
"477187216922263552	positive"
"477158210550239232	negative"
"477178489284485120	neutral"
"477356729181962240	positive"
"477034807222730752	negative"
"477441436959653888	neutral"
"477178496381239297	neutral"
"477114981629296640	negative"
"477143070413045761	negative"
"477186765657104385	positive"
"477485989678432256	neutral"
"477186382566146050	positive"
"477082142619734017	neutral"
"477444057548193792	neutral"
"477178650207326208	positive"
"477215279601426432	neutral"
"477501728020254720	positive"
"477447835399766016	positive"
"477133156097998848	neutral"
"477194582279479296	negative"
"476361121587146753	positive"
"477445493245882368	negative"
"477492699021332480	positive"
"477187029764026368	positive"
"477084719050268672	neutral"
"477143940672811008	neutral"
"476068842699898881	positive"
"477102020726251524	positive"
"476718020392259584	neutral"
"477485834786967552	negative"
"477186969588756481	positive"
"476093999049342977	neutral"
"477485851132190722	positive"
"476096613698781184	neutral"
"477174373673996288	neutral"
"476096968481980416	positive"
"476453088287789056	negative"
"477206552823078912	neutral"
"477186399674712066	positive"
"477180590782173185	positive"
"477034714880962560	positive"
"477186760854618113	negative"
"477182398170693632	positive"
"476048603904212993	neutral"
"477182008410378241	negative"
"477186426514075648	positive"
"476091924357849088	neutral"
"477016346958770176	neutral"
"477057079631679488	positive"
"477213694137344005	neutral"
"477190511900766210	neutral"
"476063528336367618	negative"
"477228933784420354	positive"
"476045437665677314	positive"
"477144110491369472	negative"
"477181891515129857	positive"
"477114195159158785	neutral"
"477181263573704706	neutral"
"477414977234415616	neutral"
"477202052217860096	negative"
"477484995469402112	negative"
"476049648369410048	neutral"
"477110320084037632	positive"
"477206547622154241	positive"
"477181397795221504	neutral"
"477180324712308736	neutral"
"477186600657358848	positive"
"477178636173578240	negative"
"477444660538130432	neutral"
"477178640023564288	positive"
"476825331995656194	neutral"
"477153803771596800	negative"
"477161839839969280	neutral"
"477178570221969408	negative"
"477133804537401344	positive"
"477153886260969472	neutral"
"477084555242115072	neutral"
"477187097934438401	positive"
"477501683694833664	neutral"
"476457321480994817	neutral"
"477202061403361280	negative"
"477132190963097601	negative"
"476453868457705472	neutral"
"476713040281616384	neutral"
"477501868654870529	positive"
"477181853200551937	positive"
"477212628490539008	neutral"
"477153323590512640	positive"
"476601776758484993	neutral"
"477017101610123264	positive"
"477180732499308544	positive"
"477134050126483456	neutral"
"477113450385006592	positive"
"477186625508610048	positive"
"477032373922451456	negative"
"476095591156441090	positive"
"477071005094252545	neutral"
"476719395369398272	neutral"
"477181659955986433	neutral"
"477502691875115008	negative"
"477199745212223488	positive"
"477199867551686658	neutral"
"477202429113430016	negative"
"477202774799970304	positive"
"476601416707239936	positive"
"477165619784454145	positive"
"477487356006891520	negative"
"476354800888451072	positive"
"477486720561070081	neutral"
"477186804429246464	positive"
"477206591742435328	positive"
"477178530904539136	neutral"
"477180287718526976	positive"
"477186898570792960	positive"
"476063696137887744	neutral"
"477013757303201792	positive"
"477416228487573505	positive"
"477071342186278912	neutral"
"476458784387502080	positive"
"476068397252632576	positive"
"477187263949205504	positive"
"477213535500763136	negative"
"476826308777746434	positive"
"477181697910247424	positive"
"477501762723921921	positive"
"476082097204232194	negative"
"477478202781093888	neutral"
"476292726443753472	neutral"
"477502813900402688	neutral"
"477501354454577152	positive"
"477275888183037952	positive"
"477155079548829696	negative"
"476061537275490304	neutral"
"477478882493218816	positive"
"477501484150452224	positive"
"477113307883913217	positive"
"477153398270480384	neutral"
"477387604019904512	positive"
"477154605022076928	neutral"
"476796074611707905	negative"
"477154640640098304	negative"
"477182388553138176	negative"
"476830711895166977	positive"
"476357797966524416	positive"
"477186995496562688	neutral"
"477502348571717632	positive"
"477187276410478592	positive"
"477464721684451329	neutral"
"477184244272201729	neutral"
"477215328519589888	positive"
"477182105571434497	negative"
"477184475793989632	negative"
"477202413053427712	positive"
"477443106766196736	neutral"
"477180899948507136	positive"
"477484171242131456	negative"
"476795417808891904	positive"
"476590544928264192	positive"
"477180217446772737	positive"
"477181973895843840	negative"
"477442623850815490	negative"
"477200094874198016	neutral"
"477181843926970370	negative"
"477180996291690499	positive"
"477187215903449089	negative"
"477174187782447104	positive"
"477154019635249153	positive"
"477149624520540160	neutral"
"477199930713337856	negative"
"477158252312928256	negative"
"477174414438453250	positive"
"477010923845349376	neutral"
"477155344335261696	negative"
"476052140276719618	negative"
"477384014399942657	positive"
"477180943925800960	neutral"
"476453231367704577	neutral"
"476408487841251328	positive"
"477387287509344256	neutral"
"477181178403778560	positive"
"477501973689032704	neutral"
"477503294680862720	positive"
"477323744114114560	positive"
"477202896275390465	neutral"
"477200486068547584	negative"
"477010772506460160	positive"
"477486426427514880	positive"
"477182352406237184	negative"
"477485646626320385	positive"
"476514549068476416	positive"
"477182071577014272	positive"
"477208166862970881	neutral"
"477437350385963008	neutral"
"477154989803315202	positive"
"477385712677830656	positive"
"477501860027596800	positive"
"477501516647890944	negative"
"476061406501298176	positive"
"476074667011100673	positive"
"477031837756567552	positive"
"477478991788400640	positive"
"477181761282404352	neutral"
"477072993957707776	negative"
"477438753972027392	neutral"
"477213643113652224	neutral"
"477180893438566401	neutral"
"477180931929677826	negative"
"476758946972454912	positive"
"477276038964060162	positive"
"477181944967356417	positive"
"477181058840940544	neutral"
"477181927967842305	negative"
"477034617237565440	neutral"
"477153735701839872	neutral"
"477477557030252544	positive"
"477182398577512449	positive"
"477465081374973952	neutral"
"476795471571451904	neutral"
"477184261553127424	neutral"
"477058218657841152	neutral"
"477464701803053056	neutral"
"477477829269929985	neutral"
"477113549480013825	negative"
"477212854832340992	neutral"
"477155380040957952	positive"
"477181244069793792	positive"
"476823284663980032	positive"
"477479126995984384	positive"
"477165981023088640	neutral"
"477411072568082432	positive"
"477202011008823297	positive"
"477180454614081536	positive"
"477484545244413952	neutral"
"477169709981638656	positive"
"477180976338960384	neutral"
"477058125410095105	negative"
"477190567429169152	negative"
"477178468673654784	neutral"
"476715987346411520	positive"
"477382745853673472	positive"
"476066725868617729	neutral"
"477190448247611392	negative"
"477182234001027072	negative"
"477208102790373376	negative"
"477443014127009792	neutral"
"477478763756658688	neutral"
"476713375200591872	neutral"
"477484498783719424	neutral"
"477182237465915392	positive"
"477154319662190592	negative"
"477082351592161282	neutral"
"477170008242790400	neutral"
"476189342046507009	neutral"
"477155405240762368	neutral"
"477186411485863938	positive"
"477032664461889536	positive"
"477181973254123520	positive"
"477180930604662784	neutral"
"477186827493728256	positive"
"477214360251944960	negative"
"477503245662060544	negative"
"477182208625897472	positive"
"477438433020088320	positive"
"477501650110672896	neutral"
"476663250248273920	positive"
"477501762299887616	positive"
"477122593409867776	neutral"
"477012465327161344	negative"
"477178460201582592	positive"
"477208005243834368	neutral"
"477015622627639296	positive"
"476358242675994624	neutral"
"477409224784220161	neutral"
"477184184037822464	negative"
"477143796988530688	negative"
"477181292937609216	positive"
"477206503120568320	positive"
"477186634669363200	negative"
"477215246164447232	neutral"
"477182397662765057	negative"
"477182397662765056	negative"
"477180676790157312	positive"
"476363586089263104	neutral"
"477501028833964032	negative"
"477186639610257409	positive"
"477142845694803968	positive"
"477203108893048832	positive"
"477487132907290625	neutral"
"477133944836849664	positive"
"477178454941519872	positive"
"477182012315295746	negative"
"477186377642020864	positive"
"477060060502560769	positive"
"477186566876434432	neutral"
"477186369844805632	neutral"
"477448770292965377	neutral"
"477478961228677120	neutral"
"477194342122397696	positive"
"480108206622928896	negative"
"480035050126606337	neutral"
"479697227557142529	negative"
"481174906508689409	neutral"
"477534624059379712	negative"
"477179567942012929	negative"
"477178618016038913	positive"
"477498505682898946	positive"
"480030797492400130	negative"
"479349279317041154	negative"
"480860533843689474	negative"
"479730804499955712	negative"
"477207076910161920	positive"
"477158125188186113	positive"
"477534574411804672	negative"
"478592073239908352	negative"
"480833610472120321	negative"
"477554781867630593	negative"
"478261503728959489	negative"
"476146307737071616	neutral"
"478634639381508096	negative"
"480859343089192960	positive"
"477493061321494528	neutral"
"479702769151254528	positive"
"480861193121169408	negative"
"478573412072574976	positive"
"477179150730403841	neutral"
"477499838792491008	negative"
"480040645399425024	negative"
"480437237403095040	negative"
"477495247271129088	positive"
"477943975132028928	negative"
"477553764023672833	negative"
"477201145471856641	positive"
"481174081740763136	positive"
"480045020326948864	negative"
"477111321385639936	negative"
"480435430861438977	negative"
"480821160800956417	positive"
"481499288091246593	negative"
"481178564134703105	negative"
"479706693119397888	negative"
"478720021162917889	positive"
"480029068830597121	negative"
"477180420929253377	positive"
"477554261988216833	negative"
"477201160190050305	negative"
"479716831192961024	negative"
"480115368862973952	negative"
"477365652995719168	negative"
"477181451805261824	negative"
"480442584012034048	positive"
"477915103011307520	negative"
"476071711184805888	negative"
"477178915614519297	neutral"
"480110155128795137	negative"
"479349565477253120	negative"
"480443827094683648	positive"
"479027830471536640	negative"
"478258729000116224	positive"
"479729675678539776	positive"
"477494305829830656	negative"
"479007170097209344	negative"
"476806369887010816	negative"
"479310564356030465	negative"
"478591586734202880	negative"
"477942715477676032	negative"
"477549295403401216	positive"
"477333174989893632	negative"
"477178869175582721	negative"
"477944628604588032	positive"
"480858553432174593	negative"
"477845295783772160	negative"
"477382601728999425	negative"
"480141142835470336	positive"
"477549326454255616	negative"
"477362063409291265	negative"
"479694838636769280	negative"
"477590261988458496	positive"
"478257889518571520	negative"
"480015179967512577	positive"
"477582585690738688	positive"
"479006525671755776	neutral"
"477199265711001600	negative"
"479711704260292608	negative"
"477963262227918849	negative"
"477157907491209216	negative"
"477356381088280576	negative"
"481498608781389824	negative"
"477200489944449025	neutral"
"477593918087766017	negative"
"481499044179873792	positive"
"481499024319873024	negative"
"479729978771529729	negative"
"477537266449932289	positive"
"478719234394951680	positive"
"479716817519525888	positive"
"481182188235653120	positive"
"481499447294443522	negative"
"480020758002159616	positive"
"479973802454310912	negative"
"480120568201482240	negative"
"478592452182286336	positive"
"478308210588545024	negative"
"479970435694858240	neutral"
"477179961569054720	negative"
"480860449143926784	positive"
"480100003734908928	neutral"
"480861734492991488	positive"
"479310458650779649	negative"
"480861341297557505	negative"
"477181145520406528	negative"
"479710188019392512	negative"
"477113083337641984	neutral"
"481498666092740608	neutral"
"476191505573355520	positive"
"477553877399920640	negative"
"479729761007468544	positive"
"477157364999925761	negative"
"477554381567827969	positive"
"478250236247539712	negative"
"479029110770241536	neutral"
"479731684238430208	negative"
"480109800571666432	negative"
"478573514383847424	negative"
"480426141963276289	negative"
"477158363739193344	negative"
"477554244317618176	negative"
"478256898475831296	positive"
"478570692800438272	positive"
"480858245276237824	positive"
"481186993167400960	negative"
"477914988657799169	negative"
"478713855565381633	positive"
"477372971078541313	negative"
"478639131334295552	negative"
"481184098929479680	negative"
"477178940239273984	negative"
"477379577808183296	negative"
"476146169769234433	negative"
"477158287235112962	negative"
"481176664274391040	negative"
"480097402813022209	positive"
"479458196507996161	negative"
"477178586726928386	positive"
"476110402670301184	negative"
"479703026622816256	positive"
"477117158485680128	negative"
"480132195244191744	negative"
"480444484711231489	negative"
"477198997460094976	negative"
"479348894837796864	positive"
"476804148290392064	negative"
"480861058790211584	neutral"
"476183998922637313	negative"
"477200671045738497	positive"
"477108949947543552	negative"
"480015919872507904	negative"
"477207087391711233	positive"
"479705248479465472	positive"
"480857091305771008	negative"
"477538128329457665	positive"
"478260285112066049	positive"
"479701445168869376	negative"
"478297714820911105	negative"
"480817778136715264	positive"
"476048469371523073	neutral"
"480440145918054400	positive"
"477549275149135872	negative"
"480031963554660354	negative"
"480438128981725186	negative"
"478566812914024448	negative"
"480029926439940097	negative"
"480858046373965824	positive"
"477401696197279744	neutral"
"477180715499782144	neutral"
"477553945980993537	negative"
"478590415700901888	positive"
"478256520073732096	negative"
"479709140324204544	positive"
"477181977721065473	negative"
"477206720318410752	positive"
"478974571916173312	positive"
"480586080191016960	negative"
"479708318551003136	negative"
"480431281747267584	neutral"
"477943177996152832	negative"
"477589571631194112	negative"
"480437865676308480	negative"
"478664423125835776	negative"
"477178818566709248	positive"
"477493612306259968	negative"
"481479121844060161	neutral"
"480858703101693952	negative"
"477389111741796352	negative"
"476080521491931137	neutral"
"480822008025214977	positive"
"479730992102785024	negative"
"479710401769119744	positive"
"477201153952722944	negative"
"477181329168429057	negative"
"477554176156004352	neutral"
"479007274770632705	negative"
"477116963819626497	positive"
"480435073515126784	negative"
"479729723795599360	negative"
"477943405222187008	negative"
"477354472968966144	positive"
"479950941840752640	neutral"
"479024989103214592	positive"
"478757841851797504	positive"
"481174760202973184	negative"
"480040416771706882	negative"
"477206869384372226	negative"
"477181030261350400	negative"
"480098198267396096	positive"
"480857695281369089	positive"
"477943814494384128	negative"
"477943117346127872	positive"
"477177978053742592	positive"
"477497650896715776	negative"
"477942442222579713	positive"
"477493953793499136	positive"
"480583857750941696	neutral"
"477207456137756672	negative"
"480120831394058240	neutral"
"477554053011222529	negative"
"478250575247966209	positive"
"480858122810978306	positive"
"477538063132786688	negative"
"479731363000877056	positive"
"477554024871632896	positive"
"480860729948766209	negative"
"479457791422521344	positive"
"480044225531486208	negative"
"477179451525308416	negative"
"478573379692527616	neutral"
"477554164625858560	negative"
"477182626898268160	negative"
"480112573002829824	negative"
"477346532052987904	negative"
"480116169945260032	negative"
"480029818365673472	negative"
"478061385059168256	positive"
"480523493562667008	neutral"
"480832836765638657	neutral"
"480861532838842368	negative"
"480433717005918209	negative"
"480435628124172288	negative"
"480116852941533184	positive"
"479995594455670785	negative"
"477844989259436033	negative"
"479730557933592576	negative"
"480032845927567361	negative"
"480047130636070912	negative"
"480136500311359489	positive"
"480861349073793024	negative"
"478251324661071872	positive"
"478591623371456512	negative"
"477178083062321153	positive"
"477495345350713344	negative"
"478592359215546369	positive"
"479706088062083072	positive"
"477114968538894336	negative"
"477157643891802113	negative"
"477554383199019008	negative"
"477181879008112640	positive"
"479697098791608320	negative"
"477595354850799616	neutral"
"480422711043162112	negative"
"480175888118476800	negative"
"477157685218263040	negative"
"477340203648966657	neutral"
"477201068447645697	negative"
"477963168036421632	negative"
"477941880047427585	negative"
"477588979441606656	negative"
"480160592532357120	positive"
"480111768371359744	negative"
"478261178976985089	negative"
"477553808659468289	negative"
"480039502694473729	negative"
"480046333626445825	negative"
"478305871727190017	neutral"
"479952898013405184	negative"
"477963045550194688	negative"
"477207023566983168	positive"
"480416520128839680	negative"
"477112341876985856	negative"
"479349366160101376	positive"
"478674935184101377	neutral"
"478752226937421824	positive"
"477110567048859648	positive"
"479348939389669376	negative"
"476134090484502528	negative"
"480860458274930691	negative"
"477370290054246400	negative"
"480431703568437248	positive"
"477553882638610432	negative"
"479708434330578944	positive"
"477492469991751680	negative"
"481186226347581440	negative"
"478262235580858368	negative"
"481174605978415105	positive"
"478700203323977728	negative"
"481177233428475906	positive"
"477179627610595328	negative"
"481498283375067136	negative"
"477200170757529601	positive"
"478672845711896576	negative"
"480647320137400320	negative"
"481183462188400641	negative"
"480029392459268096	negative"
"477583686758440960	negative"
"477914743110660096	negative"
"477943264289382401	positive"
"480044186037940224	negative"
"477915341574901760	negative"
"477179939859734528	negative"
"477549232044642304	negative"
"481174835301990400	negative"
"476156889407836160	neutral"
"479732786774163456	negative"
"481500178898485248	negative"
"479933391035711488	negative"
"478701589025128448	negative"
"478311580363673601	negative"
"479712752911810560	negative"
"479729649350885376	neutral"
"477337418610507776	negative"
"479729839306731521	negative"
"478674433347842048	positive"
"477498413547024384	neutral"
"480130812201816066	negative"
"479479872859799552	negative"
"479697225594179584	positive"
"477110406377635842	neutral"
"477942564926935041	negative"
"478306225298616320	negative"
"477158360593481729	negative"
"480034708278243328	neutral"
"477158398254129152	negative"
"477178645912363009	negative"
"481173879541342208	positive"
"477588205256994816	negative"
"480536452925632512	neutral"
"477594729337454592	negative"
"477583429383372800	negative"
"477178075630022656	negative"
"480032980161658885	negative"
"479697041149689856	negative"
"480110207138533378	positive"
"479005544556941312	positive"
"478723059931553794	negative"
"477554009369100288	negative"
"479708136493051904	positive"
"479917890104475649	negative"
"477942446438227968	neutral"
"479349531868659713	negative"
"480832180500045824	positive"
"479030322898956290	negative"
"477383455106269185	negative"
"480858140863627265	positive"
"477158289479069696	negative"
"478298181453623296	positive"
"477157904487682048	negative"
"476065555917864960	positive"
"477157718760124416	negative"
"479730034815430656	negative"
"480832627620843522	positive"
"478250331814789121	neutral"
"479032668706074624	negative"
"480046670542278656	negative"
"479014289370791936	negative"
"477356225190182912	negative"
"476793887840043008	positive"
"479714866518061057	negative"
"479349693601046528	negative"
"480105747955847168	negative"
"478726202429935616	neutral"
"479016691108966400	negative"
"479708999651454976	negative"
"481178461688844288	negative"
"480548496714764288	neutral"
"477181487465660417	negative"
"477178069216940033	positive"
"478785382356910080	positive"
"480828240391835649	negative"
"477843064313368576	positive"
"477549261195075584	positive"
"477157818412593152	negative"
"480443205616676864	positive"
"481174071686995970	neutral"
"478592287950528512	positive"
"481014476230373376	neutral"
"479711807733760000	negative"
"477201030997094401	negative"
"479310326630854658	negative"
"478261705492140032	negative"
"477179004269899776	neutral"
"477336000587644928	negative"
"480569868064796672	negative"
"478253247799754752	negative"
"477846752004169728	neutral"
"480533382216941568	negative"
"480117432733155329	negative"
"477199229845508097	neutral"
"478567583935774721	positive"
"477178081065459712	negative"
"479717246361952257	negative"
"479710171057631232	negative"
"480438861055934465	negative"
"480977810618474496	neutral"
"478261239605628928	negative"
"480831120553304065	negative"
"477538165595455488	neutral"
"478571032044122112	positive"
"481499177458081792	negative"
"477942592005734400	negative"
"477182091160195074	neutral"
"480645067234103297	negative"
"479710039196700673	negative"
"480979448158638080	neutral"
"478305310185381888	negative"
"480175145391521792	neutral"
"481497909419315200	negative"
"478975116433698817	positive"
"479716579773788161	negative"
"477201183363592193	negative"
"480861007485890560	negative"
"479966026663075840	negative"
"480857969525927937	negative"
"477158017184858112	positive"
"479299563103485952	positive"
"477496035712204800	negative"
"477537438252793856	negative"
"480445381541498880	positive"
"479349813075791873	neutral"
"481000665481633793	neutral"
"480426047771398144	positive"
"479944764234928128	negative"
"477207451134353408	neutral"
"477157777325174786	negative"
"477549166374432769	negative"
"479305303247171585	positive"
"479909745965666304	neutral"
"479714574284111872	negative"
"476107581622992897	negative"
"477182070909710337	negative"
"476085895712743424	positive"
"477549201875025920	neutral"
"480045046595874816	negative"
"479025536706949120	positive"
"478261238527709184	negative"
"480600977607651328	negative"
"477182847426781184	negative"
"479348664381734912	negative"
"479708025469796353	positive"
"478674734737924096	positive"
"478574004714737664	neutral"
"479692009075376128	positive"
"479979498067070976	negative"
"478974104196759552	positive"
"478974998187872256	negative"
"481498161668980736	negative"
"479301154321346560	positive"
"477201189810208768	negative"
"478259943636611073	negative"
"477915500518055936	negative"
"479349659492556800	negative"
"477492662996840449	negative"
"480046822027558912	negative"
"481499174807273472	negative"
"477182471545442305	negative"
"477554734539501568	positive"
"477942948546752512	negative"
"477206603070849024	negative"
"477182865675780096	negative"
"477157508314697728	positive"
"480433188578529280	negative"
"477963124315025409	negative"
"477178804319051776	negative"
"477844401407143936	positive"
"478672195431174144	positive"
"477537436437053441	negative"
"478718363657449473	negative"
"479732228227080192	positive"
"479022725722550272	negative"
"478258839884955648	negative"
"479349570988949504	positive"
"480858000887148544	negative"
"479028798151987201	positive"
"479308359603335168	negative"
"480861553395523584	negative"
"479732657690275840	negative"
"480103008160587776	positive"
"480007557520441344	positive"
"477199054145720321	positive"
"480858501325938688	negative"
"477344183926022145	negative"
"480047061325590528	negative"
"478307738003709952	negative"
"479498999935037440	negative"
"477113559911235584	positive"
"477181994917707777	positive"
"481499933762404352	positive"
"477179046431055872	negative"
"477367631914467328	negative"
"477206745882710016	negative"
"477496057308667905	negative"
"480438797956837376	positive"
"479310475235061761	negative"
"479303454754488320	negative"
"477158478059163649	negative"
"480437237377941505	negative"
"477182217429725185	negative"
"480046236897005568	neutral"
"478664374241202176	negative"
"477116268634701825	positive"
"478720304622338049	negative"
"479729985708896256	positive"
"477554604687646721	negative"
"480032830643134467	positive"
"480861539969544192	positive"
"476142740431196160	neutral"
"477179216266809345	positive"
"480436096812466176	positive"
"478702823727984640	negative"
"478719570673278977	positive"
"477588775220957185	negative"
"477180602358067202	negative"
"481500857243299840	negative"
"477848374071136257	negative"
"477158085384241152	positive"
"480423862094811136	positive"
"477206627381026816	negative"
"477206822852362241	negative"
"477493696628555777	negative"
"480120707183947776	negative"
"480024106516377600	positive"
"477852278821761024	neutral"
"480861593073647617	positive"
"479023136500109312	negative"
"477944746678444032	negative"
"477914873066565632	positive"
"476072451760476160	positive"
"477943404949942272	positive"
"480832871222235138	negative"
"478590343001038848	negative"
"479305709599731712	neutral"
"478297911001108480	negative"
"477496198341738496	negative"
"481177613281808384	positive"
"479006264265936896	neutral"
"478057663809744897	neutral"
"478570834324639744	negative"
"481497893333762049	negative"
"480046117724639233	negative"
"477944397557137409	negative"
"477847004953849859	positive"
"479731995459977218	negative"
"477110762495016960	positive"
"478788685916557312	negative"
"477554493719326720	negative"
"477158228741345280	negative"
"481177418104049665	negative"
"476066227383971840	negative"
"481172592061980673	neutral"
"479706524785582080	negative"
"480831896537288707	positive"
"480861607653036032	negative"
"477181968929787904	negative"
"480129074870755329	neutral"
"478672166402416640	positive"
"480859547561902080	positive"
"479918253234331648	negative"
"476826371457839104	negative"
"477553968168448002	positive"
"478675766981705728	negative"
"477554084871155713	positive"
"477385215405342720	positive"
"481499036525281280	positive"
"479020943805669377	neutral"
"480415868195975168	negative"
"477592486433415168	positive"
"480857456046645248	negative"
"478755513740427264	negative"
"480423882495918081	negative"
"477182694032297985	positive"
"480647529026297857	positive"
"479306167668473856	negative"
"478590547448176640	negative"
"479946436394876929	negative"
"480860659794448384	negative"
"477182288783224832	positive"
"480861448734650368	positive"
"476117546987700225	negative"
"480971875972296704	negative"
"480432469532237824	negative"
"477182091663130625	negative"
"480046237320626177	negative"
"477589391347838976	positive"
"479479961414533120	positive"
"481181574722256896	negative"
"477554010048966656	negative"
"478572069924667392	negative"
"478813628200935425	positive"
"480035459699970049	negative"
"479729862455070720	negative"
"479947052336427008	negative"
"478590820438663168	negative"
"477943549376225280	negative"
"480442843992162305	negative"
"479036242294620160	negative"
"480829481058172928	neutral"
"478591839478751233	negative"
"477549266278170624	negative"
"476108145962385410	positive"
"477200080672669696	positive"
"480834210618683394	negative"
"479698741390483456	neutral"
"478568631215718403	negative"
"477181102873149440	negative"
"479304680955072512	neutral"
"480047000755646464	positive"
"477180976624201728	positive"
"481186204948635649	negative"
"478261959457275905	negative"
"477537105095438336	positive"
"477182316591448065	negative"
"479483803304738817	negative"
"479367581447782402	negative"
"478576068761509888	neutral"
"480046078507483137	negative"
"480433041689812992	neutral"
"477200849018830850	positive"
"477554148456411136	negative"
"478307437905473536	negative"
"480981462024331265	neutral"
"477537237345632256	positive"
"479008120471961601	positive"
"477536428587364352	negative"
"481477650217979904	positive"
"480443706001326081	negative"
"478672948149354496	positive"
"480429012968538112	positive"
"480018614410821633	neutral"
"477554018789515265	negative"
"480825980123365377	negative"
"481499791679967233	negative"
"477549090889539584	negative"
"477110566054412289	negative"
"481498350877827073	negative"
"477200545850343424	positive"
"477553637842247682	negative"
"479696380232212480	positive"
"480857825157988354	negative"
"481004206451863552	neutral"
"477554975535820800	neutral"
"479704034048499713	negative"
"480128275566854144	negative"
"479007508288110592	negative"
"477182782985482240	negative"
"477181893902102528	neutral"
"477182926744858624	negative"
"480042872734236672	negative"
"480859076297895936	positive"
"478300316882837504	negative"
"480046253737541632	negative"
"480030002251980801	negative"
"477392923425005568	neutral"
"477206979320885249	negative"
"477595295308460032	positive"
"480025304757309441	negative"
"480033806116986881	negative"
"479305377700257792	negative"
"477354524227551233	negative"
"477394214859579392	negative"
"477355675203694592	negative"
"476092651494993920	negative"
"481178853730033664	neutral"
"481500017174544384	negative"
"479708439825096704	negative"
"480829787271741440	negative"
"478297590686302208	negative"
"481498777472471040	negative"
"481500093217271809	negative"
"479932002767208448	positive"
"480424278123220992	negative"
"477554973161844736	negative"
"477179457300475904	negative"
"479301040798330880	positive"
"476123072102408193	positive"
"477198941701038080	neutral"
"480861489365258240	negative"
"479709119625306113	negative"
"480832069862694912	positive"
"478259467834765312	positive"
"477206624386678784	negative"
"478706799407681536	negative"
"479308589321175040	negative"
"480818858467418112	positive"
"478307571556966400	negative"
"478706367243362304	positive"
"476801202400010241	negative"
"480045757349642240	negative"
"478710798299459585	positive"
"479493777497653248	negative"
"477553609300017152	positive"
"477356308019294208	negative"
"480037892426043392	positive"
"477402182510444544	negative"
"478248823203332097	negative"
"481172369466482688	negative"
"476097366131748864	neutral"
"478303160981651456	negative"
"479009020578381825	positive"
"478775704771760129	positive"
"480978508194148353	negative"
"480047437395283970	positive"
"478769839373574145	positive"
"480825080063070209	neutral"
"481176272647630850	positive"
"477943610059800576	negative"
"479025721739059200	neutral"
"479698647563522048	positive"
"480010715487408128	negative"
"480831421553336322	negative"
"481498585302040576	negative"
"477496799708856320	negative"
"477181697994539008	negative"
"480029777492185088	positive"
"477182515073921026	negative"
"477177234516897793	negative"
"477535145281716224	positive"
"480861661335535617	neutral"
"481497968990621697	negative"
"480861627236241408	negative"
"481499847808540672	negative"
"477158277160390656	negative"
"480102110013706240	negative"
"477944715678318593	negative"
"477177510082252800	positive"
"480861663956963328	negative"
"480444652810940416	negative"
"480030011496595456	negative"
"476814968999149570	negative"
"481184108672872449	negative"
"477178003013636096	negative"
"480860256197935104	positive"
"478254988699774976	positive"
"480442609358626816	negative"
"480818029086134272	negative"
"478673706080665600	negative"
"477179323749634049	positive"
"477943123780575232	negative"
"481476939442847744	negative"
"480858313148465152	positive"
"477157971626323968	negative"
"481173015888408576	negative"
"480989571853717505	negative"
"479349155278897152	negative"
"478635372696453120	negative"
"480861152835305472	positive"
"479915501934874624	neutral"
"480046324272738304	neutral"
"480859551621603330	positive"
"477181633401864192	negative"
"479706359416774658	neutral"
"477549325355323394	positive"
"479495288390811648	negative"
"479707694182694912	negative"
"480044752981991425	neutral"
"478258762596093952	negative"
"478592289577508864	positive"
"481178592307445760	negative"
"481500188516024320	negative"
"479710461441482752	negative"
"477537050011643905	positive"
"479716120161947648	negative"
"481479177283977216	negative"
"480520646351286273	positive"
"480859091695202304	neutral"
"481499675229704192	negative"
"477200793423323136	negative"
"480828865355718656	positive"
"477158355619041280	negative"
"477158403174043651	negative"
"477537824510459904	positive"
"477182293107159040	neutral"
"476047070294704128	negative"
"477177621022015488	negative"
"479730519882878977	negative"
"478303581104119808	positive"
"478729676329078784	negative"
"479701431667396608	negative"
"480037061898932224	neutral"
"477594155645169664	positive"
"477914262778957824	neutral"
"477178815349665792	positive"
"477943917993025536	negative"
"477181805691301889	positive"
"479303352430252033	neutral"
"479303553186811904	positive"
"477177625082077185	neutral"
"480861346720788480	negative"
"477549150452457472	negative"
"478568197189156866	negative"
"476150876453625857	negative"
"477157584399384576	negative"
"478591375924273154	positive"
"478299804020117506	negative"
"479349351983349761	negative"
"481019620737187840	negative"
"477199809569247234	negative"
"480858165320220672	positive"
"477178169527504896	positive"
"477158324212084736	positive"
"477554603123548160	negative"
"479700380142817280	positive"
"478309666708279296	positive"
"478973249502846976	positive"
"479699731564605440	negative"
"480857454922563584	neutral"
"479349178150432771	positive"
"480441144153624576	negative"
"480029301144698882	negative"
"480153921345036288	negative"
"480047511361822720	negative"
"477942517124853760	negative"
"477592466820825088	neutral"
"480859608676720640	positive"
"476053710226071552	neutral"
"478726862693089280	positive"
"479303101430894592	positive"
"477591135804592128	neutral"
"479303903201083392	negative"
"477497784648478720	negative"
"480823803690643456	positive"
"480443694105894912	negative"
"481007826341756929	negative"
"477178967552573440	positive"
"477157580926902272	negative"
"478664411322667008	negative"
"477914706242732032	negative"
"477943882718937088	positive"
"478776864777850880	positive"
"481174198455640064	positive"
"479705141701255168	negative"
"477549030437044224	positive"
"477554802675970048	negative"
"477182032884539392	positive"
"477157666528456704	negative"
"480825022165307393	positive"
"480826045575491584	negative"
"476802269619302400	neutral"
"477114094383009792	negative"
"478258589589839872	negative"
"477845350498054144	negative"
"477179659944476673	negative"
"477157237631504385	negative"
"477355430554120193	negative"
"479349336472424448	negative"
"480860649548169216	negative"
"477182421943586816	positive"
"477554547305762816	negative"
"477181839266697216	negative"
"479714245169643521	negative"
"478298501626204161	negative"
"480861734283251713	positive"
"477158330763587584	negative"
"480117461313138688	positive"
"478675002242658306	negative"
"480444491082760193	positive"
"478308476532563968	neutral"
"477549162293374976	positive"
"476152704835010561	negative"
"481498337149861888	negative"
"479729921137602561	negative"
"477157936645824512	negative"
"480639155085406209	negative"
"480832042427367424	negative"
"477914454563512321	negative"
"479705131731410944	negative"
"477554931000684544	negative"
"481499781534318592	negative"
"478302561343397890	negative"
"480041692830388224	negative"
"478570344241184770	negative"
"479705417774149632	negative"
"481176685526925312	negative"
"478780589697687552	neutral"
"477553418459152385	negative"
"477534558897053696	negative"
"477941950621167617	negative"
"479713117124165632	negative"
"479349455066370048	negative"
"477206829337174016	positive"
"477852086630367232	positive"
"477405209631932417	positive"
"479711655094665216	negative"
"481180667381039104	negative"
"479906100096299008	negative"
"480022332120240128	negative"
"477206722835415041	positive"
"479349135527919616	negative"
"477177888735641603	negative"
"479707689980022784	negative"
"481182157701132288	positive"
"480029044512395264	negative"
"480014906574766080	neutral"
"476125263068418048	positive"
"477553536147161088	negative"
"478570707207847936	negative"
"477553502122950656	negative"
"478255505442611200	positive"
"477177386526445568	positive"
"479716904672985089	negative"
"478636139369492480	negative"
"478300365692362752	negative"
"480010777026658304	neutral"
"479697274365571072	positive"
"477554198414782464	negative"
"479713220383752192	negative"
"480047401190051840	negative"
"477178338096578560	positive"
"477501139642884096	negative"
"478576167725707264	positive"
"481499032821321728	positive"
"480858658733965313	neutral"
"480832487506313216	negative"
"479349683299442689	negative"
"479705288510291968	negative"
"479731439651786752	negative"
"478664237586579457	negative"
"477492533283389440	negative"
"477182049703718912	negative"
"479021555595624448	negative"
"477177880615845888	negative"
"478253806766288896	negative"
"477549307185598465	positive"
"477538104233168896	negative"
"478592387447787521	negative"
"477554609888956416	positive"
"477845255203483648	negative"
"479715576055873537	positive"
"481182186360430592	negative"
"480613172714680320	neutral"
"477963056174333952	positive"
"481499181345828864	negative"
"477157977489956864	negative"
"477181458306437120	positive"
"476123585543950336	negative"
"477394805756928001	positive"
"480015400055623680	positive"
"477111251437232129	negative"
"479367812998529024	positive"
"480825108085235712	positive"
"477833369888124930	negative"
"478728848066883584	negative"
"480537715696758784	negative"
"480553799271337984	positive"
"479033550822727680	neutral"
"477494764632547328	positive"
"477181752801525761	negative"
"480115972984938496	negative"
"477500929760325632	negative"
"477181962411446272	negative"
"479695154379759616	negative"
"478255833919143936	negative"
"479710167530229761	negative"
"480127344422572032	negative"
"479707610888044544	negative"
"480861573301669888	positive"
"477943120613871617	negative"
"477849542726254592	positive"
"478297509606203392	negative"
"480861510554484736	negative"
"477182241953808384	negative"
"480858119380021249	positive"
"480040182054678528	negative"
"480127301502636032	negative"
"477340728322842625	positive"
"479301201641480192	negative"
"480437677502636032	positive"
"481174093254115328	negative"
"480040226442981376	positive"
"477386556710588416	positive"
"477181869335646209	neutral"
"481500350240018432	negative"
"480861552929959936	negative"
"480858310598742017	negative"
"479488435452129280	neutral"
"481498339972620288	negative"
"480445378081599489	positive"
"479730037500149760	negative"
"477594984125054976	negative"
"480987525482168320	negative"
"480831978330406912	negative"
"476813861346344960	neutral"
"477958876940480512	positive"
"477185119133118464	positive"
"477544199911272448	positive"
"477542266764939264	neutral"
"479003712640548864	positive"
"477935541002850304	neutral"
"477027870942830592	neutral"
"477945428827439105	neutral"
"477580298964992000	positive"
"477201822226972672	negative"
"477549849760788480	positive"
"477536888627421184	positive"
"477539776443457536	positive"
"478684963475177473	positive"
"477549459841503233	positive"
"478686140149407744	neutral"
"477543826241126401	positive"
"477207795813478400	positive"
"477864968193601536	negative"
"477762374011998208	positive"
"477505144498569216	negative"
"477508366466433026	positive"
"477553165940711424	positive"
"477224967223144448	negative"
"477959266608091136	positive"
"477863665484300288	positive"
"477868824377970689	positive"
"477580246259359744	positive"
"477869123805147136	positive"
"476050520181059585	negative"
"477537454216740867	positive"
"477458731387482114	positive"
"477553533894815745	positive"
"477463208387944448	neutral"
"477581965722656768	positive"
"477549972879982593	negative"
"477504506910224384	positive"
"477534296769843200	positive"
"478614124071751681	positive"
"476789664494682112	positive"
"478569626566012929	positive"
"478209630989205504	positive"
"477501517667131392	positive"
"477454711059382272	neutral"
"477960671590895616	positive"
"477933376175738880	positive"
"477179029154709505	positive"
"478687711256408064	positive"
"478226880823177216	neutral"
"477943744428126208	neutral"
"477502033587499008	positive"
"476324753159229441	positive"
"477635650741473282	neutral"
"477363092779982848	negative"
"478992674092220417	positive"
"477904465291661312	positive"
"477466968342028289	negative"
"477076617169080320	neutral"
"478971860164804608	positive"
"477029775077150720	neutral"
"478828360601440256	positive"
"478014454060154880	positive"
"477549110019358720	negative"
"476495038122590209	neutral"
"477957318559408128	positive"
"477549184556732416	negative"
"477540377340444672	positive"
"477020306478219265	neutral"
"478380853685268481	neutral"
"477509760536027137	positive"
"478611245579255808	positive"
"477537550177808385	positive"
"476063135174889472	positive"
"477154624773042176	positive"
"478686271955410944	positive"
"478226189052805120	neutral"
"477036303465598976	negative"
"477032044476649472	neutral"
"477943698261827585	positive"
"479003839929286657	neutral"
"477580268069720065	positive"
"477106848445652992	negative"
"478221655152791553	positive"
"478314343554371584	negative"
"477509353457852416	positive"
"478198839761854464	positive"
"477207755321643009	positive"
"476513451628453888	neutral"
"477225311512178691	neutral"
"476464843474878464	neutral"
"477041372210278400	positive"
"478602923807875073	positive"
"478261606091354112	negative"
"478968263917850624	negative"
"477153241294454784	negative"
"478992396072415233	positive"
"478211218608386048	positive"
"478612270462029824	neutral"
"477174687907463168	positive"
"477154095850348544	neutral"
"477033252734369792	positive"
"478934384867676161	positive"
"477958517676965888	positive"
"477016529314148353	positive"
"478995033442373633	positive"
"478968519015804928	neutral"
"478990201608351744	negative"
"477540022099640320	positive"
"478963633125617664	negative"
"478223332228472832	positive"
"478359054616518656	positive"
"477537590003105792	positive"
"477208244922744832	neutral"
"477153258256203776	positive"
"477580748510085121	positive"
"477461444359753730	neutral"
"477184082695421952	positive"
"477944618727006208	positive"
"477492633485737984	negative"
"478685879137886208	positive"
"478962583836172289	negative"
"477506921000222721	negative"
"477191110474084353	neutral"
"477458898547253248	positive"
"478382708066754560	neutral"
"478066024877940737	positive"
"477183704217829376	negative"
"477132160780865537	positive"
"477191267244195841	positive"
"478930114873270272	positive"
"478969650558926848	positive"
"477537767040512001	positive"
"477202036467826689	positive"
"477584206286303232	positive"
"477160205390983169	positive"
"477509913187348480	negative"
"477454496792977409	positive"
"477201917030838272	negative"
"477537206999842816	negative"
"478645542915149824	positive"
"478262267411447808	negative"
"477137348975534080	positive"
"477499974993723392	positive"
"478996457941237761	neutral"
"477917269977075712	positive"
"476512811757993984	neutral"
"478233104008491009	positive"
"478686425949274113	neutral"
"477582031212535808	positive"
"477552706463485952	positive"
"477185079077507073	positive"
"477467767461801984	positive"
"477871700126609408	positive"
"476702778635870208	neutral"
"478684654279487490	positive"
"477533968452296704	negative"
"478599534881570816	negative"
"477553474280759297	positive"
"478685693066366976	positive"
"477561783935574018	negative"
"477160626310369281	positive"
"477553907544367105	negative"
"478686603506753536	positive"
"477039829403058176	positive"
"478361672046755840	positive"
"478971002597027840	neutral"
"477867184002457600	neutral"
"477244476427993089	positive"
"477917404841132032	positive"
"478396845652463616	positive"
"477017753560576001	positive"
"478582768452898816	negative"
"477959026605830144	positive"
"477492857960275968	positive"
"477201747505455105	positive"
"476790833069707264	positive"
"477018360010387457	positive"
"477945511203573760	positive"
"477033556620103680	positive"
"478989613168857088	positive"
"478687692176510977	positive"
"477550046293278720	positive"
"477871165948825600	positive"
"478309619371376640	positive"
"478645627350687744	positive"
"477162487608274944	neutral"
"478014904746934273	negative"
"477037238833135616	positive"
"476485022439198720	positive"
"477159971826958336	positive"
"477544193280049152	positive"
"476489001713426433	neutral"
"477161602090016768	neutral"
"477031789522063362	neutral"
"478684579323478016	positive"
"478992966812708865	neutral"
"478990496128589824	positive"
"477162888210046976	positive"
"478687914478419968	positive"
"477960448923697152	neutral"
"477201805286584320	negative"
"477539829979549696	positive"
"478522379799638016	neutral"
"478062253498204160	positive"
"477511276852416512	positive"
"478700782314090496	positive"
"477502014872907777	positive"
"477543112219168768	positive"
"478683699123212288	positive"
"477944268531572736	positive"
"477161838321225728	positive"
"477933647207866369	positive"
"478313780351234048	negative"
"477585563269472256	positive"
"478569921065283584	negative"
"477543872680054784	positive"
"478259429385969664	positive"
"477537433857564675	positive"
"477964880306532353	negative"
"477502536962699265	positive"
"478233208077557760	negative"
"478971764056555520	neutral"
"478582652040413184	positive"
"476791386117644289	positive"
"478227264099090432	negative"
"477160114454274050	positive"
"477357454872018944	negative"
"477541256038334464	positive"
"476054219951443968	positive"
"478687194325217280	positive"
"478992629305442304	positive"
"477510079521226752	positive"
"478233685880471553	positive"
"478196004320079872	neutral"
"478685710997020672	positive"
"477350129209311232	positive"
"477019731510059008	negative"
"477502461976928256	neutral"
"477543909942628352	neutral"
"477103605485686784	negative"
"477584984736555008	neutral"
"478685421048582144	positive"
"477870774460510209	positive"
"477543821933154304	positive"
"477160167201452032	positive"
"477028517838745601	positive"
"477163448753983489	positive"
"478607904166395906	positive"
"478308007798124545	positive"
"478373935994904576	positive"
"477537319571193857	positive"
"477917847037829120	negative"
"476047686496710657	negative"
"477943869968244736	positive"
"477160999250690048	neutral"
"478520846755954688	neutral"
"477207956455321602	negative"
"477539917140987905	neutral"
"477154418081939456	positive"
"478196211439386624	negative"
"477583315126726656	positive"
"477163615838289920	positive"
"478612591506251777	positive"
"476791996456370176	positive"
"477153482257227776	negative"
"476487362743373825	positive"
"477154611766525952	positive"
"477014430375755776	positive"
"478570443465838592	negative"
"477505596275818496	positive"
"476052820589039616	positive"
"477207767627755520	negative"
"476051535714324481	positive"
"478686596581974016	negative"
"478992423432237056	positive"
"477932886071324672	positive"
"479003814918639616	positive"
"477552956095471616	negative"
"478347806659600384	neutral"
"478222061593448448	positive"
"477578622157324288	positive"
"478233814444277762	positive"
"477539885931167744	positive"
"477134894007861248	positive"
"478010959915528192	positive"
"476486929983086592	positive"
"477544009758281728	positive"
"477936125836021761	neutral"
"477946108828991488	positive"
"477162723068088320	positive"
"477137691017244672	positive"
"477917399744655361	positive"
"477160209291292672	neutral"
"477944902383591424	positive"
"477501278864412673	positive"
"477208139419226112	negative"
"477535309165756416	negative"
"477540117628735488	neutral"
"477537553508487169	positive"
"476487612417724416	negative"
"476508260015804416	positive"
"478233213434073088	positive"
"477918048565739520	neutral"
"477134406780723203	positive"
"477207980547383298	positive"
"478987814617776129	positive"
"477154590652395520	positive"
"476329642220351489	positive"
"477541435076792322	positive"
"478378491457847296	positive"
"477154623040790528	positive"
"478685591760957440	positive"
"478233503092727808	positive"
"478221090930819073	positive"
"476044249931448320	neutral"
"477580433321132033	neutral"
"477869186602242048	positive"
"477542676712423425	positive"
"477244773820940288	negative"
"477917119183851520	positive"
"478930010095771648	positive"
"477350730806726656	neutral"
"477536808432320512	positive"
"477935533742915584	positive"
"477160056799375360	positive"
"478522527975612416	negative"
"477201818573742080	positive"
"477468521237344257	positive"
"477506420175142912	positive"
"477544005392424962	positive"
"476490524980158464	neutral"
"477160812734214144	positive"
"477202040964120577	negative"
"477502001534603264	positive"
"477191072897310721	positive"
"477131351314145280	positive"
"478196736209727488	positive"
"477943690078334976	positive"
"477933112933224448	positive"
"478687639676006400	positive"
"477447333542498307	positive"
"477531039057731584	positive"
"477543505561391104	positive"
"477540814311026688	positive"
"478606300470059010	positive"
"478699806085238785	positive"
"478685520285810689	positive"
"478600039426572288	neutral"
"478972273089839105	positive"
"478826770888929280	positive"
"478606615919464448	neutral"
"478223419654549505	positive"
"477160644102209536	neutral"
"477560928456933376	positive"
"477183791052517376	positive"
"477225884466683904	positive"
"478966591242002432	neutral"
"477242491209412610	positive"
"477130929111306240	negative"
"477944288555593728	positive"
"477153983468167168	positive"
"478570574021935107	neutral"
"478987882393522178	positive"
"477537432746082304	positive"
"477162343953367041	negative"
"478215436798922752	positive"
"477362662465359872	negative"
"477933565620289536	positive"
"478219947215421440	neutral"
"478582816456704001	positive"
"478686392227098624	neutral"
"477027475730337792	neutral"
"477543925771935744	positive"
"477535645976764416	positive"
"477137902061617152	positive"
"477917241988501504	positive"
"477019850339262465	positive"
"478571106769465344	positive"
"477499465985957888	neutral"
"477453343103545346	positive"
"477541150098997249	positive"
"477932694123577345	positive"
"477162927653273601	positive"
"478971784201392128	positive"
"477509447657734144	positive"
"478684863793360896	positive"
"477153326933762050	positive"
"477464907877994498	positive"
"477014286586216448	neutral"
"478661893306195969	positive"
"478608667676127233	negative"
"477532688979853312	negative"
"478989041300688896	positive"
"477163862207512576	positive"
"478233064280440834	negative"
"478973942758379520	positive"
"477031550618705920	neutral"
"477917137735266304	neutral"
"478612534682189824	positive"
"478687877115547650	positive"
"477506204315312129	positive"
"477529918314536960	neutral"
"477945631663992832	positive"
"477863603979440128	neutral"
"477018756741222400	positive"
"477207841107759104	positive"
"478684864955559936	positive"
"477236522798694400	neutral"
"477207618251784193	positive"
"477202120702058496	positive"
"477495967835762688	neutral"
"477903521409298433	positive"
"477207953066708992	neutral"
"477633259967619073	neutral"
"477022941243539456	positive"
"477136088826257408	positive"
"478261698982207488	positive"
"478205303465320448	positive"
"477506061080219648	negative"
"478386602062794752	positive"
"477540445833424896	positive"
"477154755719208961	neutral"
"477533177586933760	positive"
"477583695701114880	neutral"
"478060164927348737	neutral"
"478233780948598785	positive"
"478683464439697408	positive"
"477945850841554944	negative"
"477511534915366912	positive"
"477917380967165952	positive"
"478599707837468672	positive"
"478971960072732673	neutral"
"477161363354042368	positive"
"477583429320835073	positive"
"478661531698098176	neutral"
"477029002855870465	neutral"
"477540122372472832	positive"
"478233445450412032	positive"
"477162034589863937	neutral"
"477934768391487488	positive"
"477535711017463808	positive"
"477936063345078273	positive"
"477532752452263936	positive"
"477936074191536128	positive"
"478083111356727297	positive"
"477162628108668928	positive"
"477459080676913152	neutral"
"476052636048056320	positive"
"477469217868894208	neutral"
"477025506492436480	positive"
"477207982988853248	positive"
"477553457575251968	neutral"
"478389412389466112	positive"
"477537123852365824	positive"
"476468760623480832	neutral"
"476062336093265920	neutral"
"477588814492233728	negative"
"477105305549946881	neutral"
"477499375799644162	positive"
"477239042942054400	positive"
"477532808366555137	positive"
"477105500556115969	negative"
"476486097640628225	neutral"
"477359378203693056	positive"
"477504042655313920	positive"
"478928427576492032	neutral"
"478233565889851392	positive"
"477137547332550656	positive"
"477582042562301952	positive"
"478995728484663296	negative"
"478375325890801664	positive"
"477537511401873409	negative"
"477236499134418944	neutral"
"477495664146804737	neutral"
"477207964571279360	positive"
"477933694850969600	negative"
"478970943360876544	positive"
"477509550585556993	neutral"
"478993129719463938	positive"
"477504158682320896	positive"
"478031332220874752	positive"
"477026184891744256	positive"
"477550077784129539	neutral"
"477530553890004992	positive"
"478374228329103360	positive"
"477447778658828290	neutral"
"477495670681530368	neutral"
"477542237342285826	negative"
"476509733071761408	neutral"
"477160728806555648	negative"
"478699598270050305	positive"
"477871899456712706	positive"
"476701773768699904	positive"
"478700118623797248	positive"
"476497993332715522	negative"
"477184307245899776	neutral"
"477132214237290497	positive"
"477135160996282369	positive"
"477473357886017537	positive"
"477945720583258113	positive"
"477958876940480512	positive"
"477185119133118464	positive"
"477544199911272448	positive"
"477542266764939264	neutral"
"479003712640548864	positive"
"477935541002850304	positive"
"477027870942830592	positive"
"477945428827439105	negative"
"477580298964992000	positive"
"477201822226972672	negative"
"477549849760788480	positive"
"477536888627421184	positive"
"477539776443457536	positive"
"478684963475177473	positive"
"477549459841503233	positive"
"478686140149407744	neutral"
"477543826241126401	positive"
"477207795813478400	positive"
"477864968193601536	neutral"
"477762374011998208	positive"
"477505144498569216	negative"
"477508366466433026	positive"
"477553165940711424	neutral"
"477224967223144448	negative"
"477959266608091136	neutral"
"477863665484300288	positive"
"477868824377970689	neutral"
"477580246259359744	positive"
"477869123805147136	positive"
"476050520181059585	positive"
"477537454216740867	positive"
"477458731387482114	positive"
"477553533894815745	positive"
"477463208387944448	positive"
"477581965722656768	positive"
"477549972879982593	neutral"
"477504506910224384	positive"
"477534296769843200	positive"
"478614124071751681	negative"
"476789664494682112	positive"
"478569626566012929	positive"
"478209630989205504	positive"
"477501517667131392	positive"
"477454711059382272	neutral"
"477960671590895616	positive"
"477933376175738880	positive"
"477179029154709505	positive"
"478687711256408064	positive"
"478226880823177216	negative"
"477943744428126208	neutral"
"477502033587499008	positive"
"476324753159229441	neutral"
"477635650741473282	neutral"
"477363092779982848	positive"
"478992674092220417	positive"
"477904465291661312	positive"
"477466968342028289	positive"
"477076617169080320	positive"
"478971860164804608	positive"
"477029775077150720	positive"
"478828360601440256	positive"
"478014454060154880	positive"
"477549110019358720	negative"
"476495038122590209	negative"
"477957318559408128	neutral"
"477549184556732416	positive"
"477540377340444672	positive"
"477020306478219265	positive"
"478380853685268481	neutral"
"477509760536027137	positive"
"478611245579255808	positive"
"477537550177808385	positive"
"476063135174889472	positive"
"477154624773042176	positive"
"478686271955410944	neutral"
"478226189052805120	neutral"
"477036303465598976	positive"
"477032044476649472	positive"
"477943698261827585	positive"
"479003839929286657	negative"
"477580268069720065	positive"
"477106848445652992	negative"
"478221655152791553	positive"
"478314343554371584	neutral"
"477509353457852416	positive"
"478198839761854464	positive"
"477207755321643009	positive"
"476513451628453888	positive"
"477225311512178691	positive"
"476464843474878464	positive"
"477041372210278400	positive"
"478602923807875073	positive"
"478261606091354112	negative"
"478968263917850624	positive"
"477153241294454784	negative"
"478992396072415233	positive"
"478211218608386048	positive"
"478612270462029824	negative"
"477174687907463168	positive"
"477154095850348544	neutral"
"477033252734369792	positive"
"478934384867676161	positive"
"477958517676965888	positive"
"477016529314148353	positive"
"478995033442373633	positive"
"478968519015804928	positive"
"478990201608351744	negative"
"477540022099640320	positive"
"478963633125617664	positive"
"478223332228472832	positive"
"478359054616518656	positive"
"477537590003105792	positive"
"477208244922744832	neutral"
"477153258256203776	negative"
"477580748510085121	positive"
"477461444359753730	positive"
"477184082695421952	negative"
"477944618727006208	positive"
"477492633485737984	negative"
"478685879137886208	positive"
"478962583836172289	negative"
"477506921000222721	negative"
"477191110474084353	positive"
"477458898547253248	positive"
"478382708066754560	positive"
"478066024877940737	neutral"
"477183704217829376	negative"
"477132160780865537	positive"
"477191267244195841	positive"
"478930114873270272	negative"
"478969650558926848	positive"
"477537767040512001	positive"
"477202036467826689	positive"
"477584206286303232	positive"
"477160205390983169	positive"
"477509913187348480	neutral"
"477454496792977409	negative"
"477201917030838272	negative"
"477537206999842816	negative"
"478645542915149824	positive"
"478262267411447808	negative"
"477137348975534080	positive"
"477499974993723392	negative"
"478996457941237761	neutral"
"477917269977075712	positive"
"476512811757993984	neutral"
"478233104008491009	positive"
"478686425949274113	neutral"
"477582031212535808	negative"
"477552706463485952	positive"
"477185079077507073	neutral"
"477467767461801984	positive"
"477871700126609408	positive"
"476702778635870208	neutral"
"478684654279487490	positive"
"477533968452296704	positive"
"478599534881570816	negative"
"477553474280759297	positive"
"478685693066366976	positive"
"477561783935574018	negative"
"477160626310369281	positive"
"477553907544367105	negative"
"478686603506753536	neutral"
"477039829403058176	positive"
"478361672046755840	positive"
"478971002597027840	positive"
"477867184002457600	positive"
"477244476427993089	positive"
"477917404841132032	positive"
"478396845652463616	positive"
"477017753560576001	positive"
"478582768452898816	neutral"
"477959026605830144	positive"
"477492857960275968	neutral"
"477201747505455105	positive"
"476790833069707264	positive"
"477018360010387457	positive"
"477945511203573760	positive"
"477033556620103680	positive"
"478989613168857088	negative"
"478687692176510977	positive"
"477550046293278720	positive"
"477871165948825600	positive"
"478309619371376640	neutral"
"478645627350687744	positive"
"477162487608274944	negative"
"478014904746934273	positive"
"477037238833135616	positive"
"476485022439198720	positive"
"477159971826958336	positive"
"477544193280049152	positive"
"476489001713426433	negative"
"477161602090016768	neutral"
"477031789522063362	positive"
"478684579323478016	positive"
"478992966812708865	positive"
"478990496128589824	positive"
"477162888210046976	positive"
"478687914478419968	positive"
"477960448923697152	negative"
"477201805286584320	negative"
"477539829979549696	positive"
"478522379799638016	neutral"
"478062253498204160	positive"
"477511276852416512	positive"
"478700782314090496	positive"
"477502014872907777	positive"
"477543112219168768	positive"
"478683699123212288	positive"
"477944268531572736	positive"
"477161838321225728	positive"
"477933647207866369	positive"
"478313780351234048	negative"
"477585563269472256	positive"
"478569921065283584	negative"
"477543872680054784	positive"
"478259429385969664	positive"
"477537433857564675	positive"
"477964880306532353	positive"
"477502536962699265	negative"
"478233208077557760	negative"
"478971764056555520	positive"
"478582652040413184	positive"
"476791386117644289	neutral"
"478227264099090432	negative"
"477160114454274050	neutral"
"477357454872018944	negative"
"477541256038334464	positive"
"476054219951443968	positive"
"478687194325217280	positive"
"478992629305442304	negative"
"477510079521226752	positive"
"478233685880471553	positive"
"478196004320079872	positive"
"478685710997020672	positive"
"477350129209311232	positive"
"477019731510059008	positive"
"477502461976928256	neutral"
"477543909942628352	positive"
"477103605485686784	neutral"
"477584984736555008	positive"
"478685421048582144	positive"
"477870774460510209	positive"
"477543821933154304	positive"
"477160167201452032	positive"
"477028517838745601	positive"
"477163448753983489	positive"
"478607904166395906	positive"
"478308007798124545	positive"
"478373935994904576	positive"
"477537319571193857	positive"
"477917847037829120	negative"
"476047686496710657	neutral"
"477943869968244736	positive"
"477160999250690048	negative"
"478520846755954688	neutral"
"477207956455321602	negative"
"477539917140987905	positive"
"477154418081939456	neutral"
"478196211439386624	negative"
"477583315126726656	positive"
"477163615838289920	positive"
"478612591506251777	neutral"
"476791996456370176	neutral"
"477153482257227776	negative"
"476487362743373825	positive"
"477154611766525952	positive"
"477014430375755776	positive"
"478570443465838592	neutral"
"477505596275818496	neutral"
"476052820589039616	positive"
"477207767627755520	neutral"
"476051535714324481	positive"
"478686596581974016	positive"
"478992423432237056	positive"
"477932886071324672	positive"
"479003814918639616	positive"
"477552956095471616	neutral"
"478347806659600384	positive"
"478222061593448448	positive"
"477578622157324288	negative"
"478233814444277762	positive"
"477539885931167744	positive"
"477134894007861248	positive"
"478010959915528192	positive"
"476486929983086592	neutral"
"477544009758281728	positive"
"477936125836021761	neutral"
"477946108828991488	neutral"
"477162723068088320	positive"
"477137691017244672	negative"
"477917399744655361	positive"
"477160209291292672	neutral"
"477944902383591424	positive"
"477501278864412673	positive"
"477208139419226112	negative"
"477535309165756416	negative"
"477540117628735488	positive"
"477537553508487169	positive"
"476487612417724416	negative"
"476508260015804416	positive"
"478233213434073088	positive"
"477918048565739520	neutral"
"477134406780723203	positive"
"477207980547383298	positive"
"478987814617776129	positive"
"477154590652395520	neutral"
"476329642220351489	positive"
"477541435076792322	positive"
"478378491457847296	positive"
"477154623040790528	neutral"
"478685591760957440	positive"
"478233503092727808	positive"
"478221090930819073	positive"
"476044249931448320	neutral"
"477580433321132033	positive"
"477869186602242048	neutral"
"477542676712423425	positive"
"477244773820940288	negative"
"477917119183851520	negative"
"478930010095771648	neutral"
"477350730806726656	positive"
"477536808432320512	positive"
"477935533742915584	positive"
"477160056799375360	positive"
"478522527975612416	positive"
"477201818573742080	positive"
"477468521237344257	positive"
"477506420175142912	positive"
"477544005392424962	positive"
"476490524980158464	neutral"
"477160812734214144	negative"
"477202040964120577	neutral"
"477502001534603264	neutral"
"477191072897310721	positive"
"477131351314145280	positive"
"478196736209727488	neutral"
"477943690078334976	positive"
"477933112933224448	positive"
"478687639676006400	positive"
"477447333542498307	neutral"
"477531039057731584	positive"
"477543505561391104	positive"
"477540814311026688	positive"
"478606300470059010	positive"
"478699806085238785	positive"
"478685520285810689	negative"
"478600039426572288	positive"
"478972273089839105	positive"
"478826770888929280	positive"
"478606615919464448	positive"
"478223419654549505	positive"
"477160644102209536	positive"
"477560928456933376	positive"
"477183791052517376	neutral"
"477225884466683904	positive"
"478966591242002432	positive"
"477242491209412610	positive"
"477130929111306240	negative"
"477944288555593728	positive"
"477153983468167168	positive"
"478570574021935107	neutral"
"478987882393522178	neutral"
"477537432746082304	positive"
"477162343953367041	negative"
"478215436798922752	positive"
"477362662465359872	neutral"
"477933565620289536	positive"
"478219947215421440	positive"
"478582816456704001	negative"
"478686392227098624	positive"
"477027475730337792	positive"
"477543925771935744	positive"
"477535645976764416	positive"
"477137902061617152	positive"
"477917241988501504	positive"
"477019850339262465	positive"
"478571106769465344	neutral"
"477499465985957888	neutral"
"477453343103545346	positive"
"477541150098997249	neutral"
"477932694123577345	positive"
"477162927653273601	positive"
"478971784201392128	positive"
"477509447657734144	positive"
"478684863793360896	positive"
"477153326933762050	positive"
"477464907877994498	neutral"
"477014286586216448	neutral"
"478661893306195969	positive"
"478608667676127233	negative"
"477532688979853312	neutral"
"478989041300688896	positive"
"477163862207512576	positive"
"478233064280440834	positive"
"478973942758379520	positive"
"477031550618705920	positive"
"477917137735266304	negative"
"478612534682189824	positive"
"478687877115547650	positive"
"477506204315312129	positive"
"477529918314536960	positive"
"477945631663992832	positive"
"477863603979440128	neutral"
"477018756741222400	positive"
"477207841107759104	neutral"
"478684864955559936	positive"
"477236522798694400	neutral"
"477207618251784193	positive"
"477202120702058496	positive"
"477495967835762688	positive"
"477903521409298433	neutral"
"477207953066708992	neutral"
"477633259967619073	positive"
"477022941243539456	positive"
"477136088826257408	positive"
"478261698982207488	neutral"
"478205303465320448	positive"
"477506061080219648	negative"
"478386602062794752	positive"
"477540445833424896	positive"
"477154755719208961	positive"
"477533177586933760	positive"
"477583695701114880	neutral"
"478060164927348737	positive"
"478233780948598785	positive"
"478683464439697408	positive"
"477945850841554944	positive"
"477511534915366912	positive"
"477917380967165952	positive"
"478599707837468672	positive"
"478971960072732673	neutral"
"477161363354042368	positive"
"477583429320835073	positive"
"478661531698098176	neutral"
"477029002855870465	positive"
"477540122372472832	positive"
"478233445450412032	positive"
"477162034589863937	neutral"
"477934768391487488	positive"
"477535711017463808	neutral"
"477936063345078273	positive"
"477532752452263936	positive"
"477936074191536128	positive"
"478083111356727297	positive"
"477162628108668928	neutral"
"477459080676913152	neutral"
"476052636048056320	positive"
"477469217868894208	neutral"
"477025506492436480	positive"
"477207982988853248	positive"
"477553457575251968	neutral"
"478389412389466112	positive"
"477537123852365824	neutral"
"476468760623480832	positive"
"476062336093265920	positive"
"477588814492233728	negative"
"477105305549946881	neutral"
"477499375799644162	positive"
"477239042942054400	positive"
"477532808366555137	positive"
"477105500556115969	negative"
"476486097640628225	neutral"
"477359378203693056	negative"
"477504042655313920	positive"
"478928427576492032	positive"
"478233565889851392	positive"
"477137547332550656	neutral"
"477582042562301952	positive"
"478995728484663296	negative"
"478375325890801664	positive"
"477537511401873409	negative"
"477236499134418944	neutral"
"477495664146804737	neutral"
"477207964571279360	positive"
"477933694850969600	positive"
"478970943360876544	positive"
"477509550585556993	neutral"
"478993129719463938	positive"
"477504158682320896	positive"
"478031332220874752	positive"
"477026184891744256	neutral"
"477550077784129539	neutral"
"477530553890004992	positive"
"478374228329103360	positive"
"477447778658828290	neutral"
"477495670681530368	positive"
"477542237342285826	neutral"
"476509733071761408	neutral"
"477160728806555648	negative"
"478699598270050305	positive"
"477871899456712706	positive"
"476701773768699904	positive"
"478700118623797248	positive"
"476497993332715522	negative"
"477184307245899776	neutral"
"477132214237290497	neutral"
"477135160996282369	positive"
"477473357886017537	positive"
"477945720583258113	positive"
"477169955339632640	positive"
"477102289358815232	neutral"
"477182031726526467	negative"
"477182269044432897	positive"
"477436787741052928	neutral"
"477486719898759168	positive"
"477182047388442625	positive"
"477180525644238848	negative"
"477113951273373697	positive"
"477190563461337088	neutral"
"477182048772567040	positive"
"477413533752102912	negative"
"477059771795644417	neutral"
"476603702460301312	neutral"
"477154447173640192	negative"
"477501721355509760	negative"
"477174040118165506	positive"
"477154820722143232	positive"
"476663274898206720	negative"
"476661447498670080	neutral"
"477085019463483392	neutral"
"477178518900862977	negative"
"477214224943702016	neutral"
"477165768577392640	neutral"
"477181295512915968	positive"
"476605025095909376	positive"
"477153399621046272	positive"
"477113051540627457	positive"
"477486879164481537	neutral"
"477084192099270656	positive"
"477083321185222657	positive"
"477181332561215488	neutral"
"477131960104796160	neutral"
"477153956452646913	negative"
"476830487580012544	positive"
"477154384845893633	neutral"
"477184060750843904	positive"
"477199720759439360	negative"
"477165971740712961	neutral"
"477479358622232576	positive"
"477194183569338368	neutral"
"477484940117155841	neutral"
"477186671981518848	positive"
"477384663791448065	positive"
"477114722269921280	negative"
"477186734242144256	positive"
"476090035205586944	neutral"
"477133395000975360	negative"
"477109929535610880	positive"
"476047547199655938	positive"
"477170024114057216	positive"
"477011721429983232	negative"
"477181908271763456	negative"
"477412733093441536	neutral"
"477275969573490688	negative"
"477181739664539649	positive"
"477034461155323904	neutral"
"477486485659467776	negative"
"477154363115593728	positive"
"477182242880372737	neutral"
"477083156525244417	positive"
"477178709732884480	negative"
"477014900473335808	positive"
"477158196952317953	neutral"
"477180671379533824	positive"
"477202557387800576	negative"
"477010412874256384	positive"
"477492642280775683	positive"
"477154394602225664	positive"
"477178869716238336	neutral"
"477161307880566784	neutral"
"477031463876325376	positive"
"477158269711306753	neutral"
"477208152832618497	negative"
"477181790541873153	negative"
"477186416578138113	positive"
"477202073768181760	negative"
"476080545437585408	negative"
"476057666377105411	neutral"
"477072275276304385	positive"
"477161889256841216	positive"
"477352019003330560	positive"
"477013889713197056	positive"
"477101842011533312	neutral"
"477186617334308865	positive"
"477502926277980160	positive"
"477206519797530624	positive"
"477478166328770561	positive"
"476359386600722432	neutral"
"477083099176923136	neutral"
"476046633025556480	positive"
"476087722923528193	neutral"
"477178765903028225	positive"
"477012946967482368	positive"
"477154933368954881	neutral"
"477161546028564480	positive"
"476082753243332609	positive"
"477439079127068672	neutral"
"477180878289113088	positive"
"477015171991232512	positive"
"477213787343581184	positive"
"477182180171735041	negative"
"476287412021501952	neutral"
"476456395978850304	positive"
"477178655605784577	positive"
"477203010423369728	positive"
"477190668238856192	neutral"
"477440718546300929	neutral"
"477133431856709632	negative"
"477113454420303872	negative"
"477134798293852160	neutral"
"477200571661692928	neutral"
"477182347314339841	neutral"
"477190897721823232	neutral"
"477057863601631232	positive"
"477016669823709185	neutral"
"477154976536330240	positive"
"477186874205675521	neutral"
"477487304999964672	negative"
"477060012506767361	neutral"
"476357879122112512	neutral"
"477114091228921856	positive"
"477415992357027840	neutral"
"477009887944519680	neutral"
"476191087459958785	neutral"
"476796025915867136	positive"
"477194099036917760	neutral"
"477186718647328768	positive"
"477200311895879680	negative"
"477180560607956992	neutral"
"477356348242264064	positive"
"477181743544283136	negative"
"477484151788945409	neutral"
"477182162702458880	positive"
"477412994461487104	positive"
"477181351196917760	neutral"
"477155505623019520	positive"
"477199616903888896	neutral"
"476512329383694336	negative"
"477153731805339648	neutral"
"477386269849575424	neutral"
"477112013215514624	positive"
"477502034661240832	neutral"
"477187014836908034	neutral"
"477182129097297920	neutral"
"477186442716672000	positive"
"477111010399363072	neutral"
"477178609749467138	negative"
"476063512415178752	neutral"
"477154979988635649	positive"
"476758593174126592	negative"
"476358933045841920	neutral"
"477165939583377408	positive"
"477178556959567873	positive"
"477033000879001600	neutral"
"477132839457390592	positive"
"477060903792562176	neutral"
"477034857164722176	positive"
"476822723575152642	positive"
"477134240220319744	negative"
"477274352467996673	neutral"
"477355941252186113	neutral"
"477484554585116672	negative"
"477438247145324544	neutral"
"477411239749222400	neutral"
"477200234565488640	negative"
"477200006710321152	negative"
"477324187288076288	positive"
"477155061169410048	neutral"
"477178636949540864	positive"
"477180347235323904	neutral"
"477478878609293313	positive"
"476066985391161344	negative"
"477436926958387200	positive"
"477178392031559680	positive"
"477143756420812800	neutral"
"477011888358686721	neutral"
"477501396757913600	positive"
"477180228453040129	neutral"
"477181459133120512	positive"
"476828846109765632	neutral"
"477503432463376384	positive"
"476077097711308800	positive"
"476713016457953280	negative"
"477202048564215809	neutral"
"476068830452932608	positive"
"477502686833942528	negative"
"477180805471825920	neutral"
"477202183931584512	negative"
"477184330117414912	neutral"
"477190787277787137	positive"
"477409742625587201	negative"
"476100146825281536	neutral"
"477181960402370560	positive"
"477484227655524353	negative"
"477214617748271104	neutral"
"477493055789211648	neutral"
"477437300440174593	positive"
"477071238742171648	neutral"
"477181315901452288	negative"
"476830916200108032	positive"
"477071022013706240	positive"
"477417899770925056	neutral"
"477187022419791873	neutral"
"477200104814698498	negative"
"477169617077809152	neutral"
"477200393534210048	positive"
"477200307579940864	negative"
"477186538863095810	positive"
"476079543900704768	positive"
"477502445799870464	negative"
"477410200400703488	positive"
"477298587454283776	positive"
"477386655746109440	positive"
"477386292708143105	positive"
"477503260174327808	negative"
"476362983128322049	negative"
"477501294433689601	positive"
"477178591000551424	neutral"
"477046395900534784	neutral"
"476100370713022465	neutral"
"477186895416270849	positive"
"477030567121543169	positive"
"477153622371745793	positive"
"477180886375333889	positive"
"477031658924032000	neutral"
"477046446680973312	neutral"
"477083880781258752	positive"
"476405747039756290	neutral"
"477251983489773568	positive"
"477206582649184257	negative"
"477501389904416769	negative"
"477178492602552320	neutral"
"476270649061953536	neutral"
"476457047236816896	positive"
"477409521002745857	neutral"
"477186447179407361	positive"
"476075573270171648	positive"
"477134152484257793	neutral"
"477444952092577792	positive"
"477190532872273920	positive"
"476455152837472256	neutral"
"477203010985414657	negative"
"477186504297431041	negative"
"477169884129144832	positive"
"477133276512268288	neutral"
"477169635469832192	negative"
"477351199294103552	neutral"
"477187045493051392	positive"
"477464802256633857	neutral"
"477186578649866240	positive"
"477178433051455489	positive"
"477153520991600640	negative"
"477478715413114880	positive"
"477186550208290816	neutral"
"477186501931839488	positive"
"477178777277972480	positive"
"477181385463971840	positive"
"477182183745286144	negative"
"477009568342757376	neutral"
"477477512004775936	negative"
"477144275499876353	positive"
"477200302253568000	neutral"
"477355036042067968	negative"
"477213752442773505	negative"
"476070447784927232	neutral"
"477060158418604032	neutral"
"477446745857986561	neutral"
"476664379732013058	positive"
"477133249857462272	neutral"
"477181782706507777	neutral"
"477230400839094272	negative"
"476714063163293696	negative"
"477477364645892096	neutral"
"476759366193135616	positive"
"477181393110188032	neutral"
"477134610477101057	neutral"
"477202528489058305	positive"
"477414626406060034	positive"
"477202519928881154	positive"
"477486089058254849	negative"
"477203253411602432	positive"
"477202028746125313	negative"
"477202964491141120	neutral"
"476098501567598592	neutral"
"477186704344743937	positive"
"477009251416948736	negative"
"477165563081674752	negative"
"477178362847592448	negative"
"477178409941229568	neutral"
"477182305530703874	negative"
"477178443097186305	neutral"
"477181480729194497	positive"
"476662585350455296	positive"
"476821167442235392	positive"
"477446920751689729	negative"
"477142847901007873	positive"
"476081805200994304	neutral"
"477181056752164865	neutral"
"477178717685293057	positive"
"477178837793386496	positive"
"477440935954247680	positive"
"476713968263004160	positive"
"476453961101496320	neutral"
"477017397837045761	neutral"
"477071791861821440	neutral"
"477354417751343104	positive"
"477181973849321473	positive"
"477169911484018688	negative"
"477033092558114818	positive"
"477501817400868864	negative"
"477202518124937218	positive"
"476095058148474880	positive"
"477502655678279680	positive"
"476100429487808512	neutral"
"477143038113112065	neutral"
"477180848727261184	neutral"
"477182049129074688	positive"
"477358704631623681	neutral"
"477202607870861313	positive"
"477059671275364354	neutral"
"477178620599738369	positive"
"476405765142749184	positive"
"477154079307993089	neutral"
"477206588223000577	negative"
"477009215400448000	neutral"
"476515509966348288	neutral"
"477155383338102784	neutral"
"477181831129747457	negative"
"477441929878044672	neutral"
"477169902693146625	positive"
"477350489395167232	positive"
"477182082217938946	negative"
"477058650960166913	neutral"
"477181196447666178	neutral"
"476358033975414784	positive"
"477485452329758720	positive"
"476083390735982592	negative"
"476607279341772801	positive"
"477190638744530946	positive"
"477132018392657920	negative"
"476662115889979393	positive"
"477161396711346176	positive"
"477485111357612033	positive"
"476589847550132230	positive"
"477251985859567617	positive"
"477101586507120641	positive"
"477017063538835456	positive"
"477384722037743616	neutral"
"477493061040087041	negative"
"477208289470865408	positive"
"477010151220604929	positive"
"477213228666482689	negative"
"477184287460966400	negative"
"477252584365768705	negative"
"477181848301211649	positive"
"477194582472421378	negative"
"476408534687420417	neutral"
"477417282935611392	positive"
"477350614146363394	positive"
"477061225231450112	negative"
"476716925889024001	neutral"
"477181624539295744	positive"
"477181933492113408	negative"
"477411343318777856	positive"
"477070971392634881	neutral"
"477154259554021376	positive"
"477485477692321792	negative"
"477153801020121088	negative"
"477492651113984000	negative"
"476795045958656000	positive"
"476717835519922177	positive"
"477110219257180160	positive"
"477464374190551040	neutral"
"477186471955558400	positive"
"477031354505629696	positive"
"477182236458885120	positive"
"477033530275295232	neutral"
"477061533013647360	neutral"
"477178535786717184	positive"
"477181276227502080	negative"
"477438397905395712	negative"
"477153734535811072	positive"
"476455863247335424	positive"
"476457342452899841	neutral"
"477132223414431744	neutral"
"477182212463689729	positive"
"477203128840777728	negative"
"477501913332588544	positive"
"477072629942464512	positive"
"476664776823562240	neutral"
"477208002324627457	positive"
"477178340013793280	neutral"
"477012999342161920	negative"
"476407331350384640	positive"
"477181878605463552	negative"
"477186469384036352	neutral"
"477014187323822080	neutral"
"477057626485035008	neutral"
"477082499265617920	positive"
"476667623048896513	positive"
"477199565464956928	neutral"
"477158200350113792	negative"
"477484464982204417	negative"
"477111469981462529	positive"
"477203032539537411	positive"
"477181554037653504	neutral"
"477484471894016002	positive"
"476795124249550848	neutral"
"477133949404053504	positive"
"477206569998761984	positive"
"477113977030193152	positive"
"477200482243334145	neutral"
"476452901762519042	neutral"
"477190740414849025	negative"
"477416237274636289	positive"
"477060547683553280	neutral"
"476459814131085313	negative"
"476822939350749184	positive"
"477181764713332736	positive"
"477143042185379841	neutral"
"477409209395326976	neutral"
"477186676440047616	neutral"
"477440875597799424	neutral"
"477203292465156096	positive"
"477011163574591488	neutral"
"477178847897473024	positive"
"477178811583569921	negative"
"477181885911932928	positive"
"477502765296402433	neutral"
"477252195306713089	positive"
"476456008370638848	neutral"
"477113010268278785	neutral"
"477441785174966272	positive"
"477202737898078209	positive"
"477177077096263681	neutral"
"476832484177739777	positive"
"476289094277140480	neutral"
"476604340782637057	positive"
"477477849449111552	negative"
"477206535752671232	positive"
"477011700575895552	positive"
"477082286001643520	positive"
"477114305541050368	positive"
"477186414749048832	positive"
"477186773039058945	neutral"
"477134040831512576	neutral"
"477186770853847041	positive"
"477184179000868864	positive"
"477170008670633984	positive"
"476076167221751808	positive"
"477184256746070016	positive"
"477501346271076354	positive"
"477447058866315264	positive"
"477182221691125761	positive"
"476051756414406657	positive"
"477186520437506048	neutral"
"477199982786002944	neutral"
"477093274164142080	positive"
"477072045902413824	neutral"
"477442968215764995	positive"
"477215190979977216	neutral"
"477010086276366337	positive"
"477033757992816640	neutral"
"477131815442857986	neutral"
"477182100719026176	positive"
"476065661970833408	positive"
"477009723938844672	neutral"
"477181450769661952	negative"
"477034810775732224	negative"
"477182344252891136	neutral"
"477181057977298944	negative"
"476602198475177984	neutral"
"477206552144007168	negative"
"477154341988495361	positive"
"477184405078032384	positive"
"477501610407366658	positive"
"477110553320902657	neutral"
"477184355886850048	neutral"
"476360665360121856	neutral"
"477203291588554752	positive"
"476596083968471040	negative"
"477112191217573888	negative"
"476059459119489024	negative"
"477411197566742529	neutral"
"477177084138106881	positive"
"477181693728534528	neutral"
"477186553639612417	positive"
"476286028794568705	positive"
"477478452472201216	positive"
"477057421152882689	neutral"
"477033187122880512	positive"
"477034574070173696	negative"
"477213530807353344	negative"
"477174192950231040	positive"
"477194849880268803	neutral"
"477072264777580544	neutral"
"476415405536182273	positive"
"476591086115512321	neutral"
"477154789893996546	positive"
"477169955339632640	neutral"
"477102289358815232	neutral"
"477182031726526467	positive"
"477182269044432897	neutral"
"477436787741052928	neutral"
"477486719898759168	positive"
"477182047388442625	positive"
"477180525644238848	positive"
"477113951273373697	neutral"
"477190563461337088	negative"
"477182048772567040	negative"
"477413533752102912	neutral"
"477059771795644417	neutral"
"476603702460301312	neutral"
"477154447173640192	negative"
"477501721355509760	positive"
"477174040118165506	neutral"
"477154820722143232	positive"
"476663274898206720	negative"
"476661447498670080	negative"
"477085019463483392	positive"
"477178518900862977	positive"
"477214224943702016	positive"
"477165768577392640	positive"
"477181295512915968	neutral"
"476605025095909376	neutral"
"477153399621046272	positive"
"477113051540627457	positive"
"477486879164481537	neutral"
"477084192099270656	positive"
"477083321185222657	neutral"
"477181332561215488	neutral"
"477131960104796160	neutral"
"477153956452646913	negative"
"476830487580012544	positive"
"477154384845893633	neutral"
"477184060750843904	neutral"
"477199720759439360	negative"
"477165971740712961	neutral"
"477479358622232576	positive"
"477194183569338368	neutral"
"477484940117155841	positive"
"477186671981518848	neutral"
"477384663791448065	positive"
"477114722269921280	negative"
"477186734242144256	positive"
"476090035205586944	positive"
"477133395000975360	negative"
"477109929535610880	negative"
"476047547199655938	neutral"
"477170024114057216	neutral"
"477011721429983232	negative"
"477181908271763456	positive"
"477412733093441536	neutral"
"477275969573490688	positive"
"477181739664539649	neutral"
"477034461155323904	neutral"
"477486485659467776	neutral"
"477154363115593728	negative"
"477182242880372737	neutral"
"477083156525244417	neutral"
"477178709732884480	positive"
"477014900473335808	positive"
"477158196952317953	neutral"
"477180671379533824	positive"
"477202557387800576	negative"
"477010412874256384	positive"
"477492642280775683	neutral"
"477154394602225664	positive"
"477178869716238336	neutral"
"477161307880566784	neutral"
"477031463876325376	positive"
"477158269711306753	positive"
"477208152832618497	positive"
"477181790541873153	positive"
"477186416578138113	negative"
"477202073768181760	negative"
"476080545437585408	positive"
"476057666377105411	neutral"
"477072275276304385	neutral"
"477161889256841216	negative"
"477352019003330560	positive"
"477013889713197056	negative"
"477101842011533312	negative"
"477186617334308865	positive"
"477502926277980160	neutral"
"477206519797530624	neutral"
"477478166328770561	positive"
"476359386600722432	positive"
"477083099176923136	positive"
"476046633025556480	positive"
"476087722923528193	neutral"
"477178765903028225	positive"
"477012946967482368	neutral"
"477154933368954881	neutral"
"477161546028564480	positive"
"476082753243332609	negative"
"477439079127068672	neutral"
"477180878289113088	neutral"
"477015171991232512	neutral"
"477213787343581184	neutral"
"477182180171735041	neutral"
"476287412021501952	neutral"
"476456395978850304	neutral"
"477178655605784577	negative"
"477203010423369728	positive"
"477190668238856192	neutral"
"477440718546300929	neutral"
"477133431856709632	negative"
"477113454420303872	positive"
"477134798293852160	positive"
"477200571661692928	positive"
"477182347314339841	neutral"
"477190897721823232	neutral"
"477057863601631232	positive"
"477016669823709185	neutral"
"477154976536330240	positive"
"477186874205675521	neutral"
"477487304999964672	negative"
"477060012506767361	neutral"
"476357879122112512	neutral"
"477114091228921856	positive"
"477415992357027840	neutral"
"477009887944519680	neutral"
"476191087459958785	neutral"
"476796025915867136	neutral"
"477194099036917760	neutral"
"477186718647328768	positive"
"477200311895879680	positive"
"477180560607956992	positive"
"477356348242264064	positive"
"477181743544283136	positive"
"477484151788945409	neutral"
"477182162702458880	positive"
"477412994461487104	positive"
"477181351196917760	neutral"
"477155505623019520	neutral"
"477199616903888896	neutral"
"476512329383694336	positive"
"477153731805339648	positive"
"477386269849575424	neutral"
"477112013215514624	positive"
"477502034661240832	negative"
"477187014836908034	negative"
"477182129097297920	neutral"
"477186442716672000	positive"
"477111010399363072	positive"
"477178609749467138	positive"
"476063512415178752	positive"
"477154979988635649	positive"
"476758593174126592	neutral"
"476358933045841920	negative"
"477165939583377408	positive"
"477178556959567873	neutral"
"477033000879001600	neutral"
"477132839457390592	positive"
"477060903792562176	neutral"
"477034857164722176	neutral"
"476822723575152642	neutral"
"477134240220319744	negative"
"477274352467996673	negative"
"477355941252186113	neutral"
"477484554585116672	negative"
"477438247145324544	negative"
"477411239749222400	positive"
"477200234565488640	negative"
"477200006710321152	negative"
"477324187288076288	positive"
"477155061169410048	neutral"
"477178636949540864	positive"
"477180347235323904	positive"
"477478878609293313	negative"
"476066985391161344	negative"
"477436926958387200	positive"
"477178392031559680	positive"
"477143756420812800	neutral"
"477011888358686721	neutral"
"477501396757913600	positive"
"477180228453040129	neutral"
"477181459133120512	positive"
"476828846109765632	positive"
"477503432463376384	neutral"
"476077097711308800	positive"
"476713016457953280	positive"
"477202048564215809	neutral"
"476068830452932608	neutral"
"477502686833942528	negative"
"477180805471825920	positive"
"477202183931584512	negative"
"477184330117414912	positive"
"477190787277787137	neutral"
"477409742625587201	neutral"
"476100146825281536	neutral"
"477181960402370560	positive"
"477484227655524353	negative"
"477214617748271104	neutral"
"477493055789211648	neutral"
"477437300440174593	positive"
"477071238742171648	neutral"
"477181315901452288	neutral"
"476830916200108032	positive"
"477071022013706240	positive"
"477417899770925056	neutral"
"477187022419791873	positive"
"477200104814698498	negative"
"477169617077809152	positive"
"477200393534210048	neutral"
"477200307579940864	negative"
"477186538863095810	positive"
"476079543900704768	positive"
"477502445799870464	positive"
"477410200400703488	positive"
"477298587454283776	neutral"
"477386655746109440	positive"
"477386292708143105	positive"
"477503260174327808	negative"
"476362983128322049	positive"
"477501294433689601	positive"
"477178591000551424	positive"
"477046395900534784	positive"
"476100370713022465	neutral"
"477186895416270849	neutral"
"477030567121543169	neutral"
"477153622371745793	positive"
"477180886375333889	positive"
"477031658924032000	positive"
"477046446680973312	neutral"
"477083880781258752	neutral"
"476405747039756290	positive"
"477251983489773568	neutral"
"477206582649184257	positive"
"477501389904416769	negative"
"477178492602552320	neutral"
"476270649061953536	neutral"
"476457047236816896	positive"
"477409521002745857	neutral"
"477186447179407361	neutral"
"476075573270171648	positive"
"477134152484257793	neutral"
"477444952092577792	neutral"
"477190532872273920	neutral"
"476455152837472256	neutral"
"477203010985414657	positive"
"477186504297431041	negative"
"477169884129144832	positive"
"477133276512268288	neutral"
"477169635469832192	positive"
"477351199294103552	neutral"
"477187045493051392	positive"
"477464802256633857	neutral"
"477186578649866240	negative"
"477178433051455489	positive"
"477153520991600640	positive"
"477478715413114880	positive"
"477186550208290816	positive"
"477186501931839488	positive"
"477178777277972480	positive"
"477181385463971840	positive"
"477182183745286144	negative"
"477009568342757376	neutral"
"477477512004775936	negative"
"477144275499876353	neutral"
"477200302253568000	neutral"
"477355036042067968	negative"
"477213752442773505	neutral"
"476070447784927232	positive"
"477060158418604032	positive"
"477446745857986561	neutral"
"476664379732013058	positive"
"477133249857462272	positive"
"477181782706507777	negative"
"477230400839094272	negative"
"476714063163293696	neutral"
"477477364645892096	neutral"
"476759366193135616	positive"
"477181393110188032	negative"
"477134610477101057	positive"
"477202528489058305	positive"
"477414626406060034	positive"
"477202519928881154	positive"
"477486089058254849	positive"
"477203253411602432	negative"
"477202028746125313	negative"
"477202964491141120	neutral"
"476098501567598592	positive"
"477186704344743937	positive"
"477009251416948736	positive"
"477165563081674752	positive"
"477178362847592448	positive"
"477178409941229568	neutral"
"477182305530703874	negative"
"477178443097186305	positive"
"477181480729194497	neutral"
"476662585350455296	neutral"
"476821167442235392	negative"
"477446920751689729	negative"
"477142847901007873	positive"
"476081805200994304	neutral"
"477181056752164865	positive"
"477178717685293057	positive"
"477178837793386496	positive"
"477440935954247680	positive"
"476713968263004160	neutral"
"476453961101496320	positive"
"477017397837045761	neutral"
"477071791861821440	negative"
"477354417751343104	positive"
"477181973849321473	positive"
"477169911484018688	negative"
"477033092558114818	positive"
"477501817400868864	positive"
"477202518124937218	positive"
"476095058148474880	neutral"
"477502655678279680	neutral"
"476100429487808512	neutral"
"477143038113112065	neutral"
"477180848727261184	neutral"
"477182049129074688	neutral"
"477358704631623681	negative"
"477202607870861313	negative"
"477059671275364354	positive"
"477178620599738369	positive"
"476405765142749184	positive"
"477154079307993089	neutral"
"477206588223000577	negative"
"477009215400448000	neutral"
"476515509966348288	neutral"
"477155383338102784	neutral"
"477181831129747457	positive"
"477441929878044672	neutral"
"477169902693146625	positive"
"477350489395167232	negative"
"477182082217938946	positive"
"477058650960166913	positive"
"477181196447666178	neutral"
"476358033975414784	positive"
"477485452329758720	neutral"
"476083390735982592	negative"
"476607279341772801	neutral"
"477190638744530946	positive"
"477132018392657920	negative"
"476662115889979393	neutral"
"477161396711346176	neutral"
"477485111357612033	positive"
"476589847550132230	neutral"
"477251985859567617	positive"
"477101586507120641	neutral"
"477017063538835456	neutral"
"477384722037743616	positive"
"477493061040087041	negative"
"477208289470865408	positive"
"477010151220604929	positive"
"477213228666482689	negative"
"477184287460966400	negative"
"477252584365768705	negative"
"477181848301211649	positive"
"477194582472421378	neutral"
"476408534687420417	neutral"
"477417282935611392	positive"
"477350614146363394	positive"
"477061225231450112	positive"
"476716925889024001	neutral"
"477181624539295744	neutral"
"477181933492113408	negative"
"477411343318777856	positive"
"477070971392634881	positive"
"477154259554021376	neutral"
"477485477692321792	negative"
"477153801020121088	negative"
"477492651113984000	positive"
"476795045958656000	positive"
"476717835519922177	neutral"
"477110219257180160	positive"
"477464374190551040	neutral"
"477186471955558400	positive"
"477031354505629696	positive"
"477182236458885120	positive"
"477033530275295232	neutral"
"477061533013647360	neutral"
"477178535786717184	positive"
"477181276227502080	negative"
"477438397905395712	negative"
"477153734535811072	neutral"
"476455863247335424	positive"
"476457342452899841	neutral"
"477132223414431744	neutral"
"477182212463689729	positive"
"477203128840777728	negative"
"477501913332588544	positive"
"477072629942464512	positive"
"476664776823562240	negative"
"477208002324627457	neutral"
"477178340013793280	neutral"
"477012999342161920	negative"
"476407331350384640	positive"
"477181878605463552	negative"
"477186469384036352	neutral"
"477014187323822080	neutral"
"477057626485035008	positive"
"477082499265617920	neutral"
"476667623048896513	positive"
"477199565464956928	negative"
"477158200350113792	neutral"
"477484464982204417	neutral"
"477111469981462529	positive"
"477203032539537411	neutral"
"477181554037653504	negative"
"477484471894016002	positive"
"476795124249550848	positive"
"477133949404053504	positive"
"477206569998761984	neutral"
"477113977030193152	positive"
"477200482243334145	neutral"
"476452901762519042	neutral"
"477190740414849025	negative"
"477416237274636289	neutral"
"477060547683553280	neutral"
"476459814131085313	negative"
"476822939350749184	positive"
"477181764713332736	positive"
"477143042185379841	positive"
"477409209395326976	neutral"
"477186676440047616	neutral"
"477440875597799424	positive"
"477203292465156096	positive"
"477011163574591488	neutral"
"477178847897473024	positive"
"477178811583569921	negative"
"477181885911932928	neutral"
"477502765296402433	neutral"
"477252195306713089	neutral"
"476456008370638848	positive"
"477113010268278785	neutral"
"477441785174966272	positive"
"477202737898078209	negative"
"477177077096263681	neutral"
"476832484177739777	neutral"
"476289094277140480	neutral"
"476604340782637057	positive"
"477477849449111552	negative"
"477206535752671232	positive"
"477011700575895552	neutral"
"477082286001643520	neutral"
"477114305541050368	neutral"
"477186414749048832	positive"
"477186773039058945	negative"
"477134040831512576	neutral"
"477186770853847041	positive"
"477184179000868864	negative"
"477170008670633984	negative"
"476076167221751808	positive"
"477184256746070016	positive"
"477501346271076354	positive"
"477447058866315264	neutral"
"477182221691125761	positive"
"476051756414406657	neutral"
"477186520437506048	neutral"
"477199982786002944	neutral"
"477093274164142080	neutral"
"477072045902413824	neutral"
"477442968215764995	neutral"
"477215190979977216	positive"
"477010086276366337	positive"
"477033757992816640	positive"
"477131815442857986	neutral"
"477182100719026176	positive"
"476065661970833408	positive"
"477009723938844672	neutral"
"477181450769661952	negative"
"477034810775732224	negative"
"477182344252891136	negative"
"477181057977298944	negative"
"476602198475177984	positive"
"477206552144007168	negative"
"477154341988495361	positive"
"477184405078032384	positive"
"477501610407366658	positive"
"477110553320902657	positive"
"477184355886850048	neutral"
"476360665360121856	neutral"
"477203291588554752	positive"
"476596083968471040	neutral"
"477112191217573888	neutral"
"476059459119489024	positive"
"477411197566742529	neutral"
"477177084138106881	positive"
"477181693728534528	positive"
"477186553639612417	positive"
"476286028794568705	neutral"
"477478452472201216	positive"
"477057421152882689	positive"
"477033187122880512	positive"
"477034574070173696	neutral"
"477213530807353344	negative"
"477174192950231040	negative"
"477194849880268803	negative"
"477072264777580544	positive"
"476415405536182273	positive"
"476591086115512321	neutral"
"477154789893996546	positive"
"477154475350958081	positive"
"477180770055102464	negative"
"477186884364685312	positive"
"477012444267958272	positive"
"477154825906315264	positive"
"477501075704913920	positive"
"477202169095925761	positive"
"477133284858535936	neutral"
"477190288503341056	neutral"
"476822487825911808	positive"
"477178662736105472	positive"
"477072438933872642	positive"
"477438052923498497	positive"
"477414445044752384	neutral"
"477184059395678209	positive"
"477442740234768384	positive"
"477158229504704513	negative"
"477186491102150656	positive"
"477112134891868161	neutral"
"477202119796072449	negative"
"477181065782505473	neutral"
"477181476296200192	negative"
"477186759517044736	positive"
"477083014707818496	positive"
"477357765317234688	neutral"
"477181923966861312	negative"
"476661599684395008	neutral"
"476604780782321664	neutral"
"477384847065763840	neutral"
"477194516198211585	neutral"
"477298411847180288	neutral"
"477486224148819968	negative"
"477178622638161920	neutral"
"477186672011264001	negative"
"477015853154975744	positive"
"477155014818140162	positive"
"476062497196085248	positive"
"477479385696845825	neutral"
"477351723669807104	negative"
"477181735269322752	neutral"
"477487049688481792	neutral"
"477031282992349185	positive"
"477182259313651712	positive"
"477384560410243072	negative"
"477386663690108928	positive"
"477386341815431168	neutral"
"477134503970738177	positive"
"477442808035307524	neutral"
"477161864376233986	positive"
"477181806601850884	negative"
"477112526367649792	positive"
"477154413610795008	positive"
"477187198874583040	positive"
"477161351627165696	negative"
"477184091012345856	negative"
"477478214885834752	positive"
"477202760266698752	neutral"
"476823074466037760	neutral"
"477082053721456640	neutral"
"477187080246681600	positive"
"477202154587828224	positive"
"477186403676459011	positive"
"477484301580115970	neutral"
"477202945147437056	negative"
"477059963123412993	positive"
"477016546058203136	positive"
"477133674606264320	neutral"
"477503198928703488	neutral"
"477199587992956929	neutral"
"477161321268781057	positive"
"476068903580229632	neutral"
"477180194143232000	positive"
"477181790244052993	positive"
"477215236442054657	negative"
"477182359381344259	positive"
"477355629036961792	positive"
"477056940556972032	positive"
"476091984873275395	positive"
"477501983390044161	neutral"
"477200283282722816	negative"
"477214546277306368	positive"
